Name,Class,Age_Group,Nationality,Event,Year,Run_One,Ski_Erg,Run_Two,Sled_Push,Run_Three,Sled_Pull,Run_Four,BBJ,Run_Five,Row_Erg,Run_Six,Farmers_Carry,Run_Seven,Lunges,Run_Eight,Wall_Balls,Rox_zone,Total_Running_Time,Total_Workout_Time,Total_Race_Time,Running_Spread,Sled_Push_Pull_Ratio
ivana-terzic,HYROX DOUBLES MIXED,35-39,,Athens,2026,4.333333333333333,3.533333333333333,3.466666666666667,1.65,3.583333333333333,2.4,3.633333333333333,2.85,3.65,3.966666666666667,3.6,1.3833333333333333,3.75,2.5166666666666666,3.733333333333333,3.4,4.333333333333333,29.75,21.7,55.78333333333333,0.19999999999999993,0.6875
rafal-wajda,HYROX DOUBLES MIXED,30-34,,Athens,2026,4.416666666666667,3.75,3.7666666666666666,1.7,4.083333333333333,2.9166666666666665,3.983333333333333,2.316666666666667,4.016666666666667,4.116666666666666,3.966666666666667,1.5,4.033333333333333,2.283333333333333,3.933333333333333,3.3833333333333333,4.716666666666667,32.199999999999996,21.96666666666667,58.88333333333333,0.1471698113207548,0.5828571428571429
irene-aresti,HYROX DOUBLES MIXED,30-34,,Athens,2026,4.6,3.95,3.7666666666666666,1.85,3.966666666666667,2.783333333333333,3.9166666666666665,2.6,3.9,4.283333333333333,3.933333333333333,1.6166666666666667,4.0,2.7333333333333334,3.95,3.4833333333333334,4.8,32.03333333333333,23.3,60.13333333333333,0.18115942028985502,0.6646706586826348
sinem-kaya,HYROX DOUBLES MIXED,25-29,,Athens,2026,4.683333333333334,3.8666666666666663,4.05,1.6166666666666667,4.166666666666667,2.8666666666666667,4.116666666666666,2.3833333333333333,4.35,4.083333333333333,4.366666666666666,1.4166666666666667,4.516666666666667,2.8,4.25,3.75,5.05,34.5,22.783333333333335,62.33333333333333,0.13523131672597874,0.563953488372093
audrey-bouquet,HYROX DOUBLES MIXED,16-24,,Athens,2026,5.2,4.016666666666667,4.1,1.7666666666666666,4.183333333333334,2.9833333333333334,4.266666666666667,3.0,4.166666666666667,4.35,4.233333333333333,1.6,4.266666666666667,3.0,4.2,3.583333333333333,5.416666666666667,34.61666666666667,24.3,64.33333333333334,0.21153846153846165,0.5921787709497206
jana-cuninkova,HYROX DOUBLES MIXED,35-39,,Athens,2026,4.95,4.133333333333334,4.483333333333333,2.0,4.683333333333334,2.966666666666667,4.666666666666667,2.566666666666667,4.466666666666667,4.25,4.583333333333333,1.7,4.35,2.7666666666666666,4.366666666666666,3.566666666666667,5.05,36.55,23.95,65.55000000000001,0.12121212121212131,0.6741573033707865
brynja-eir-thorsdottir,HYROX DOUBLES MIXED,40-44,,Athens,2026,5.616666666666666,3.85,4.65,1.6833333333333331,4.75,3.1,4.683333333333334,2.4833333333333334,4.616666666666666,4.233333333333333,4.633333333333334,1.7,4.633333333333334,2.9833333333333334,4.583333333333333,3.65,5.033333333333333,38.16666666666667,23.683333333333334,66.88333333333334,0.18397626112759644,0.543010752688172
sotiris-koupis,HYROX DOUBLES MIXED,30-34,,Athens,2026,5.366666666666666,3.95,4.516666666666667,1.7333333333333334,4.616666666666666,2.9166666666666665,4.65,2.4833333333333334,4.616666666666666,4.333333333333333,4.533333333333333,2.066666666666667,4.8,2.9,4.6,3.566666666666667,6.066666666666666,37.699999999999996,23.949999999999996,67.71666666666667,0.1583850931677018,0.5942857142857143
marc-jovanovic,HYROX DOUBLES MIXED,35-39,,Athens,2026,5.033333333333333,4.116666666666666,4.416666666666667,1.9166666666666667,4.65,2.6333333333333333,4.566666666666666,3.85,4.616666666666666,4.55,4.633333333333334,1.5,4.666666666666667,2.933333333333333,4.783333333333333,3.7,6.433333333333334,37.36666666666666,25.2,68.99999999999999,0.12251655629139065,0.7278481012658228
chrysoula-salomidou,HYROX DOUBLES MIXED,25-29,,Athens,2026,5.616666666666666,4.333333333333333,4.7,1.8333333333333333,4.75,3.283333333333333,4.85,2.216666666666667,4.966666666666667,4.266666666666667,4.916666666666667,1.75,5.016666666666667,3.2,4.766666666666667,3.75,6.0,39.583333333333336,24.633333333333333,70.21666666666667,0.16320474777448063,0.5583756345177665
asiye-kocabiyik,HYROX DOUBLES MIXED,30-34,,Athens,2026,5.316666666666666,4.233333333333333,4.5,2.183333333333333,4.716666666666667,3.6,4.7,2.8833333333333333,5.0,4.55,4.816666666666666,1.6833333333333331,4.916666666666667,3.083333333333333,4.783333333333333,4.0,6.283333333333333,38.75,26.216666666666665,71.25,0.15360501567398116,0.6064814814814814
ludovic-bousquet,HYROX DOUBLES MIXED,25-29,,Athens,2026,5.2,4.133333333333334,4.65,1.8166666666666669,4.916666666666667,3.3833333333333333,5.1,3.1166666666666667,4.883333333333334,4.433333333333334,4.966666666666667,1.7,4.9,3.566666666666667,4.916666666666667,3.6166666666666663,7.066666666666666,39.53333333333333,25.766666666666666,72.36666666666667,0.10576923076923073,0.5369458128078819
vasiliki-maria-vlasi,HYROX DOUBLES MIXED,25-29,,Athens,2026,5.583333333333333,4.1,4.7,1.9,5.05,3.55,4.95,3.3833333333333333,5.183333333333334,4.433333333333334,5.0,1.75,5.233333333333333,3.85,4.85,4.05,5.5,40.55,27.01666666666667,73.06666666666666,0.1582089552238805,0.5352112676056338
stavros-mpimpas,HYROX DOUBLES MIXED,25-29,,Athens,2026,5.25,4.033333333333333,5.15,1.75,5.233333333333333,3.4833333333333334,5.1,2.5,5.466666666666667,4.65,5.1,1.65,5.05,3.5166666666666666,4.883333333333334,4.0,6.766666666666667,41.233333333333334,25.58333333333333,73.58333333333333,0.10670731707317067,0.5023923444976076
simone-romitelli,HYROX DOUBLES MIXED,25-29,,Athens,2026,5.95,4.066666666666666,5.016666666666667,1.8833333333333333,5.266666666666667,3.65,5.216666666666667,2.9,5.033333333333333,4.5,5.15,1.7833333333333334,4.633333333333334,3.4833333333333334,5.083333333333333,4.633333333333334,6.166666666666667,41.35,26.900000000000002,74.41666666666667,0.22128851540616243,0.5159817351598174
patrick-bieber,HYROX DOUBLES MIXED,30-34,,Athens,2026,5.583333333333333,4.316666666666666,4.483333333333333,1.45,4.85,3.883333333333333,4.8,3.6666666666666665,5.116666666666666,4.683333333333334,4.95,1.6,5.0,3.783333333333333,5.083333333333333,4.65,7.283333333333333,39.86666666666667,28.03333333333333,75.18333333333334,0.19701492537313428,0.3733905579399142
matthieu-jouglet,HYROX DOUBLES MIXED,25-29,,Athens,2026,5.316666666666666,4.033333333333333,7.15,1.8833333333333333,5.4,2.783333333333333,5.266666666666667,3.3833333333333333,5.55,4.233333333333333,4.983333333333333,1.7333333333333334,5.45,3.2,5.116666666666666,3.65,6.716666666666667,44.233333333333334,24.9,75.85000000000001,0.30303030303030304,0.6766467065868264
theresa-maria-fitz,HYROX DOUBLES MIXED,30-34,,Athens,2026,6.116666666666666,3.9166666666666665,4.95,2.65,5.266666666666667,0.95,5.2,3.0,5.633333333333334,4.266666666666667,5.55,1.7833333333333334,5.733333333333333,3.6,5.3,3.8333333333333335,9.066666666666666,43.74999999999999,24.0,76.81666666666665,0.1907356948228882,2.7894736842105265
havard-vallestad,HYROX DOUBLES MIXED,25-29,,Athens,2026,6.183333333333334,4.3,5.083333333333333,2.4,5.183333333333334,4.066666666666666,5.15,3.3,5.366666666666666,4.516666666666667,5.3,1.6,5.5,3.95,5.416666666666667,3.883333333333333,6.233333333333333,43.18333333333333,28.016666666666666,77.43333333333332,0.1778975741239893,0.5901639344262295
anna-lommetz,HYROX DOUBLES MIXED,35-39,,Athens,2026,6.383333333333334,4.366666666666666,5.416666666666667,2.2666666666666666,5.6,3.7666666666666666,5.45,3.033333333333333,5.466666666666667,4.616666666666666,5.616666666666666,1.9333333333333331,5.166666666666667,3.55,5.1,3.7666666666666666,6.933333333333334,44.199999999999996,27.299999999999997,78.43333333333332,0.20104438642297662,0.6017699115044248
vasili-natsinas,HYROX DOUBLES MIXED,40-44,,Athens,2026,6.333333333333333,4.083333333333333,5.266666666666667,1.6333333333333333,5.6,2.716666666666667,5.7,3.0,6.15,4.616666666666666,5.75,1.65,6.083333333333333,3.083333333333333,6.1,4.3,7.033333333333333,46.983333333333334,25.083333333333332,79.1,0.16842105263157892,0.6012269938650306
vasiliki-noka,HYROX DOUBLES MIXED,40-44,,Athens,2026,6.15,4.416666666666667,5.133333333333334,2.3,5.4,5.216666666666667,5.233333333333333,3.783333333333333,5.316666666666666,4.816666666666666,5.45,1.95,5.583333333333333,4.083333333333333,5.466666666666667,4.433333333333334,5.966666666666667,43.73333333333334,30.999999999999996,80.7,0.16531165311653115,0.4408945686900958
benoit-rostren,HYROX DOUBLES MIXED,30-34,,Athens,2026,7.1,4.566666666666666,5.416666666666667,2.066666666666667,5.616666666666666,3.95,5.433333333333334,3.75,5.433333333333334,4.766666666666667,5.25,1.9333333333333331,5.166666666666667,4.066666666666666,5.333333333333333,4.183333333333334,7.516666666666667,44.75,29.28333333333333,81.55,0.272300469483568,0.5232067510548524
lukas-daniel-soucek,HYROX DOUBLES MIXED,16-24,,Athens,2026,5.8,3.983333333333333,5.116666666666666,2.316666666666667,5.4,2.6333333333333333,5.533333333333333,3.9166666666666665,5.783333333333333,4.2,5.333333333333333,1.9166666666666667,5.366666666666666,5.166666666666667,5.5,4.616666666666666,9.766666666666667,43.833333333333336,28.750000000000004,82.35,0.11781609195402304,0.8797468354430381
theodoros-thiseas-theodoridis,HYROX DOUBLES MIXED,30-34,,Athens,2026,6.95,4.216666666666667,5.4,2.066666666666667,5.616666666666666,3.466666666666667,5.7,4.516666666666667,5.516666666666667,4.916666666666667,5.4,1.6666666666666667,5.216666666666667,5.2,5.55,4.25,7.416666666666667,45.35,30.3,83.06666666666669,0.24940047961630696,0.5961538461538461
vasilis-xalikias,HYROX DOUBLES MIXED,45-49,,Athens,2026,6.716666666666667,4.3,5.466666666666667,2.083333333333333,5.883333333333334,3.9,5.516666666666667,3.633333333333333,5.55,4.95,5.433333333333334,2.2,5.516666666666667,4.9,6.333333333333333,4.266666666666667,7.383333333333334,46.416666666666664,30.233333333333334,84.03333333333335,0.1910669975186104,0.5341880341880342
coraline-lorenzati,HYROX DOUBLES MIXED,25-29,,Athens,2026,7.533333333333333,4.8,5.916666666666667,2.333333333333333,6.166666666666667,3.8666666666666663,5.983333333333333,3.633333333333333,5.783333333333333,4.75,5.783333333333333,1.7333333333333334,5.7,4.75,5.716666666666667,4.7,6.583333333333333,48.583333333333336,30.566666666666666,85.73333333333333,0.24336283185840704,0.603448275862069
tetsuichi-kimishima,HYROX DOUBLES MIXED,35-39,,Athens,2026,6.183333333333334,4.183333333333334,6.033333333333333,2.433333333333333,5.95,3.683333333333333,5.95,3.216666666666667,6.083333333333333,4.716666666666667,6.25,2.0166666666666666,6.05,3.883333333333333,5.933333333333334,4.483333333333333,9.366666666666667,48.43333333333334,28.616666666666667,86.41666666666666,0.05066666666666663,0.6606334841628959
nikolaos-zacharodimos,HYROX DOUBLES MIXED,30-34,,Athens,2026,6.366666666666666,4.15,5.75,1.9,5.866666666666666,3.1,6.05,2.9,8.75,4.533333333333333,6.15,1.6166666666666667,5.833333333333333,3.75,8.7,4.15,8.466666666666667,53.46666666666667,26.1,88.03333333333333,0.34285714285714286,0.6129032258064515
nikolaos-barmpatis,HYROX DOUBLES MIXED,25-29,,Athens,2026,6.2,4.166666666666667,5.366666666666666,2.7,5.333333333333333,4.916666666666667,5.3,3.75,5.433333333333334,4.866666666666666,5.666666666666667,1.8,5.933333333333334,4.4,7.233333333333333,6.233333333333333,9.7,46.46666666666667,32.833333333333336,89.0,0.2672811059907834,0.5491525423728814
antrea-zoumidou,HYROX DOUBLES MIXED,25-29,,Athens,2026,7.133333333333334,4.7,6.033333333333333,2.6166666666666667,6.45,4.35,5.883333333333334,3.95,5.683333333333334,5.216666666666667,5.7,2.2333333333333334,6.3,4.316666666666666,6.216666666666667,5.25,8.383333333333333,49.4,32.63333333333334,90.41666666666666,0.2032710280373832,0.6015325670498085
antonia-christoforidi,HYROX DOUBLES MIXED,30-34,,Athens,2026,6.716666666666667,4.333333333333333,5.6,2.0,9.066666666666666,4.083333333333333,8.483333333333333,3.3833333333333333,5.616666666666666,4.666666666666667,6.333333333333333,1.9833333333333332,5.616666666666666,4.116666666666666,7.883333333333334,4.866666666666666,7.116666666666666,55.31666666666667,29.433333333333334,91.86666666666666,0.3823529411764706,0.489795918367347
chryssa-zampa,HYROX DOUBLES MIXED,35-39,,Athens,2026,6.633333333333334,5.066666666666666,5.45,3.066666666666667,5.8,4.65,6.35,3.15,6.283333333333333,4.933333333333334,6.233333333333333,0.8833333333333333,7.783333333333333,4.85,6.8,5.95,11.066666666666666,51.33333333333333,32.550000000000004,94.95,0.29978586723768735,0.6594982078853047
helen-carbery,HYROX DOUBLES MIXED,30-34,,Athens,2026,7.166666666666667,4.7,5.85,2.433333333333333,6.266666666666667,5.033333333333333,6.483333333333333,4.816666666666666,6.483333333333333,5.133333333333334,6.233333333333333,2.25,6.433333333333334,5.083333333333333,7.033333333333333,6.7,8.683333333333334,51.95,36.15,96.78333333333335,0.18372093023255823,0.4834437086092715
theodoros-kapetanakis,HYROX DOUBLES MIXED,40-44,,Athens,2026,7.35,4.65,6.466666666666667,3.033333333333333,6.8,4.6,6.466666666666667,4.733333333333333,6.683333333333334,4.983333333333333,6.683333333333334,2.3,6.633333333333334,6.466666666666667,7.283333333333333,6.283333333333333,9.016666666666667,54.36666666666667,37.05,100.43333333333332,0.12018140589569155,0.6594202898550725
aaron-macauley,HYROX DOUBLES MIXED,35-39,,Athens,2026,7.966666666666667,5.75,6.666666666666667,2.7,6.75,3.983333333333333,6.766666666666667,5.516666666666667,6.9,5.233333333333333,6.883333333333334,1.75,7.316666666666666,5.116666666666666,7.45,6.45,10.283333333333331,56.7,36.5,103.48333333333333,0.1631799163179916,0.6778242677824269
clara-boeri-cucchi,HYROX DOUBLES MIXED,25-29,,Athens,2026,6.8,4.8,5.716666666666667,3.716666666666667,6.983333333333333,6.8,6.983333333333333,6.816666666666666,6.75,6.133333333333334,6.266666666666667,2.2333333333333334,6.283333333333333,6.8,7.083333333333333,10.783333333333331,10.933333333333334,52.86666666666667,48.08333333333333,111.88333333333334,0.19294117647058817,0.5465686274509804
sam-kirkwood,HYROX DOUBLES MIXED,25-29,,Beijing,2025,3.6666666666666665,3.933333333333333,3.883333333333333,1.6333333333333333,4.283333333333333,2.566666666666667,4.2,2.6166666666666667,4.116666666666666,4.133333333333334,4.166666666666667,1.4833333333333334,4.083333333333333,2.716666666666667,4.283333333333333,3.583333333333333,4.666666666666667,32.68333333333333,22.666666666666668,60.016666666666666,0.14396887159533076,0.6363636363636364
kevin-lasserre,HYROX DOUBLES MIXED,25-29,,Beijing,2025,4.616666666666666,4.233333333333333,4.466666666666667,1.9166666666666667,4.416666666666667,2.9166666666666665,4.366666666666666,2.4833333333333334,4.266666666666667,4.366666666666666,4.083333333333333,1.4833333333333334,4.3,3.216666666666667,4.3,4.25,5.016666666666667,34.81666666666666,24.866666666666667,64.7,0.11552346570397111,0.6571428571428573
ying-wen-chen,HYROX DOUBLES MIXED,25-29,,Beijing,2025,4.0,4.316666666666666,4.366666666666666,3.05,4.583333333333333,4.033333333333333,4.25,2.716666666666667,4.5,4.283333333333333,4.716666666666667,1.6833333333333331,4.55,3.5,4.8,3.7,5.716666666666667,35.766666666666666,27.28333333333333,68.76666666666665,0.16666666666666663,0.7561983471074379
bo-wu,HYROX DOUBLES MIXED,25-29,,Beijing,2025,4.35,4.35,4.416666666666667,2.1666666666666665,4.466666666666667,4.1,4.483333333333333,2.716666666666667,4.6,4.5,4.616666666666666,1.85,4.716666666666667,3.3666666666666667,5.033333333333333,3.633333333333333,6.783333333333333,36.68333333333333,26.683333333333334,70.15,0.13576158940397356,0.5284552845528455
sally-tan,HYROX DOUBLES MIXED,30-34,,Beijing,2025,4.15,4.2,4.65,3.0,4.716666666666667,4.466666666666667,4.766666666666667,2.85,4.916666666666667,4.466666666666667,4.833333333333333,1.8,4.866666666666666,3.966666666666667,5.066666666666666,4.033333333333333,5.4,37.96666666666667,28.78333333333333,72.15000000000002,0.18092105263157884,0.6716417910447761
ping-see-kwan,HYROX DOUBLES MIXED,30-34,,Beijing,2025,4.633333333333334,4.3,4.633333333333334,2.3666666666666667,4.633333333333334,4.033333333333333,4.733333333333333,3.183333333333333,4.85,4.85,4.966666666666667,1.6666666666666667,4.983333333333333,4.033333333333333,5.35,4.133333333333334,6.4,38.78333333333334,28.56666666666667,73.75,0.13395638629283477,0.5867768595041323
ming-yu-chen,HYROX DOUBLES MIXED,30-34,,Beijing,2025,4.883333333333334,4.266666666666667,5.033333333333333,2.433333333333333,4.966666666666667,3.966666666666667,5.033333333333333,2.9,5.166666666666667,4.45,5.083333333333333,2.2,4.8,3.1333333333333333,5.6,3.883333333333333,7.066666666666666,40.56666666666667,27.23333333333333,74.86666666666667,0.14285714285714282,0.6134453781512604
tian-yuan-zhao,HYROX DOUBLES MIXED,30-34,,Beijing,2025,4.516666666666667,4.283333333333333,4.816666666666666,2.15,4.95,4.033333333333333,5.416666666666667,2.283333333333333,5.616666666666666,4.6,5.466666666666667,1.85,5.533333333333333,3.316666666666667,5.933333333333334,4.133333333333334,6.866666666666666,42.25,26.650000000000002,75.76666666666667,0.23876404494382025,0.5330578512396694
wu-chen-wang,HYROX DOUBLES MIXED,25-29,,Beijing,2025,4.533333333333333,4.366666666666666,4.7,2.183333333333333,4.983333333333333,4.633333333333334,4.866666666666666,2.85,4.966666666666667,4.633333333333334,7.083333333333333,1.5833333333333333,5.033333333333333,3.533333333333333,5.566666666666666,4.0,7.15,41.733333333333334,27.78333333333333,76.66666666666667,0.36,0.4712230215827337
sasiprapa-udomsat,HYROX DOUBLES MIXED,30-34,,Beijing,2025,5.15,3.883333333333333,5.0,1.8333333333333333,5.5,2.966666666666667,5.8,2.85,5.6,4.166666666666667,5.516666666666667,1.9666666666666663,5.9,3.466666666666667,6.483333333333333,3.65,8.066666666666666,44.949999999999996,24.78333333333333,77.8,0.22879177377892032,0.6179775280898876
jason-cecere,HYROX DOUBLES MIXED,30-34,,Beijing,2025,5.433333333333334,4.3,5.316666666666666,2.833333333333333,5.333333333333333,4.466666666666667,5.3,2.85,5.183333333333334,4.7,5.216666666666667,1.8,5.033333333333333,3.85,5.6,4.783333333333333,6.866666666666666,42.416666666666664,29.583333333333336,78.86666666666666,0.10119047619047615,0.6343283582089552
winky-kwan,HYROX DOUBLES MIXED,35-39,,Beijing,2025,4.583333333333333,4.133333333333334,5.0,3.4833333333333334,5.55,4.166666666666667,5.683333333333334,4.0,5.75,4.483333333333333,5.466666666666667,1.85,5.35,3.8,5.9,4.483333333333333,6.366666666666666,43.28333333333333,30.400000000000006,80.04999999999998,0.2231638418079097,0.836
ryan-fung,HYROX DOUBLES MIXED,16-24,,Beijing,2025,5.033333333333333,4.5,5.433333333333334,2.45,5.816666666666666,3.8,5.933333333333334,2.6333333333333333,6.0,4.566666666666666,6.016666666666667,1.5,5.983333333333333,3.2333333333333334,6.25,3.6166666666666663,8.633333333333333,46.46666666666667,26.3,81.4,0.19466666666666668,0.6447368421052633
anna-rexthelius,HYROX DOUBLES MIXED,45-49,,Beijing,2025,5.033333333333333,4.1,5.05,2.5,5.35,4.133333333333334,5.616666666666666,4.333333333333333,5.833333333333333,4.883333333333334,5.5,1.7666666666666666,5.533333333333333,4.233333333333333,6.2,5.183333333333334,7.466666666666667,44.11666666666666,31.133333333333333,82.71666666666667,0.18817204301075274,0.6048387096774193
naomi-tailor,HYROX DOUBLES MIXED,25-29,,Beijing,2025,5.233333333333333,4.15,5.233333333333333,2.3,5.366666666666666,4.333333333333333,5.416666666666667,4.5,5.533333333333333,4.516666666666667,5.616666666666666,2.2,5.3,5.533333333333333,5.583333333333333,5.35,7.866666666666666,43.28333333333333,32.88333333333333,84.03333333333332,0.0682492581602373,0.5307692307692308
bin-tian,HYROX DOUBLES MIXED,30-34,,Beijing,2025,5.366666666666666,4.516666666666667,5.4,3.6666666666666665,5.366666666666666,4.866666666666666,5.416666666666667,3.2,5.533333333333333,4.866666666666666,5.6,1.6833333333333331,5.933333333333334,4.766666666666667,6.266666666666667,5.0,8.5,44.88333333333334,32.56666666666666,85.95,0.1436170212765958,0.7534246575342466
yu-qi-fan,HYROX DOUBLES MIXED,35-39,,Beijing,2025,5.066666666666666,4.683333333333334,5.216666666666667,2.783333333333333,5.316666666666666,5.333333333333333,5.483333333333333,3.1333333333333333,5.316666666666666,4.75,5.55,2.1666666666666665,5.35,5.683333333333334,7.1,5.35,8.683333333333334,44.4,33.88333333333333,86.96666666666667,0.28638497652582157,0.521875
yanis-berende,HYROX DOUBLES MIXED,16-24,,Beijing,2025,5.483333333333333,4.666666666666667,5.383333333333334,2.3,5.65,4.233333333333333,5.816666666666666,4.733333333333333,5.566666666666666,5.1,5.65,2.0166666666666666,5.616666666666666,4.616666666666666,6.833333333333333,4.616666666666666,9.9,46.0,32.28333333333333,88.18333333333332,0.21219512195121942,0.5433070866141732
yi-sun,HYROX DOUBLES MIXED,30-34,,Beijing,2025,5.166666666666667,4.7,5.55,4.333333333333333,5.883333333333334,5.233333333333333,5.833333333333333,3.3666666666666667,5.983333333333333,4.933333333333334,5.7,2.1166666666666667,5.6,5.033333333333333,6.316666666666666,5.183333333333334,9.016666666666667,46.03333333333333,34.900000000000006,89.95,0.18205804749340362,0.8280254777070063
heng-yi-guo,HYROX DOUBLES MIXED,25-29,,Beijing,2025,4.983333333333333,4.516666666666667,5.533333333333333,2.25,5.816666666666666,6.3,5.833333333333333,3.3,6.166666666666667,4.533333333333333,6.033333333333333,2.1166666666666667,6.266666666666667,4.216666666666667,6.9,4.1,12.25,47.53333333333333,31.333333333333336,91.11666666666665,0.2777777777777778,0.35714285714285715
shu-xin-zhang,HYROX DOUBLES MIXED,16-24,,Beijing,2025,4.566666666666666,4.733333333333333,8.833333333333334,2.55,9.6,6.433333333333334,5.633333333333334,3.9166666666666665,6.133333333333334,5.483333333333333,5.416666666666667,1.6666666666666667,5.85,3.65,6.3,5.333333333333333,6.833333333333333,52.33333333333333,33.766666666666666,92.93333333333334,0.5243055555555556,0.3963730569948186
xia-yang,HYROX DOUBLES MIXED,25-29,,Beijing,2025,4.766666666666667,4.6,4.816666666666666,4.0,6.333333333333333,6.066666666666666,7.033333333333333,3.8,6.116666666666666,5.033333333333333,5.666666666666667,1.95,5.416666666666667,4.483333333333333,7.166666666666667,4.75,12.666666666666666,47.316666666666656,34.68333333333334,94.66666666666666,0.3348837209302326,0.6593406593406593
lu-xu,HYROX DOUBLES MIXED,30-34,,Beijing,2025,5.483333333333333,4.416666666666667,5.616666666666666,2.55,6.483333333333333,6.266666666666667,7.1,5.2,5.383333333333334,5.25,5.516666666666667,1.95,5.866666666666666,4.733333333333333,7.566666666666666,5.683333333333334,10.383333333333333,49.016666666666666,36.05,95.44999999999999,0.28854625550660784,0.40691489361702127
jia-sheng-guo,HYROX DOUBLES MIXED,25-29,,Beijing,2025,5.983333333333333,4.133333333333334,7.033333333333333,1.7833333333333334,7.933333333333334,4.316666666666666,6.683333333333334,2.8,7.3,4.533333333333333,8.0,1.6833333333333331,8.266666666666667,2.7333333333333334,9.0,3.733333333333333,10.716666666666669,60.199999999999996,25.716666666666672,96.63333333333333,0.3351851851851852,0.4131274131274132
shuang-bai,HYROX DOUBLES MIXED,40-44,,Beijing,2025,5.083333333333333,5.1,5.55,6.733333333333333,5.433333333333334,7.116666666666666,5.833333333333333,4.366666666666666,5.75,5.233333333333333,5.766666666666667,2.1666666666666665,5.883333333333334,6.533333333333333,6.433333333333334,7.483333333333333,9.4,45.733333333333334,44.733333333333334,99.86666666666667,0.2098445595854923,0.9461358313817331
william-hung,HYROX DOUBLES MIXED,35-39,,Beijing,2025,5.466666666666667,4.633333333333334,6.183333333333334,2.6166666666666667,10.2,5.783333333333333,5.833333333333333,3.716666666666667,6.133333333333334,5.3,6.266666666666667,2.083333333333333,6.716666666666667,7.233333333333333,7.2,7.6,10.65,54.00000000000001,38.96666666666667,103.61666666666667,0.4640522875816993,0.45244956772334294
sen-yang,HYROX DOUBLES MIXED,30-34,,Beijing,2025,6.016666666666667,5.116666666666666,7.633333333333334,3.466666666666667,7.65,4.883333333333334,6.55,4.133333333333334,7.6,5.733333333333333,7.166666666666667,2.05,7.45,6.85,9.066666666666666,7.45,11.55,59.13333333333334,39.68333333333334,110.36666666666667,0.3363970588235294,0.7098976109215017
yu-heng-lan,HYROX DOUBLES MIXED,30-34,,Beijing,2025,6.116666666666666,4.7,6.333333333333333,3.35,7.116666666666666,6.166666666666667,6.883333333333334,2.7333333333333334,7.933333333333334,5.066666666666666,11.483333333333333,2.0166666666666666,8.783333333333333,4.666666666666667,14.883333333333333,5.583333333333333,12.0,69.53333333333333,34.28333333333334,115.81666666666666,0.5890257558790593,0.5432432432432432
zi-han-ma,HYROX DOUBLES MIXED,25-29,,Beijing,2025,6.133333333333334,5.016666666666667,9.35,3.083333333333333,8.783333333333333,6.666666666666667,8.283333333333333,5.766666666666667,8.966666666666667,5.0,9.533333333333331,1.8333333333333333,10.55,5.383333333333334,10.983333333333333,11.2,10.716666666666669,72.58333333333333,43.95,127.25,0.4415781487101668,0.4624999999999999
letian-dong,HYROX DOUBLES MIXED,30-34,,Beijing,2025,6.616666666666666,6.266666666666667,6.516666666666667,5.3,6.9,13.9,18.216666666666665,6.783333333333333,7.166666666666667,6.15,7.883333333333334,2.4833333333333334,15.7,7.783333333333333,10.45,17.5,18.883333333333333,79.45,66.16666666666666,164.5,0.6422689844464776,0.38129496402877694
katie-sharkey,HYROX DOUBLES MIXED,25-29,,Bengaluru,2026,3.8666666666666663,3.716666666666667,3.6166666666666663,1.7,3.85,2.333333333333333,3.8333333333333335,2.1166666666666667,3.8333333333333335,3.966666666666667,3.816666666666667,1.45,3.933333333333333,2.5,3.95,3.333333333333333,3.533333333333333,30.7,21.116666666666664,55.35000000000001,0.08438818565400859,0.7285714285714286
parshant-sharma,HYROX DOUBLES MIXED,25-29,,Bengaluru,2026,4.45,4.016666666666667,4.55,2.066666666666667,4.6,3.3,4.566666666666666,1.8666666666666667,4.6,4.333333333333333,4.75,1.7666666666666666,4.683333333333334,3.083333333333333,5.05,3.3666666666666667,5.066666666666666,37.25,23.799999999999997,66.11666666666667,0.11881188118811875,0.6262626262626264
zahabiya-merchant,HYROX DOUBLES MIXED,30-34,,Bengaluru,2026,4.716666666666667,4.35,4.666666666666667,2.35,4.983333333333333,4.033333333333333,4.75,2.7666666666666666,5.283333333333333,4.65,4.833333333333333,2.083333333333333,5.133333333333334,3.583333333333333,5.25,3.8,5.05,39.61666666666667,27.616666666666664,72.28333333333333,0.11671924290220813,0.5826446280991736
ketaki-sathe,HYROX DOUBLES MIXED,45-49,,Bengaluru,2026,4.733333333333333,4.533333333333333,4.6,2.35,4.783333333333333,5.333333333333333,4.7,3.7666666666666666,4.85,5.0,4.766666666666667,2.033333333333333,4.716666666666667,4.283333333333333,5.166666666666667,4.25,5.183333333333334,38.31666666666666,31.549999999999997,75.05,0.10967741935483882,0.44062500000000004
jino-george,HYROX DOUBLES MIXED,25-29,,Bengaluru,2026,4.933333333333334,4.466666666666667,4.983333333333333,2.25,5.533333333333333,4.516666666666667,5.35,3.1166666666666667,5.65,4.85,5.45,1.9833333333333332,5.466666666666667,2.0,5.55,4.05,8.066666666666666,42.916666666666664,27.233333333333338,78.21666666666665,0.12684365781710916,0.4981549815498155
deepti-singh,HYROX DOUBLES MIXED,30-34,,Bengaluru,2026,5.2,4.316666666666666,5.35,2.7333333333333334,5.466666666666667,4.333333333333333,5.416666666666667,3.3,5.416666666666667,4.366666666666666,5.633333333333334,1.9,5.633333333333334,4.05,5.783333333333333,3.5,8.233333333333333,43.9,28.5,80.63333333333334,0.10086455331412099,0.6307692307692309
yash-kshirsagar,HYROX DOUBLES MIXED,25-29,,Bengaluru,2026,5.433333333333334,4.516666666666667,5.216666666666667,2.2333333333333334,5.633333333333334,4.083333333333333,5.95,3.5166666666666666,5.983333333333333,4.983333333333333,5.716666666666667,1.9666666666666663,5.75,4.766666666666667,6.483333333333333,4.383333333333334,7.516666666666667,46.16666666666667,30.449999999999996,84.13333333333334,0.1953727506426735,0.5469387755102041
pranav-paraswar,HYROX DOUBLES MIXED,16-24,,Bengaluru,2026,5.666666666666667,5.033333333333333,5.533333333333333,3.4,5.9,4.383333333333334,5.7,3.966666666666667,5.783333333333333,5.083333333333333,5.483333333333333,2.066666666666667,5.516666666666667,4.933333333333334,6.066666666666666,5.133333333333334,6.383333333333334,45.650000000000006,34.0,86.03333333333335,0.0961538461538461,0.7756653992395436
jyotirmay-damugade,HYROX DOUBLES MIXED,16-24,,Bengaluru,2026,5.166666666666667,4.883333333333334,5.483333333333333,2.55,6.033333333333333,4.366666666666666,6.116666666666666,3.1666666666666665,6.133333333333334,5.083333333333333,6.266666666666667,2.4,5.933333333333334,4.4,6.983333333333333,4.4,8.016666666666667,48.116666666666674,31.25,87.38333333333335,0.2601431980906921,0.583969465648855
simran-chugh,HYROX DOUBLES MIXED,25-29,,Bengaluru,2026,5.866666666666666,5.233333333333333,5.383333333333334,2.8833333333333333,5.466666666666667,6.75,5.383333333333334,3.7,5.7,5.85,5.533333333333333,2.183333333333333,5.8,2.783333333333333,6.066666666666666,5.15,10.616666666666667,45.2,34.53333333333333,90.35000000000002,0.11263736263736253,0.4271604938271605
aliasgar-adamji,HYROX DOUBLES MIXED,50-54,,Bengaluru,2026,5.45,5.116666666666666,5.333333333333333,3.6,5.533333333333333,6.0,5.633333333333334,3.95,5.6,5.466666666666667,5.516666666666667,2.6,5.616666666666666,5.0,5.9,9.266666666666667,5.95,44.58333333333333,41.0,91.53333333333333,0.0960451977401131,0.6
shweta-satish-chanda,HYROX DOUBLES MIXED,35-39,,Bengaluru,2026,6.5,5.033333333333333,5.716666666666667,3.433333333333333,6.05,4.566666666666666,6.033333333333333,4.083333333333333,6.15,5.016666666666667,5.966666666666667,1.9166666666666667,6.016666666666667,6.483333333333333,6.633333333333334,5.4,7.633333333333334,49.06666666666666,35.93333333333334,92.63333333333334,0.1381909547738694,0.7518248175182481
sneh-dani,HYROX DOUBLES MIXED,30-34,,Bengaluru,2026,6.183333333333334,4.533333333333333,6.1,2.6333333333333333,6.45,5.35,6.45,4.583333333333333,6.716666666666667,5.483333333333333,6.566666666666666,2.583333333333333,6.5,4.55,6.833333333333333,5.183333333333334,7.883333333333334,51.800000000000004,34.9,94.58333333333333,0.10731707317073172,0.4922118380062306
vinayak-k,HYROX DOUBLES MIXED,25-29,,Bengaluru,2026,6.833333333333333,4.883333333333334,6.733333333333333,2.816666666666667,7.45,4.866666666666666,6.95,3.333333333333333,7.15,5.1,6.866666666666666,1.95,6.9,4.116666666666666,7.333333333333333,4.5,8.066666666666666,56.21666666666667,31.566666666666666,95.84999999999998,0.09619686800894856,0.5787671232876713
sidharth-nair,HYROX DOUBLES MIXED,35-39,,Bengaluru,2026,5.983333333333333,4.883333333333334,5.983333333333333,2.583333333333333,6.233333333333333,4.266666666666667,6.566666666666666,4.516666666666667,6.766666666666667,5.883333333333334,6.433333333333334,2.466666666666667,6.366666666666666,5.533333333333333,7.283333333333333,6.716666666666667,8.1,51.61666666666667,36.85,96.56666666666668,0.17848970251716245,0.6054687499999999
ajay-udayan,HYROX DOUBLES MIXED,25-29,,Bengaluru,2026,6.75,4.716666666666667,6.566666666666666,4.383333333333334,6.866666666666666,5.316666666666666,6.533333333333333,3.9166666666666665,6.533333333333333,5.5,6.383333333333334,1.9833333333333332,6.383333333333334,5.2,6.65,6.516666666666667,7.183333333333334,52.666666666666664,37.53333333333334,97.38333333333334,0.07038834951456299,0.8244514106583073
harsha,HYROX DOUBLES MIXED,35-39,,Bengaluru,2026,6.0,4.633333333333334,5.9,3.5166666666666666,6.783333333333333,5.4,6.416666666666667,4.85,6.65,5.633333333333334,6.533333333333333,2.316666666666667,7.0,6.166666666666667,7.716666666666667,6.583333333333333,6.133333333333334,53.0,39.1,98.23333333333333,0.23542116630669543,0.6512345679012345
rishabh-ashok,HYROX DOUBLES MIXED,30-34,,Bengaluru,2026,6.8,5.25,6.466666666666667,2.5166666666666666,6.5,5.25,6.683333333333334,4.433333333333334,6.633333333333334,5.266666666666667,6.8,1.9833333333333332,6.7,5.566666666666666,7.016666666666667,6.983333333333333,7.966666666666667,53.6,37.25,98.81666666666668,0.07838479809976244,0.4793650793650793
shweta-choraghe,HYROX DOUBLES MIXED,25-29,,Bengaluru,2026,6.183333333333334,4.816666666666666,7.333333333333333,2.6166666666666667,7.75,4.883333333333334,7.416666666666667,4.033333333333333,7.533333333333333,5.2,7.483333333333333,1.8666666666666667,7.333333333333333,4.383333333333334,7.866666666666666,5.1,8.0,58.900000000000006,32.9,99.8,0.21398305084745756,0.5358361774744027
ratheesh-ram,HYROX DOUBLES MIXED,40-44,,Bengaluru,2026,6.15,4.6,6.233333333333333,2.65,6.683333333333334,4.35,6.6,3.816666666666667,6.583333333333333,5.0,7.6,2.033333333333333,6.983333333333333,5.5,10.65,5.75,9.716666666666669,57.483333333333334,33.699999999999996,100.89999999999999,0.4225352112676056,0.6091954022988506
vinutha-jagadish,HYROX DOUBLES MIXED,35-39,,Bengaluru,2026,6.4,4.7,6.35,3.6,6.383333333333334,10.2,6.466666666666667,3.6166666666666663,6.566666666666666,5.383333333333334,6.35,2.25,6.516666666666667,4.333333333333333,7.25,6.883333333333334,8.683333333333334,52.28333333333334,40.96666666666667,101.93333333333335,0.12413793103448281,0.35294117647058826
deeptha-dinesh,HYROX DOUBLES MIXED,16-24,,Bengaluru,2026,6.7,4.933333333333334,7.366666666666666,2.5166666666666666,7.783333333333333,4.5,7.7,4.116666666666666,7.916666666666667,4.883333333333334,8.0,2.2333333333333334,8.016666666666667,3.55,9.0,4.733333333333333,9.833333333333334,62.483333333333334,31.46666666666667,103.78333333333333,0.25555555555555554,0.5592592592592592
ansh-bhargava,HYROX DOUBLES MIXED,16-24,,Bengaluru,2026,6.683333333333334,5.233333333333333,6.883333333333334,3.1,7.266666666666667,5.316666666666666,7.533333333333333,4.733333333333333,7.516666666666667,5.8,7.233333333333333,2.333333333333333,7.15,6.033333333333333,7.45,5.55,9.566666666666666,57.71666666666667,38.099999999999994,105.38333333333331,0.1128318584070796,0.5830721003134797
sandeep-mundra,HYROX DOUBLES MIXED,50-54,,Bengaluru,2026,7.05,4.883333333333334,6.516666666666667,4.0,6.616666666666666,6.35,6.566666666666666,4.666666666666667,6.7,5.533333333333333,6.433333333333334,2.2,6.75,7.766666666666667,6.883333333333334,8.583333333333334,9.033333333333331,53.51666666666667,43.983333333333334,106.53333333333333,0.08747044917257678,0.6299212598425197
shubham-bafna,HYROX DOUBLES MIXED,30-34,,Bengaluru,2026,7.233333333333333,5.083333333333333,7.316666666666666,2.6166666666666667,7.416666666666667,4.8,7.833333333333333,4.166666666666667,7.983333333333333,5.416666666666667,7.733333333333333,2.45,7.733333333333333,5.45,8.283333333333333,7.033333333333333,8.8,61.53333333333333,37.016666666666666,107.35,0.12676056338028166,0.545138888888889
harman-sokhi,HYROX DOUBLES MIXED,30-34,,Bengaluru,2026,7.95,4.983333333333333,8.1,2.8666666666666667,7.933333333333334,5.233333333333333,8.316666666666666,4.183333333333334,7.966666666666667,5.0,8.0,1.8166666666666669,8.033333333333333,5.25,8.016666666666667,4.9,9.733333333333333,64.31666666666666,34.233333333333334,108.28333333333333,0.04609218436873742,0.5477707006369427
abhishek-suvarna,HYROX DOUBLES MIXED,30-34,,Bengaluru,2026,6.333333333333333,5.033333333333333,6.216666666666667,3.35,6.85,5.783333333333333,6.616666666666666,5.166666666666667,7.85,5.783333333333333,7.816666666666666,2.1166666666666667,6.983333333333333,6.183333333333334,8.483333333333333,7.0,11.833333333333334,57.150000000000006,40.41666666666667,109.39999999999999,0.26719056974459715,0.5792507204610952
pranay-minj,HYROX DOUBLES MIXED,35-39,,Bengaluru,2026,7.766666666666667,4.966666666666667,7.3,3.2666666666666666,8.033333333333333,5.3,8.35,4.083333333333333,8.733333333333333,5.383333333333334,8.366666666666667,1.9833333333333332,8.3,4.683333333333334,9.6,5.0,9.133333333333333,66.45,34.66666666666667,110.25,0.23958333333333331,0.6163522012578616
subhasish-prasad,HYROX DOUBLES MIXED,25-29,,Bengaluru,2026,7.483333333333333,4.933333333333334,7.733333333333333,2.85,8.266666666666667,5.516666666666667,7.833333333333333,4.966666666666667,8.45,5.3,7.716666666666667,2.466666666666667,7.833333333333333,2.7666666666666666,9.0,6.033333333333333,11.6,64.31666666666666,34.83333333333333,110.74999999999999,0.1685185185185185,0.5166163141993958
zain-kadri,HYROX DOUBLES MIXED,30-34,,Bengaluru,2026,5.85,4.65,7.5,3.35,7.516666666666667,7.783333333333333,7.0,3.7666666666666666,9.066666666666666,5.283333333333333,9.533333333333331,2.1333333333333333,7.2,5.35,7.8,4.866666666666666,12.866666666666667,61.46666666666667,37.18333333333334,111.51666666666665,0.3863636363636363,0.43040685224839403
deepika-thangaraj,HYROX DOUBLES MIXED,25-29,,Bengaluru,2026,7.45,5.35,7.233333333333333,3.1166666666666667,7.466666666666667,6.316666666666666,7.25,4.983333333333333,7.466666666666667,5.616666666666666,7.55,2.466666666666667,7.45,6.966666666666667,8.316666666666666,7.916666666666667,9.533333333333331,60.18333333333334,42.733333333333334,112.44999999999999,0.13026052104208413,0.49340369393139843
vikas-tajane,HYROX DOUBLES MIXED,25-29,,Bengaluru,2026,6.05,5.416666666666667,6.2,2.6666666666666665,6.616666666666666,6.716666666666667,6.933333333333334,4.85,6.933333333333334,6.033333333333333,6.666666666666667,2.583333333333333,6.9,7.1,7.916666666666667,14.75,8.8,54.21666666666666,50.11666666666666,113.1333333333333,0.23578947368421058,0.39702233250620345
pratima-dwivedi,HYROX DOUBLES MIXED,35-39,,Bengaluru,2026,8.533333333333333,5.083333333333333,7.8,3.083333333333333,8.033333333333333,5.716666666666667,8.833333333333334,4.883333333333334,8.816666666666666,5.016666666666667,8.3,2.2333333333333334,8.816666666666666,5.85,9.683333333333334,5.383333333333334,8.116666666666667,68.81666666666666,37.25,114.18333333333334,0.19449225473321863,0.5393586005830903
purvi-chawat,HYROX DOUBLES MIXED,30-34,,Bengaluru,2026,6.95,5.066666666666666,6.766666666666667,7.683333333333334,7.816666666666666,5.8,7.033333333333333,6.45,6.9,5.516666666666667,6.716666666666667,2.6166666666666667,6.783333333333333,8.033333333333333,7.116666666666666,7.75,10.516666666666667,56.08333333333333,48.916666666666664,115.51666666666665,0.14072494669509591,1.324712643678161
siddharth-ahuja,HYROX DOUBLES MIXED,25-29,,Bengaluru,2026,6.85,5.5,7.516666666666667,3.15,7.966666666666667,5.783333333333333,7.633333333333334,5.866666666666666,7.316666666666666,5.6,7.566666666666666,2.7,7.833333333333333,6.65,9.45,6.633333333333334,12.5,62.133333333333326,41.88333333333333,116.51666666666667,0.2751322751322751,0.5446685878962536
ashwani-prabhakar,HYROX DOUBLES MIXED,25-29,,Bengaluru,2026,6.383333333333334,5.116666666666666,7.316666666666666,4.016666666666667,8.4,8.916666666666666,7.366666666666666,6.566666666666666,8.466666666666667,5.45,7.466666666666667,2.2333333333333334,7.366666666666666,7.583333333333333,7.983333333333333,6.066666666666666,10.933333333333334,60.75000000000001,45.95,117.63333333333334,0.2460629921259842,0.4504672897196262
namit-maheshwari,HYROX DOUBLES MIXED,30-34,,Bengaluru,2026,8.383333333333333,5.65,8.0,3.0,7.9,5.533333333333333,8.2,6.433333333333334,8.1,5.716666666666667,7.983333333333333,2.6333333333333333,8.333333333333334,5.766666666666667,9.25,7.466666666666667,10.3,66.15,42.2,118.65000000000002,0.1459459459459459,0.5421686746987951
angad-virk,HYROX DOUBLES MIXED,25-29,,Bengaluru,2026,8.283333333333333,5.4,7.65,3.983333333333333,8.083333333333334,7.033333333333333,7.766666666666667,5.5,8.783333333333333,5.766666666666667,8.2,2.566666666666667,7.9,3.4,8.85,6.983333333333333,13.95,65.51666666666667,40.63333333333333,120.10000000000001,0.13559322033898297,0.5663507109004738
dipanjan-bhattacharjee,HYROX DOUBLES MIXED,30-34,,Bengaluru,2026,6.883333333333334,5.083333333333333,10.266666666666667,3.2333333333333334,10.45,5.516666666666667,8.366666666666667,5.233333333333333,8.416666666666666,6.016666666666667,8.333333333333334,2.65,8.966666666666667,6.416666666666667,9.15,6.766666666666667,9.816666666666666,70.83333333333334,40.916666666666664,121.56666666666668,0.34130781499202545,0.5861027190332326
tejal-vansia,HYROX DOUBLES MIXED,35-39,,Bengaluru,2026,7.1,5.05,7.633333333333334,4.466666666666667,7.9,5.366666666666666,8.016666666666667,4.466666666666667,8.466666666666667,5.516666666666667,10.016666666666667,2.95,8.283333333333333,6.016666666666667,10.416666666666666,7.216666666666667,13.283333333333331,67.83333333333333,41.050000000000004,122.16666666666666,0.3184,0.8322981366459629
nandhini-balakrishnan,HYROX DOUBLES MIXED,25-29,,Bengaluru,2026,7.85,6.433333333333334,8.05,3.883333333333333,8.75,7.416666666666667,8.133333333333333,5.666666666666667,8.483333333333333,5.833333333333333,7.766666666666667,2.683333333333333,8.116666666666667,7.1,8.766666666666667,6.5,11.616666666666667,65.91666666666667,45.516666666666666,123.05000000000001,0.11406844106463887,0.5235955056179774
divyani-jain,HYROX DOUBLES MIXED,25-29,,Bengaluru,2026,6.933333333333334,5.4,7.316666666666666,3.566666666666667,7.85,5.766666666666667,8.1,5.783333333333333,8.566666666666666,6.316666666666666,8.4,2.6666666666666665,8.083333333333334,7.15,9.733333333333333,7.45,14.85,64.98333333333333,44.1,123.93333333333334,0.28767123287671226,0.6184971098265897
rahul-dhakali,HYROX DOUBLES MIXED,25-29,,Bengaluru,2026,7.933333333333334,4.966666666666667,11.766666666666667,3.3833333333333333,9.466666666666669,4.883333333333334,8.6,4.6,8.633333333333333,5.766666666666667,9.133333333333333,2.533333333333333,8.433333333333334,5.533333333333333,10.066666666666666,6.45,13.1,74.03333333333333,38.11666666666667,125.25,0.3257790368271955,0.6928327645051194
ashesh-sainy,HYROX DOUBLES MIXED,25-29,,Bengaluru,2026,7.2,5.3,8.666666666666666,3.6,8.65,7.95,8.133333333333333,3.65,9.116666666666667,6.366666666666666,9.233333333333333,2.05,8.8,5.25,11.383333333333333,9.216666666666669,12.65,71.18333333333334,43.38333333333334,127.21666666666667,0.36749633967789164,0.4528301886792453
srinivasan-m,HYROX DOUBLES MIXED,16-24,,Bengaluru,2026,7.283333333333333,5.066666666666666,8.416666666666666,2.85,9.75,6.733333333333333,9.083333333333334,5.45,10.716666666666669,5.833333333333333,8.683333333333334,2.3,9.366666666666667,5.95,10.383333333333333,7.166666666666667,14.183333333333334,73.68333333333334,41.349999999999994,129.21666666666667,0.3203732503888026,0.42326732673267325
shereen-m,HYROX DOUBLES MIXED,40-44,,Bengaluru,2026,7.2,5.5,7.6,4.133333333333334,8.2,5.3,8.35,5.966666666666667,9.2,6.183333333333334,12.216666666666669,2.216666666666667,9.133333333333333,6.15,16.833333333333332,4.516666666666667,11.5,78.73333333333333,39.96666666666666,130.20000000000002,0.5722772277227723,0.779874213836478
madhuraa-bhaavsaar,HYROX DOUBLES MIXED,40-44,,Bengaluru,2026,7.966666666666667,5.016666666666667,8.316666666666666,3.35,8.566666666666666,6.983333333333333,8.683333333333334,6.0,9.05,5.933333333333334,9.116666666666667,2.4,8.983333333333333,8.8,11.266666666666667,9.533333333333331,12.316666666666666,71.95,48.016666666666666,132.28333333333333,0.2928994082840237,0.4797136038186158
naina-c,HYROX DOUBLES MIXED,40-44,,Bengaluru,2026,8.016666666666667,5.283333333333333,8.233333333333333,4.1,9.15,6.65,8.6,5.5,8.7,5.9,9.166666666666666,2.25,9.7,8.816666666666666,11.533333333333331,10.5,12.716666666666669,73.1,49.0,134.81666666666666,0.3049132947976877,0.6165413533834586
riya-salim,HYROX DOUBLES MIXED,25-29,,Bengaluru,2026,8.616666666666667,5.6,8.5,3.7666666666666666,9.05,8.2,8.766666666666667,7.2,9.966666666666669,5.3,9.35,2.683333333333333,9.233333333333333,7.883333333333334,14.3,8.266666666666667,11.7,77.78333333333335,48.9,138.38333333333335,0.4055944055944056,0.459349593495935
karthika-anand,HYROX DOUBLES MIXED,25-29,,Bengaluru,2026,8.216666666666667,5.633333333333334,7.85,4.25,9.2,9.65,9.866666666666667,5.333333333333333,9.25,5.716666666666667,9.033333333333331,3.0,8.783333333333333,8.116666666666667,10.333333333333334,11.416666666666666,16.55,72.53333333333333,53.11666666666666,142.20000000000002,0.24032258064516138,0.44041450777202074
ravitheja-borugadda,HYROX DOUBLES MIXED,35-39,,Bengaluru,2026,9.75,4.866666666666666,10.5,3.6,9.966666666666669,7.05,10.233333333333333,7.2,10.833333333333334,5.566666666666666,10.25,2.9166666666666665,10.133333333333333,8.55,11.233333333333333,7.166666666666667,16.233333333333334,82.9,46.916666666666664,146.05,0.13204747774480705,0.5106382978723405
mohit-jhurani,HYROX DOUBLES MIXED,40-44,,Bengaluru,2026,8.666666666666666,5.15,11.133333333333333,7.55,11.866666666666667,6.166666666666667,11.85,4.733333333333333,16.116666666666667,5.65,11.116666666666667,2.433333333333333,12.583333333333334,6.316666666666666,9.716666666666669,6.433333333333334,13.5,93.05,44.43333333333334,150.98333333333335,0.4622543950361945,1.2243243243243243
bhuvana-h-b,HYROX DOUBLES MIXED,25-29,,Bengaluru,2026,11.183333333333334,5.433333333333334,13.85,3.333333333333333,9.333333333333334,5.266666666666667,8.85,7.666666666666667,9.4,6.35,10.133333333333333,2.15,11.45,9.133333333333333,12.8,11.983333333333333,17.216666666666665,87.0,51.31666666666666,155.53333333333333,0.36101083032490977,0.6329113924050632
yashashree-pachbudhe,HYROX DOUBLES MIXED,30-34,,Bengaluru,2026,11.3,6.3,8.266666666666667,4.2,10.266666666666667,9.433333333333334,10.933333333333334,4.55,11.85,6.116666666666666,11.733333333333333,3.1166666666666667,10.433333333333334,7.666666666666667,14.1,19.416666666666668,14.333333333333334,88.88333333333333,60.8,164.01666666666665,0.4137115839243498,0.4452296819787986
jesse-owen,HYROX DOUBLES MIXED,16-29,,Cardiff,2025,3.9166666666666665,3.95,3.7,1.3333333333333333,3.783333333333333,2.466666666666667,3.85,2.6333333333333333,3.75,4.116666666666666,3.883333333333333,1.3666666666666667,3.816666666666667,2.15,4.55,3.583333333333333,2.9,31.25,21.599999999999998,55.75000000000001,0.18681318681318673,0.5405405405405405
holly-rooks,HYROX DOUBLES MIXED,30-39,,Cardiff,2025,4.6,3.75,4.05,1.5833333333333333,4.25,2.75,4.316666666666666,2.05,4.35,4.066666666666666,4.333333333333333,1.2833333333333334,4.266666666666667,2.5166666666666666,4.8,3.533333333333333,3.083333333333333,34.96666666666666,21.53333333333333,59.58333333333332,0.15625,0.5757575757575757
ben-sheppard,HYROX DOUBLES MIXED,30-39,,Cardiff,2025,4.5,4.066666666666666,4.15,1.6166666666666667,4.516666666666667,2.816666666666667,4.583333333333333,2.7666666666666666,4.683333333333334,4.033333333333333,4.6,1.2666666666666666,4.883333333333334,2.9166666666666665,5.366666666666666,3.6166666666666663,3.45,37.28333333333333,23.1,63.83333333333333,0.22670807453416136,0.57396449704142
heidi-white,HYROX DOUBLES MIXED,16-29,,Cardiff,2025,4.7,3.883333333333333,4.283333333333333,2.033333333333333,4.616666666666666,3.05,4.533333333333333,2.5166666666666666,4.616666666666666,4.25,4.566666666666666,1.3333333333333333,4.666666666666667,2.85,5.333333333333333,3.5,3.716666666666667,37.31666666666667,23.416666666666664,64.45,0.19687499999999997,0.6666666666666666
george-burton,HYROX DOUBLES MIXED,30-39,,Cardiff,2025,5.183333333333334,3.933333333333333,4.583333333333333,1.6833333333333331,4.65,2.8666666666666667,4.666666666666667,2.716666666666667,4.683333333333334,3.9,4.65,1.4833333333333334,4.883333333333334,3.083333333333333,5.366666666666666,3.4,3.3833333333333333,38.666666666666664,23.066666666666663,65.11666666666666,0.14596273291925466,0.5872093023255813
jo-pryce,HYROX DOUBLES MIXED,40-49,,Cardiff,2025,4.8,4.116666666666666,4.316666666666666,1.8333333333333333,4.383333333333334,3.183333333333333,4.45,2.966666666666667,4.566666666666666,4.5,4.65,1.6,4.633333333333334,2.966666666666667,5.366666666666666,3.7666666666666666,3.933333333333333,37.166666666666664,24.933333333333337,66.03333333333333,0.19565217391304346,0.5759162303664922
stuart-craig,HYROX DOUBLES MIXED,30-39,,Cardiff,2025,4.533333333333333,4.15,4.316666666666666,1.95,4.616666666666666,3.75,4.75,2.8666666666666667,4.75,4.516666666666667,4.516666666666667,1.6,4.7,3.0,5.216666666666667,3.533333333333333,3.95,37.4,25.366666666666667,66.71666666666667,0.17252396166134193,0.52
andrew-bennett,HYROX DOUBLES MIXED,30-39,,Cardiff,2025,4.55,4.1,4.133333333333334,1.9166666666666667,4.366666666666666,3.333333333333333,4.533333333333333,2.9833333333333334,4.616666666666666,4.733333333333333,4.583333333333333,1.4,4.616666666666666,3.2333333333333334,5.416666666666667,4.383333333333334,4.283333333333333,36.81666666666667,26.083333333333332,67.18333333333334,0.23692307692307688,0.5750000000000001
brad-jones,HYROX DOUBLES MIXED,30-39,,Cardiff,2025,4.45,3.933333333333333,4.35,2.0,5.266666666666667,3.1,4.933333333333334,3.0,4.833333333333333,4.183333333333334,4.783333333333333,1.6666666666666667,4.983333333333333,3.2,5.55,3.7,3.983333333333333,39.15,24.783333333333335,67.91666666666666,0.21621621621621626,0.6451612903225806
brian-stokes,HYROX DOUBLES MIXED,40-49,,Cardiff,2025,4.816666666666666,4.333333333333333,4.35,1.65,4.6,3.55,4.633333333333334,3.466666666666667,4.716666666666667,4.5,4.683333333333334,1.4833333333333334,4.583333333333333,3.4833333333333334,5.433333333333334,4.616666666666666,3.9,37.81666666666666,27.083333333333336,68.8,0.19938650306748476,0.4647887323943662
david-smith,HYROX DOUBLES MIXED,30-39,,Cardiff,2025,5.25,4.083333333333333,4.683333333333334,1.5166666666666666,4.883333333333334,3.1666666666666665,4.9,3.466666666666667,4.95,4.333333333333333,5.0,1.35,5.233333333333333,3.1333333333333333,5.766666666666667,3.6666666666666665,3.85,40.666666666666664,24.71666666666667,69.23333333333333,0.18786127167630054,0.4789473684210526
nick-sims,HYROX DOUBLES MIXED,30-39,,Cardiff,2025,4.65,4.25,4.233333333333333,2.066666666666667,4.5,4.083333333333333,4.6,4.366666666666666,4.65,4.416666666666667,4.633333333333334,1.75,4.683333333333334,3.7,5.433333333333334,4.216666666666667,3.6666666666666665,37.38333333333333,28.85,69.9,0.2208588957055215,0.5061224489795919
tom-nelson,HYROX DOUBLES MIXED,16-29,,Cardiff,2025,4.716666666666667,4.166666666666667,4.433333333333334,1.4,4.966666666666667,3.7,4.916666666666667,2.5166666666666666,5.0,4.366666666666666,4.916666666666667,4.183333333333334,4.933333333333334,2.55,5.416666666666667,4.266666666666667,4.166666666666667,39.300000000000004,27.15,70.61666666666667,0.18153846153846154,0.37837837837837834
anna-cuming,HYROX DOUBLES MIXED,30-39,,Cardiff,2025,5.266666666666667,4.15,4.65,1.65,4.833333333333333,3.55,4.816666666666666,2.966666666666667,4.85,4.4,4.95,1.6333333333333333,4.816666666666666,3.083333333333333,5.816666666666666,3.8666666666666663,5.8,40.0,25.3,71.1,0.2005730659025787,0.4647887323943662
charlotte-gibbs,HYROX DOUBLES MIXED,30-39,,Cardiff,2025,4.683333333333334,4.383333333333334,4.283333333333333,2.2666666666666666,4.6,3.683333333333333,4.566666666666666,4.3,4.616666666666666,5.35,4.5,1.5666666666666669,4.6,3.633333333333333,5.083333333333333,4.633333333333334,4.55,36.93333333333334,29.816666666666666,71.3,0.15737704918032785,0.6153846153846154
michael-oatridge,HYROX DOUBLES MIXED,30-39,,Cardiff,2025,4.883333333333334,4.1,5.7,1.6,6.05,3.2333333333333334,6.05,2.716666666666667,4.766666666666667,4.716666666666667,4.683333333333334,1.2833333333333334,4.916666666666667,3.55,5.566666666666666,4.166666666666667,3.883333333333333,42.61666666666666,25.36666666666667,71.86666666666667,0.22589531680440766,0.4948453608247423
jamie-quarry,HYROX DOUBLES MIXED,50-59,,Cardiff,2025,5.1,4.2,4.75,1.8333333333333333,4.8,2.8833333333333333,4.833333333333333,4.383333333333334,4.8,4.85,4.883333333333334,1.6333333333333333,4.933333333333334,5.05,5.766666666666667,4.0,3.733333333333333,39.86666666666666,28.833333333333332,72.43333333333334,0.17630057803468208,0.6358381502890174
mark-crawford,HYROX DOUBLES MIXED,30-39,,Cardiff,2025,4.816666666666666,4.183333333333334,4.9,2.15,5.25,3.5166666666666666,5.433333333333334,3.7666666666666666,5.333333333333333,4.416666666666667,5.283333333333333,1.8,5.333333333333333,2.95,6.266666666666667,3.966666666666667,3.716666666666667,42.61666666666667,26.75,73.08333333333333,0.2313829787234043,0.6113744075829384
alex-keyworth,HYROX DOUBLES MIXED,30-39,,Cardiff,2025,5.7,4.05,5.033333333333333,1.65,5.266666666666667,3.5166666666666666,4.95,4.533333333333333,5.216666666666667,4.3,5.1,1.4833333333333334,5.183333333333334,3.55,5.983333333333333,3.933333333333333,4.183333333333334,42.43333333333334,27.016666666666666,73.63333333333334,0.1727019498607242,0.4691943127962085
lauren-webb,HYROX DOUBLES MIXED,30-39,,Cardiff,2025,5.283333333333333,4.283333333333333,4.933333333333334,1.7,5.4,3.4833333333333334,5.15,2.966666666666667,5.35,4.3,5.666666666666667,1.35,5.85,3.4,6.466666666666667,4.383333333333334,3.8666666666666663,44.1,25.866666666666667,73.83333333333334,0.23711340206185566,0.4880382775119617
hannah-torangi,HYROX DOUBLES MIXED,30-39,,Cardiff,2025,4.833333333333333,4.0,4.5,1.7166666666666666,4.95,3.6166666666666663,5.433333333333334,3.683333333333333,5.366666666666666,4.716666666666667,5.116666666666666,1.5,5.216666666666667,3.65,5.983333333333333,5.2,4.65,41.4,28.083333333333332,74.13333333333334,0.2479108635097493,0.47465437788018433
joshua-woodbridge,HYROX DOUBLES MIXED,16-29,,Cardiff,2025,5.033333333333333,4.2,4.85,1.8666666666666667,5.25,3.6666666666666665,5.166666666666667,3.683333333333333,5.35,4.916666666666667,5.433333333333334,1.9166666666666667,5.35,2.9,6.55,3.3666666666666667,5.516666666666667,42.98333333333333,26.516666666666666,75.01666666666665,0.25954198473282447,0.5090909090909091
lorna-jacques,HYROX DOUBLES MIXED,40-49,,Cardiff,2025,5.216666666666667,4.033333333333333,4.783333333333333,1.9666666666666663,5.05,3.3,5.166666666666667,3.633333333333333,5.383333333333334,4.433333333333334,5.216666666666667,1.8166666666666669,5.15,3.2333333333333334,9.116666666666667,3.4,4.766666666666667,45.083333333333336,25.816666666666666,75.66666666666667,0.47531992687385743,0.5959595959595959
luke-rual,HYROX DOUBLES MIXED,30-39,,Cardiff,2025,5.8,4.4,4.95,1.7333333333333334,5.816666666666666,3.95,5.533333333333333,3.0166666666666666,5.183333333333334,5.083333333333333,5.183333333333334,1.85,4.966666666666667,3.5,5.65,4.516666666666667,4.9,43.083333333333336,28.05,76.03333333333335,0.14899713467048703,0.43881856540084385
emma-birse,HYROX DOUBLES MIXED,50-59,,Cardiff,2025,5.216666666666667,4.483333333333333,4.866666666666666,2.183333333333333,5.1,3.883333333333333,5.2,4.35,5.333333333333333,5.05,5.25,1.95,5.283333333333333,3.783333333333333,6.216666666666667,4.283333333333333,4.316666666666666,42.46666666666667,29.96666666666666,76.74999999999999,0.21715817694369982,0.5622317596566524
kallie-pragnell,HYROX DOUBLES MIXED,16-29,,Cardiff,2025,6.166666666666667,4.133333333333334,5.433333333333334,1.6,5.733333333333333,3.216666666666667,5.716666666666667,3.2333333333333334,5.9,4.5,5.883333333333334,1.4,5.75,2.9,6.266666666666667,4.483333333333333,4.783333333333333,46.85,25.466666666666665,77.10000000000001,0.13297872340425526,0.49740932642487046
hannah-rees,HYROX DOUBLES MIXED,30-39,,Cardiff,2025,5.183333333333334,4.366666666666666,4.983333333333333,1.9333333333333331,5.316666666666666,4.3,5.4,4.316666666666666,5.4,4.483333333333333,5.583333333333333,1.7,5.65,4.2,6.433333333333334,3.733333333333333,5.016666666666667,43.95,29.03333333333333,78.0,0.22538860103626945,0.44961240310077516
laura-brown,HYROX DOUBLES MIXED,30-39,,Cardiff,2025,5.466666666666667,4.216666666666667,4.85,2.1333333333333333,8.616666666666667,3.1333333333333333,5.55,3.25,5.516666666666667,4.5,5.233333333333333,1.4,5.6,3.566666666666667,6.533333333333333,4.65,4.183333333333334,47.36666666666667,26.85,78.4,0.4371373307543521,0.6808510638297872
sarah-burridge,HYROX DOUBLES MIXED,16-29,,Cardiff,2025,5.5,4.5,4.866666666666666,1.85,5.266666666666667,3.8,5.433333333333334,4.1,5.383333333333334,5.066666666666666,5.433333333333334,1.7666666666666666,5.466666666666667,4.083333333333333,6.4,5.383333333333334,4.5,43.75,30.549999999999994,78.8,0.23958333333333345,0.48684210526315796
harriet-cooper,HYROX DOUBLES MIXED,30-39,,Cardiff,2025,5.466666666666667,4.4,5.05,1.7833333333333334,5.35,4.433333333333334,5.333333333333333,4.133333333333334,5.7,4.716666666666667,5.6,1.8666666666666667,5.633333333333334,3.8333333333333335,6.633333333333334,3.966666666666667,5.35,44.766666666666666,29.133333333333333,79.24999999999997,0.23869346733668348,0.40225563909774437
ceri-aldridge,HYROX DOUBLES MIXED,30-39,,Cardiff,2025,5.916666666666667,4.316666666666666,5.3,1.6833333333333331,5.55,3.7,5.95,4.266666666666667,5.833333333333333,4.45,6.216666666666667,1.7833333333333334,6.083333333333333,3.25,6.85,4.216666666666667,4.483333333333333,47.7,27.666666666666664,79.85,0.2262773722627737,0.45495495495495486
amber-lloyd,HYROX DOUBLES MIXED,30-39,,Cardiff,2025,5.066666666666666,4.283333333333333,5.033333333333333,2.5,5.3,3.633333333333333,5.4,3.6,5.316666666666666,4.9,5.45,1.6833333333333331,5.416666666666667,3.8,6.166666666666667,5.433333333333334,7.083333333333333,43.14999999999999,29.833333333333332,80.06666666666665,0.18378378378378385,0.6880733944954129
stuart-wiltshire,HYROX DOUBLES MIXED,16-29,,Cardiff,2025,5.7,4.05,5.666666666666667,3.05,5.716666666666667,3.65,5.9,3.466666666666667,6.133333333333334,4.366666666666666,6.266666666666667,2.3833333333333333,6.3,3.1333333333333333,7.016666666666667,3.816666666666667,4.266666666666667,48.699999999999996,27.916666666666664,80.88333333333333,0.1923990498812351,0.8356164383561644
neil-cross,HYROX DOUBLES MIXED,40-49,,Cardiff,2025,6.4,4.45,5.483333333333333,1.6833333333333331,5.55,4.216666666666667,5.45,4.833333333333333,5.383333333333334,4.833333333333333,5.366666666666666,1.8166666666666669,5.333333333333333,3.333333333333333,5.9,5.116666666666666,5.9,44.86666666666667,30.28333333333333,81.05,0.16666666666666677,0.3992094861660078
joanne-wood,HYROX DOUBLES MIXED,30-39,,Cardiff,2025,5.933333333333334,4.766666666666667,5.566666666666666,1.4,5.716666666666667,3.683333333333333,5.95,4.666666666666667,6.05,5.233333333333333,5.916666666666667,1.7833333333333334,5.933333333333334,3.1,6.6,3.683333333333333,5.5,47.666666666666664,28.31666666666667,81.48333333333332,0.15656565656565655,0.38009049773755654
rachel-crudden,HYROX DOUBLES MIXED,40-49,,Cardiff,2025,5.8,4.883333333333334,5.05,2.25,5.316666666666666,4.95,5.533333333333333,5.2,5.5,5.2,5.5,1.8333333333333333,5.5,3.6666666666666665,6.35,4.7,4.566666666666666,44.55,32.68333333333334,81.8,0.2047244094488189,0.45454545454545453
rachel-weaver,HYROX DOUBLES MIXED,40-49,,Cardiff,2025,6.116666666666666,4.5,5.533333333333333,1.5666666666666669,5.9,3.75,5.983333333333333,3.9166666666666665,5.833333333333333,4.65,5.85,1.7833333333333334,5.883333333333334,4.15,6.55,5.2,5.366666666666666,47.64999999999999,29.51666666666667,82.53333333333333,0.15521628498727735,0.41777777777777786
ellis-richardson,HYROX DOUBLES MIXED,30-39,,Cardiff,2025,6.216666666666667,4.55,6.15,1.9333333333333331,6.283333333333333,3.0166666666666666,6.383333333333334,3.283333333333333,6.383333333333334,4.7,6.35,1.6166666666666667,6.383333333333334,2.9166666666666665,6.866666666666666,5.333333333333333,6.383333333333334,51.016666666666666,27.35,84.74999999999999,0.10436893203883485,0.6408839779005524
clare-nicholls,HYROX DOUBLES MIXED,40-49,,Cardiff,2025,6.55,4.25,5.616666666666666,1.7833333333333334,5.883333333333334,3.3,5.866666666666666,4.3,6.0,4.45,5.966666666666667,1.9166666666666667,6.083333333333333,4.133333333333334,7.016666666666667,6.05,5.9,48.983333333333334,30.183333333333334,85.06666666666668,0.19952494061757725,0.5404040404040404
rachel-symington,HYROX DOUBLES MIXED,40-49,,Cardiff,2025,5.833333333333333,4.533333333333333,5.95,2.65,6.033333333333333,4.216666666666667,6.316666666666666,4.066666666666666,6.15,5.233333333333333,6.05,2.066666666666667,6.1,3.733333333333333,6.966666666666667,5.3,6.05,49.4,31.8,87.24999999999999,0.16267942583732062,0.6284584980237153
francesca-davies,HYROX DOUBLES MIXED,16-29,,Cardiff,2025,6.1,4.766666666666667,5.85,2.316666666666667,6.5,3.333333333333333,6.416666666666667,4.616666666666666,6.766666666666667,4.8,6.6,1.9,6.683333333333334,3.5166666666666666,7.866666666666666,4.566666666666666,5.083333333333333,52.78333333333334,29.816666666666666,87.68333333333334,0.2563559322033898,0.6950000000000002
megan-davies,HYROX DOUBLES MIXED,16-29,,Cardiff,2025,5.883333333333334,4.55,5.516666666666667,2.15,6.066666666666666,4.45,6.316666666666666,3.816666666666667,6.516666666666667,4.966666666666667,6.233333333333333,1.85,6.216666666666667,4.933333333333334,6.766666666666667,6.283333333333333,5.516666666666667,49.516666666666666,33.0,88.03333333333333,0.18472906403940886,0.4831460674157303
oli-leighton,HYROX DOUBLES MIXED,30-39,,Cardiff,2025,6.233333333333333,4.283333333333333,5.966666666666667,2.033333333333333,6.516666666666667,3.4833333333333334,6.633333333333334,3.883333333333333,7.0,4.866666666666666,7.433333333333334,1.6333333333333333,7.1,3.85,8.133333333333333,4.516666666666667,5.25,55.016666666666666,28.55,88.81666666666665,0.2663934426229508,0.5837320574162679
chris-owen,HYROX DOUBLES MIXED,30-39,,Cardiff,2025,6.8,4.583333333333333,5.95,2.05,6.166666666666667,4.2,6.116666666666666,4.566666666666666,6.2,4.766666666666667,6.266666666666667,1.95,6.233333333333333,5.3,7.466666666666667,4.45,6.433333333333334,51.2,31.866666666666664,89.50000000000001,0.203125,0.488095238095238
luke-smith,HYROX DOUBLES MIXED,30-39,,Cardiff,2025,6.05,4.383333333333334,6.333333333333333,1.7833333333333334,7.066666666666666,3.85,7.016666666666667,4.5,7.166666666666667,5.316666666666666,6.95,1.7166666666666666,6.866666666666666,3.1,7.383333333333334,4.433333333333334,6.8,54.833333333333336,29.083333333333336,90.71666666666665,0.18058690744921,0.46320346320346323
chloe-sives-jackson,HYROX DOUBLES MIXED,16-29,,Cardiff,2025,6.416666666666667,4.633333333333334,6.183333333333334,2.6666666666666665,6.166666666666667,5.366666666666666,6.283333333333333,4.5,6.133333333333334,4.9,6.116666666666666,2.35,6.45,5.166666666666667,7.583333333333333,5.45,5.45,51.33333333333334,35.03333333333334,91.81666666666668,0.19340659340659344,0.4968944099378882
connor-powell,HYROX DOUBLES MIXED,16-29,,Cardiff,2025,7.083333333333333,4.783333333333333,7.583333333333333,2.8,6.1,5.8,5.983333333333333,3.55,6.366666666666666,5.283333333333333,6.283333333333333,2.1166666666666667,6.35,3.9,7.016666666666667,4.05,7.566666666666666,52.766666666666666,32.28333333333333,92.61666666666665,0.21098901098901096,0.48275862068965514
vicky-liner-douglas,HYROX DOUBLES MIXED,30-39,,Cardiff,2025,6.733333333333333,4.95,6.216666666666667,1.7333333333333334,6.65,4.116666666666666,6.7,4.116666666666666,7.416666666666667,5.366666666666666,6.866666666666666,2.2333333333333334,6.816666666666666,3.8666666666666663,8.2,5.183333333333334,5.983333333333333,55.60000000000001,31.56666666666667,93.14999999999999,0.24186991869918692,0.4210526315789474
jade-barsby,HYROX DOUBLES MIXED,30-39,,Cardiff,2025,6.333333333333333,4.466666666666667,6.583333333333333,2.7333333333333334,6.983333333333333,4.616666666666666,7.483333333333333,4.25,6.95,5.183333333333334,6.9,2.05,6.883333333333334,4.85,8.25,4.416666666666667,6.366666666666666,56.36666666666667,32.56666666666666,95.3,0.23232323232323235,0.5920577617328521
tom-denner-harris,HYROX DOUBLES MIXED,40-49,,Cardiff,2025,7.033333333333333,4.5,6.716666666666667,2.333333333333333,6.566666666666666,4.466666666666667,6.666666666666667,4.366666666666666,6.883333333333334,5.35,6.833333333333333,2.533333333333333,7.05,4.0,7.566666666666666,6.066666666666666,7.316666666666666,55.31666666666666,33.61666666666666,96.24999999999997,0.13215859030837004,0.5223880597014925
casey-rogers,HYROX DOUBLES MIXED,40-49,,Cardiff,2025,6.583333333333333,4.733333333333333,6.05,2.3,6.866666666666666,5.933333333333334,7.283333333333333,5.516666666666667,6.9,5.283333333333333,6.383333333333334,1.9666666666666663,6.316666666666666,4.866666666666666,7.416666666666667,6.566666666666666,8.133333333333333,53.79999999999999,37.166666666666664,99.09999999999997,0.18426966292134836,0.3876404494382022
emily-blake,HYROX DOUBLES MIXED,30-39,,Cardiff,2025,6.35,4.7,6.9,2.75,7.283333333333333,4.383333333333334,7.15,5.716666666666667,7.3,6.0,7.066666666666666,1.3666666666666667,7.416666666666667,4.95,9.566666666666666,6.5,7.216666666666667,59.03333333333333,36.36666666666667,102.61666666666667,0.3362369337979094,0.6273764258555132
lois-ashton,HYROX DOUBLES MIXED,16-29,,Cardiff,2025,6.5,4.633333333333334,6.133333333333334,2.466666666666667,6.566666666666666,5.466666666666667,7.1,6.7,7.733333333333333,5.8,7.6,2.1666666666666665,7.583333333333333,5.7,9.0,6.15,8.133333333333333,58.21666666666667,39.083333333333336,105.43333333333334,0.3185185185185185,0.45121951219512196
alessandra-campos,HYROX DOUBLES MIXED,35-39,,Fortaleza,2026,4.483333333333333,3.933333333333333,3.95,1.3833333333333333,4.2,3.05,4.083333333333333,2.583333333333333,4.066666666666666,4.216666666666667,4.15,1.7,4.116666666666666,2.7,4.25,3.283333333333333,4.283333333333333,33.3,22.85,60.43333333333333,0.11895910780669142,0.453551912568306
anna-clara-tavares,HYROX DOUBLES MIXED,30-34,,Fortaleza,2026,5.1,4.083333333333333,4.333333333333333,1.7833333333333334,4.733333333333333,3.316666666666667,4.616666666666666,2.8666666666666667,4.65,4.233333333333333,4.533333333333333,1.6166666666666667,4.9,3.3666666666666667,4.85,3.433333333333333,5.283333333333333,37.71666666666667,24.700000000000003,67.7,0.1503267973856209,0.5376884422110553
bruno-pires,HYROX DOUBLES MIXED,35-39,,Fortaleza,2026,5.25,4.216666666666667,4.366666666666666,2.4,4.9,4.15,4.45,2.75,4.75,4.6,4.616666666666666,1.8666666666666667,4.416666666666667,3.55,4.8,3.783333333333333,5.416666666666667,37.55,27.31666666666667,70.28333333333333,0.16825396825396832,0.5783132530120482
guilherme-dos-santos-andrade,HYROX DOUBLES MIXED,40-44,,Fortaleza,2026,5.383333333333334,4.55,4.55,1.8166666666666669,5.05,3.65,5.116666666666666,3.1333333333333333,4.916666666666667,4.766666666666667,5.05,1.8833333333333333,4.95,3.5,5.166666666666667,3.05,6.916666666666667,40.18333333333334,26.35,73.45,0.15479876160990722,0.49771689497716903
renato-jr,HYROX DOUBLES MIXED,40-44,,Fortaleza,2026,6.283333333333333,4.783333333333333,5.133333333333334,1.9,5.033333333333333,3.6666666666666665,5.15,3.25,5.183333333333334,4.633333333333334,4.883333333333334,2.066666666666667,5.066666666666666,1.8166666666666669,5.283333333333333,3.433333333333333,7.766666666666667,42.016666666666666,25.55,75.33333333333333,0.22281167108753308,0.5181818181818182
eugenia-gregorio,HYROX DOUBLES MIXED,35-39,,Fortaleza,2026,5.183333333333334,4.066666666666666,6.866666666666666,2.783333333333333,5.05,3.8,4.916666666666667,3.466666666666667,5.233333333333333,4.55,5.116666666666666,1.8333333333333333,5.166666666666667,3.1333333333333333,5.666666666666667,3.1666666666666665,6.6,43.199999999999996,26.799999999999997,76.6,0.2839805825242718,0.7324561403508772
rafael-dias,HYROX DOUBLES MIXED,30-34,,Fortaleza,2026,5.566666666666666,4.266666666666667,4.966666666666667,1.85,5.533333333333333,4.566666666666666,5.316666666666666,4.116666666666666,5.183333333333334,4.733333333333333,5.066666666666666,1.9666666666666663,5.083333333333333,4.866666666666666,5.116666666666666,3.683333333333333,6.5,41.833333333333336,30.05,78.38333333333334,0.1077844311377245,0.40510948905109495
bruno-passini,HYROX DOUBLES MIXED,35-39,,Fortaleza,2026,5.35,4.233333333333333,5.05,1.7166666666666666,5.466666666666667,3.466666666666667,5.35,3.3666666666666667,5.366666666666666,4.833333333333333,5.3,1.9833333333333332,6.666666666666667,3.683333333333333,6.533333333333333,4.316666666666666,7.116666666666666,45.08333333333333,27.6,79.8,0.24250000000000005,0.49519230769230765
esequias-mendes,HYROX DOUBLES MIXED,35-39,,Fortaleza,2026,5.666666666666667,4.233333333333333,7.366666666666666,2.2333333333333334,5.516666666666667,4.35,5.466666666666667,3.1333333333333333,5.65,4.583333333333333,5.816666666666666,1.7833333333333334,5.483333333333333,3.4,5.916666666666667,3.6166666666666663,6.216666666666667,46.88333333333333,27.333333333333332,80.43333333333334,0.257918552036199,0.5134099616858238
maria-eduarda-santos,HYROX DOUBLES MIXED,25-29,,Fortaleza,2026,6.133333333333334,4.4,5.316666666666666,1.85,5.666666666666667,3.9,5.55,3.583333333333333,5.533333333333333,4.816666666666666,5.466666666666667,2.183333333333333,5.6,4.733333333333333,6.183333333333334,3.9,7.083333333333333,45.45,29.366666666666667,81.9,0.14016172506738553,0.4743589743589744
ronaldo-nunes-carvalho,HYROX DOUBLES MIXED,40-44,,Fortaleza,2026,6.266666666666667,4.183333333333334,5.166666666666667,2.0,5.6,3.5166666666666666,5.766666666666667,4.566666666666666,5.816666666666666,4.866666666666666,5.616666666666666,2.066666666666667,5.933333333333334,4.716666666666667,6.2,3.95,6.9,46.36666666666666,29.866666666666664,83.13333333333333,0.17553191489361697,0.5687203791469194
douglas-lima,HYROX DOUBLES MIXED,30-34,,Fortaleza,2026,5.916666666666667,4.45,6.916666666666667,2.3,6.933333333333334,3.716666666666667,4.916666666666667,3.033333333333333,5.016666666666667,4.983333333333333,5.3,2.1666666666666665,5.2,3.4166666666666665,5.533333333333333,4.066666666666666,10.6,45.733333333333334,28.133333333333336,84.46666666666667,0.2908653846153846,0.6188340807174887
kelly-meurer,HYROX DOUBLES MIXED,35-39,,Fortaleza,2026,6.533333333333333,4.433333333333334,5.3,1.4833333333333334,5.666666666666667,3.333333333333333,5.933333333333334,3.3833333333333333,6.133333333333334,4.966666666666667,5.916666666666667,2.033333333333333,5.933333333333334,3.883333333333333,6.766666666666667,4.866666666666666,9.616666666666667,48.18333333333334,28.383333333333333,86.18333333333334,0.21674876847290642,0.44500000000000006
mariana-cavalcante,HYROX DOUBLES MIXED,30-34,,Fortaleza,2026,6.566666666666666,4.566666666666666,5.433333333333334,2.533333333333333,5.516666666666667,3.7666666666666666,5.666666666666667,4.883333333333334,5.916666666666667,4.783333333333333,5.733333333333333,2.3,6.35,4.6,6.633333333333334,4.5,8.833333333333334,47.81666666666667,31.93333333333333,88.58333333333333,0.18090452261306533,0.6725663716814159
tatiana-maia-cavalcanti,HYROX DOUBLES MIXED,30-34,,Fortaleza,2026,5.833333333333333,4.45,5.316666666666666,3.1166666666666667,5.7,4.683333333333334,6.25,3.966666666666667,6.183333333333334,5.283333333333333,5.8,1.9,6.083333333333333,4.416666666666667,6.983333333333333,5.566666666666666,10.116666666666667,48.15,33.38333333333333,91.65,0.23866348448687355,0.6654804270462633
renata-baltar,HYROX DOUBLES MIXED,40-44,,Fortaleza,2026,7.066666666666666,4.833333333333333,5.783333333333333,2.85,6.166666666666667,5.9,6.233333333333333,3.6666666666666665,6.133333333333334,5.2,6.466666666666667,2.033333333333333,6.983333333333333,5.183333333333334,7.616666666666666,3.733333333333333,9.833333333333334,52.45,33.4,95.68333333333335,0.24070021881838072,0.4830508474576271
joao-pedro-muniz-sabba-guimaraes,HYROX DOUBLES MIXED,25-29,,Fortaleza,2026,7.483333333333333,4.2,6.483333333333333,7.2,6.833333333333333,7.683333333333334,6.783333333333333,3.95,6.883333333333334,4.683333333333334,6.916666666666667,2.216666666666667,6.75,3.85,7.016666666666667,4.216666666666667,7.483333333333333,55.15,38.00000000000001,100.63333333333334,0.13363028953229397,0.9370932754880694
thamires-santana,HYROX DOUBLES MIXED,30-34,,Fortaleza,2026,7.35,4.6,6.716666666666667,2.583333333333333,7.0,5.233333333333333,8.25,6.3,7.183333333333334,5.45,6.55,2.1666666666666665,7.85,6.216666666666667,10.516666666666667,5.25,13.166666666666666,61.416666666666664,37.8,112.38333333333334,0.3771790808240888,0.4936305732484076
zara-piergianni,HYROX DOUBLES MIXED,35-39,,Lisbon,2026,2.95,3.6166666666666663,3.633333333333333,1.4333333333333331,3.7,2.2333333333333334,3.783333333333333,1.8666666666666667,3.8333333333333335,3.8666666666666663,3.85,1.2833333333333334,3.883333333333333,2.283333333333333,3.816666666666667,3.35,3.1,29.45,19.933333333333334,52.48333333333333,0.24034334763948484,0.6417910447761193
ricardo-ribeiro,HYROX DOUBLES MIXED,30-34,,Lisbon,2026,3.1666666666666665,3.9166666666666665,3.966666666666667,1.5833333333333333,4.15,2.5166666666666666,4.15,2.35,4.083333333333333,4.066666666666666,4.15,1.5666666666666669,4.083333333333333,2.6666666666666665,4.216666666666667,3.8,3.566666666666667,31.96666666666666,22.466666666666665,57.99999999999999,0.24901185770750994,0.6291390728476821
ivan-silva,HYROX DOUBLES MIXED,45-49,,Lisbon,2026,3.2,4.05,4.183333333333334,2.1166666666666667,4.35,3.15,4.25,2.35,4.383333333333334,4.083333333333333,4.216666666666667,1.5333333333333334,4.383333333333334,2.45,4.316666666666666,3.583333333333333,3.6666666666666665,33.28333333333333,23.316666666666666,60.266666666666666,0.2699619771863118,0.671957671957672
diana-martin-hidalgo,HYROX DOUBLES MIXED,40-44,,Lisbon,2026,3.283333333333333,4.2,3.95,1.9833333333333332,3.933333333333333,3.1666666666666665,3.95,2.9166666666666665,4.066666666666666,4.316666666666666,4.183333333333334,1.5333333333333334,4.183333333333334,3.466666666666667,4.333333333333333,3.633333333333333,3.95,31.883333333333333,25.21666666666667,61.050000000000004,0.24230769230769228,0.6263157894736842
vincent-billault,HYROX DOUBLES MIXED,35-39,,Lisbon,2026,3.3666666666666667,3.983333333333333,4.3,1.8666666666666667,4.366666666666666,2.816666666666667,4.45,2.033333333333333,4.516666666666667,4.2,4.633333333333334,1.6166666666666667,4.533333333333333,2.816666666666667,4.666666666666667,3.8,4.083333333333333,34.83333333333333,23.133333333333333,62.050000000000004,0.27857142857142864,0.6627218934911242
alejandro-ocana-ledesma,HYROX DOUBLES MIXED,35-39,,Lisbon,2026,3.633333333333333,4.183333333333334,4.35,1.7666666666666666,4.45,3.683333333333333,4.4,2.25,4.466666666666667,4.25,4.5,1.65,4.533333333333333,2.7666666666666666,4.533333333333333,3.466666666666667,3.816666666666667,34.86666666666667,24.016666666666666,62.699999999999996,0.19852941176470595,0.4796380090497738
osvaldo-lomeli,HYROX DOUBLES MIXED,25-29,,Lisbon,2026,3.3,3.883333333333333,4.166666666666667,2.316666666666667,4.5,2.8666666666666667,4.466666666666667,2.566666666666667,4.666666666666667,4.266666666666667,4.466666666666667,1.65,4.533333333333333,3.066666666666667,4.7,3.816666666666667,4.266666666666667,34.800000000000004,24.43333333333333,63.500000000000014,0.29787234042553196,0.808139534883721
paulo-dias,HYROX DOUBLES MIXED,30-34,,Lisbon,2026,3.1666666666666665,4.0,4.116666666666666,2.15,4.466666666666667,3.466666666666667,4.433333333333334,2.95,4.6,4.366666666666666,4.516666666666667,1.7333333333333334,4.5,3.2,4.666666666666667,3.6166666666666663,4.166666666666667,34.46666666666666,25.483333333333334,64.11666666666667,0.3214285714285715,0.6201923076923076
chloe-wakelam,HYROX DOUBLES MIXED,25-29,,Lisbon,2026,3.4,4.05,4.083333333333333,2.033333333333333,4.333333333333333,3.8666666666666663,4.333333333333333,2.95,4.333333333333333,4.566666666666666,4.35,1.75,4.466666666666667,3.533333333333333,4.683333333333334,4.183333333333334,4.1,33.983333333333334,26.933333333333334,65.01666666666667,0.2740213523131673,0.5258620689655172
ellie-ripley,HYROX DOUBLES MIXED,25-29,,Lisbon,2026,3.216666666666667,4.05,4.066666666666666,2.4833333333333334,4.233333333333333,4.35,4.233333333333333,3.3666666666666667,4.316666666666666,4.366666666666666,4.283333333333333,1.9166666666666667,4.283333333333333,3.1333333333333333,4.233333333333333,4.833333333333333,4.016666666666667,32.86666666666667,28.5,65.38333333333334,0.25482625482625476,0.5708812260536399
leonel-pereira,HYROX DOUBLES MIXED,16-24,,Lisbon,2026,3.55,4.25,4.2,1.8833333333333333,4.466666666666667,3.25,4.533333333333333,3.75,4.5,4.35,4.45,1.6666666666666667,4.416666666666667,3.5166666666666666,4.55,4.25,4.266666666666667,34.666666666666664,26.916666666666668,65.85,0.21978021978021978,0.5794871794871794
andre-pinto,HYROX DOUBLES MIXED,16-24,,Lisbon,2026,4.05,4.15,4.716666666666667,1.7666666666666666,4.85,3.566666666666667,4.85,2.1333333333333333,4.966666666666667,4.316666666666666,5.033333333333333,1.8666666666666667,4.783333333333333,2.7666666666666666,4.833333333333333,3.466666666666667,4.366666666666666,38.08333333333333,24.03333333333333,66.48333333333333,0.19536423841059605,0.49532710280373826
paddy-carberry,HYROX DOUBLES MIXED,30-34,,Lisbon,2026,3.533333333333333,4.066666666666666,4.416666666666667,1.9666666666666663,4.733333333333333,3.4166666666666665,4.8,3.0166666666666666,4.833333333333333,4.5,4.85,1.6166666666666667,4.816666666666666,3.4166666666666665,4.783333333333333,3.683333333333333,4.466666666666667,36.766666666666666,25.683333333333334,66.91666666666666,0.27147766323024053,0.5756097560975609
joseph-otto,HYROX DOUBLES MIXED,25-29,,Lisbon,2026,4.033333333333333,4.366666666666666,4.65,1.9,4.6,3.35,4.65,3.05,4.55,4.733333333333333,4.516666666666667,1.6166666666666667,4.633333333333334,2.9833333333333334,4.783333333333333,3.8666666666666663,5.05,36.416666666666664,25.866666666666667,67.33333333333333,0.15679442508710803,0.5671641791044776
aina-cabrera-xumet,HYROX DOUBLES MIXED,30-34,,Lisbon,2026,3.6,4.35,4.466666666666667,2.3,5.033333333333333,3.4833333333333334,4.983333333333333,2.033333333333333,4.983333333333333,4.35,5.1,1.5666666666666669,5.183333333333334,3.433333333333333,5.233333333333333,3.333333333333333,4.516666666666667,38.58333333333333,24.849999999999998,67.95,0.31210191082802546,0.6602870813397128
daria-seredich,HYROX DOUBLES MIXED,35-39,,Lisbon,2026,3.6,4.216666666666667,4.333333333333333,1.8333333333333333,4.366666666666666,3.65,4.566666666666666,2.9166666666666665,4.7,4.533333333333333,4.65,1.8666666666666667,4.716666666666667,4.183333333333334,4.683333333333334,4.866666666666666,4.7,35.616666666666674,28.066666666666666,68.38333333333334,0.23674911660777384,0.502283105022831
paige-jowsey,HYROX DOUBLES MIXED,30-34,,Lisbon,2026,4.133333333333334,4.033333333333333,4.816666666666666,1.7666666666666666,5.016666666666667,3.283333333333333,4.983333333333333,3.433333333333333,5.083333333333333,4.3,4.983333333333333,1.6166666666666667,5.116666666666666,3.0166666666666666,5.05,3.933333333333333,4.25,39.18333333333333,25.383333333333333,68.81666666666665,0.19218241042345263,0.5380710659898477
monica-sanfeliz,HYROX DOUBLES MIXED,35-39,,Lisbon,2026,3.6166666666666663,4.0,4.433333333333334,2.183333333333333,4.816666666666666,3.466666666666667,4.8,3.533333333333333,4.75,4.7,4.816666666666666,2.1333333333333333,4.75,3.4833333333333334,5.0,3.683333333333333,5.016666666666667,36.983333333333334,27.183333333333334,69.18333333333334,0.2766666666666667,0.6298076923076922
joana-narciso,HYROX DOUBLES MIXED,35-39,,Lisbon,2026,3.7666666666666666,4.383333333333334,4.4,2.6,4.566666666666666,3.466666666666667,4.616666666666666,2.683333333333333,4.733333333333333,4.45,4.666666666666667,3.8666666666666663,4.833333333333333,3.733333333333333,4.716666666666667,3.716666666666667,4.666666666666667,36.300000000000004,28.900000000000006,69.86666666666667,0.22068965517241376,0.75
charlotte-herrington,HYROX DOUBLES MIXED,30-34,,Lisbon,2026,3.633333333333333,4.116666666666666,4.633333333333334,2.6,4.883333333333334,3.433333333333333,5.166666666666667,3.05,5.0,4.466666666666667,5.15,1.8333333333333333,5.266666666666667,3.6166666666666663,4.966666666666667,3.65,4.8,38.7,26.766666666666662,70.26666666666667,0.3101265822784811,0.7572815533980584
rebecca-mcallen,HYROX DOUBLES MIXED,30-34,,Lisbon,2026,3.933333333333333,4.166666666666667,4.7,2.45,4.8,3.566666666666667,4.9,3.283333333333333,5.016666666666667,4.416666666666667,5.15,1.7666666666666666,5.066666666666666,3.733333333333333,5.183333333333334,3.8333333333333335,4.633333333333334,38.75,27.216666666666665,70.60000000000001,0.24115755627009655,0.6869158878504673
diogo-morais,HYROX DOUBLES MIXED,30-34,,Lisbon,2026,3.8,4.083333333333333,4.633333333333334,1.9666666666666663,4.933333333333334,3.633333333333333,4.933333333333334,3.3666666666666667,5.4,4.316666666666666,5.15,1.8166666666666669,5.4,3.533333333333333,5.266666666666667,3.4833333333333334,5.266666666666667,39.516666666666666,26.200000000000003,70.98333333333333,0.2962962962962964,0.5412844036697247
jorge-alba-guillen,HYROX DOUBLES MIXED,30-34,,Lisbon,2026,3.6666666666666665,4.183333333333334,4.75,2.8666666666666667,5.2,4.083333333333333,4.95,3.066666666666667,4.983333333333333,4.333333333333333,5.0,1.6333333333333333,5.2,3.433333333333333,5.166666666666667,3.95,4.816666666666666,38.916666666666664,27.549999999999997,71.28333333333333,0.29487179487179493,0.7020408163265307
laura-hebecker,HYROX DOUBLES MIXED,30-34,,Lisbon,2026,4.116666666666666,4.166666666666667,4.783333333333333,4.866666666666666,4.883333333333334,4.05,4.9,2.966666666666667,4.816666666666666,4.383333333333334,4.75,1.4833333333333334,4.966666666666667,3.15,4.95,3.633333333333333,4.833333333333333,38.166666666666664,28.699999999999996,71.69999999999999,0.17114093959731555,1.2016460905349793
maria-diaz,HYROX DOUBLES MIXED,30-34,,Lisbon,2026,4.2,4.2,4.616666666666666,2.1,4.933333333333334,5.216666666666667,5.016666666666667,3.066666666666667,4.933333333333334,4.533333333333333,5.033333333333333,1.9666666666666663,5.116666666666666,3.3833333333333333,5.233333333333333,4.133333333333334,4.533333333333333,39.083333333333336,28.599999999999998,72.21666666666668,0.19745222929936304,0.402555910543131
rui-amorim,HYROX DOUBLES MIXED,40-44,,Lisbon,2026,3.9,4.333333333333333,4.716666666666667,2.75,5.016666666666667,3.4166666666666665,5.133333333333334,3.65,5.266666666666667,4.483333333333333,5.266666666666667,1.7666666666666666,5.433333333333334,3.433333333333333,5.45,4.116666666666666,4.35,40.18333333333334,27.95,72.48333333333332,0.28440366972477066,0.8048780487804879
joao-bento,HYROX DOUBLES MIXED,30-34,,Lisbon,2026,5.533333333333333,4.116666666666666,4.733333333333333,2.1666666666666665,4.883333333333334,3.25,4.866666666666666,3.3,5.066666666666666,4.5,4.95,2.0166666666666666,5.0,3.65,5.25,4.166666666666667,5.483333333333333,40.28333333333333,27.166666666666664,72.93333333333332,0.14457831325301201,0.6666666666666666
daniela-prata,HYROX DOUBLES MIXED,35-39,,Lisbon,2026,3.6,4.516666666666667,4.566666666666666,1.95,4.95,3.8,4.9,4.033333333333333,4.933333333333334,4.65,5.133333333333334,1.9833333333333332,4.95,4.133333333333334,5.333333333333333,4.766666666666667,4.966666666666667,38.36666666666667,29.833333333333332,73.16666666666667,0.32499999999999996,0.5131578947368421
goncalo-rosa,HYROX DOUBLES MIXED,30-34,,Lisbon,2026,4.066666666666666,4.233333333333333,4.966666666666667,2.333333333333333,5.383333333333334,3.633333333333333,5.416666666666667,2.216666666666667,5.483333333333333,4.416666666666667,5.383333333333334,1.9,5.516666666666667,3.1333333333333333,5.666666666666667,3.9,5.716666666666667,41.88333333333333,25.766666666666662,73.36666666666667,0.28235294117647064,0.6422018348623854
rita-leite,HYROX DOUBLES MIXED,35-39,,Lisbon,2026,4.2,4.516666666666667,4.883333333333334,2.85,5.183333333333334,4.133333333333334,5.116666666666666,3.816666666666667,5.083333333333333,4.383333333333334,5.15,1.65,5.2,3.4166666666666665,5.166666666666667,3.8333333333333335,5.0,39.983333333333334,28.599999999999998,73.58333333333333,0.1923076923076923,0.689516129032258
nelia-isidoro,HYROX DOUBLES MIXED,35-39,,Lisbon,2026,4.633333333333334,4.483333333333333,5.15,2.25,5.266666666666667,3.966666666666667,5.183333333333334,3.283333333333333,5.35,4.766666666666667,5.283333333333333,1.75,5.4,3.2333333333333334,5.283333333333333,3.816666666666667,4.733333333333333,41.55,27.55,73.83333333333333,0.1419753086419753,0.5672268907563025
vania-santos,HYROX DOUBLES MIXED,30-34,,Lisbon,2026,3.9,4.366666666666666,4.816666666666666,2.333333333333333,5.116666666666666,3.6166666666666663,5.133333333333334,2.7333333333333334,5.166666666666667,4.55,5.216666666666667,1.9333333333333331,5.2,3.7,5.35,5.483333333333333,5.5,39.900000000000006,28.71666666666667,74.11666666666667,0.27102803738317754,0.6451612903225806
janine-challakh,HYROX DOUBLES MIXED,45-49,,Lisbon,2026,3.7666666666666666,4.316666666666666,4.65,1.8333333333333333,5.133333333333334,4.0,5.05,2.9833333333333334,5.166666666666667,4.883333333333334,5.0,1.6166666666666667,5.066666666666666,4.0,5.35,6.616666666666666,4.933333333333334,39.18333333333334,30.25,74.36666666666667,0.29595015576323985,0.4583333333333333
andres-michellod,HYROX DOUBLES MIXED,30-34,,Lisbon,2026,3.966666666666667,4.433333333333334,4.816666666666666,2.9166666666666665,5.033333333333333,4.583333333333333,5.05,3.333333333333333,5.383333333333334,4.883333333333334,5.133333333333334,1.8333333333333333,5.133333333333334,3.85,5.216666666666667,3.983333333333333,5.183333333333334,39.733333333333334,29.816666666666666,74.73333333333335,0.26315789473684215,0.6363636363636364
carla-palasti,HYROX DOUBLES MIXED,30-34,,Lisbon,2026,4.416666666666667,4.5,4.833333333333333,2.2,4.816666666666666,3.583333333333333,5.083333333333333,3.283333333333333,5.283333333333333,4.733333333333333,5.166666666666667,2.283333333333333,5.1,4.266666666666667,5.316666666666666,4.533333333333333,5.566666666666666,40.016666666666666,29.383333333333333,74.96666666666667,0.16927899686520367,0.6139534883720931
telma-mateus,HYROX DOUBLES MIXED,35-39,,Lisbon,2026,4.6,4.15,5.433333333333334,1.9666666666666663,5.666666666666667,3.533333333333333,5.966666666666667,2.7666666666666666,5.95,4.083333333333333,5.916666666666667,1.7,5.716666666666667,3.35,5.716666666666667,4.0,4.883333333333334,44.96666666666667,25.55,75.4,0.229050279329609,0.5566037735849055
vanda-graca,HYROX DOUBLES MIXED,40-44,,Lisbon,2026,4.15,4.266666666666667,5.116666666666666,2.083333333333333,5.183333333333334,4.05,5.25,3.1333333333333333,5.316666666666666,4.583333333333333,5.566666666666666,1.6,5.383333333333334,3.683333333333333,5.5,5.033333333333333,5.733333333333333,41.46666666666667,28.43333333333333,75.63333333333334,0.25449101796407175,0.51440329218107
victoria-wale,HYROX DOUBLES MIXED,25-29,,Lisbon,2026,4.283333333333333,4.366666666666666,5.133333333333334,2.05,5.283333333333333,3.3833333333333333,5.466666666666667,3.283333333333333,5.833333333333333,4.5,5.416666666666667,1.55,5.4,3.55,5.966666666666667,5.316666666666666,5.083333333333333,42.78333333333334,28.0,75.86666666666666,0.28212290502793297,0.605911330049261
rita-rosa,HYROX DOUBLES MIXED,25-29,,Lisbon,2026,4.066666666666666,4.466666666666667,4.783333333333333,2.1,4.616666666666666,4.6,4.9,2.5,4.816666666666666,4.816666666666666,5.266666666666667,2.216666666666667,6.55,3.65,5.366666666666666,6.35,5.1,40.36666666666667,30.700000000000003,76.16666666666667,0.3791348600508906,0.4565217391304348
madalena-vassalo,HYROX DOUBLES MIXED,35-39,,Lisbon,2026,4.216666666666667,4.166666666666667,5.183333333333334,2.3666666666666667,5.55,4.216666666666667,5.683333333333334,3.733333333333333,5.65,4.516666666666667,5.6,1.9833333333333332,5.516666666666667,3.566666666666667,5.466666666666667,3.883333333333333,5.316666666666666,42.86666666666667,28.433333333333334,76.61666666666667,0.25806451612903225,0.5612648221343873
alexander-robertson,HYROX DOUBLES MIXED,30-34,,Lisbon,2026,3.8,4.35,4.75,3.1166666666666667,4.983333333333333,4.05,4.966666666666667,4.933333333333334,5.15,4.616666666666666,4.983333333333333,1.8166666666666669,5.083333333333333,4.333333333333333,5.383333333333334,5.883333333333334,4.8,39.1,33.1,77.0,0.2941176470588236,0.7695473251028807
ana-fonseca,HYROX DOUBLES MIXED,35-39,,Lisbon,2026,4.716666666666667,4.3,5.5,2.2333333333333334,5.55,3.65,5.533333333333333,2.8,5.8,4.633333333333334,5.666666666666667,1.9333333333333331,5.75,3.9,5.75,3.95,5.583333333333333,44.266666666666666,27.4,77.24999999999999,0.18678160919540227,0.6118721461187215
raquel-vieira,HYROX DOUBLES MIXED,45-49,,Lisbon,2026,4.6,4.233333333333333,5.45,2.3666666666666667,5.433333333333334,3.983333333333333,5.483333333333333,3.75,5.6,4.566666666666666,5.716666666666667,1.8666666666666667,5.75,3.45,5.9,3.966666666666667,5.3,43.93333333333334,28.18333333333333,77.41666666666667,0.22033898305084756,0.594142259414226
marta-garrett,HYROX DOUBLES MIXED,25-29,,Lisbon,2026,3.7666666666666666,4.2,5.15,2.466666666666667,5.7,4.2,5.5,3.2666666666666666,5.733333333333333,4.4,5.7,1.7166666666666666,5.616666666666666,3.85,6.216666666666667,4.183333333333334,6.033333333333333,43.38333333333333,28.28333333333333,77.7,0.39410187667560326,0.5873015873015873
steve-jeon,HYROX DOUBLES MIXED,30-34,,Lisbon,2026,4.6,4.533333333333333,5.55,2.3666666666666667,5.816666666666666,3.45,5.75,2.8833333333333333,5.716666666666667,4.666666666666667,5.833333333333333,1.6666666666666667,6.033333333333333,4.05,6.166666666666667,4.116666666666666,4.9,45.46666666666666,27.733333333333338,78.1,0.2540540540540541,0.6859903381642511
elisa-pedras,HYROX DOUBLES MIXED,35-39,,Lisbon,2026,3.816666666666667,4.266666666666667,4.733333333333333,2.6666666666666665,5.116666666666666,3.7,4.983333333333333,3.716666666666667,5.166666666666667,4.683333333333334,5.066666666666666,2.1,5.083333333333333,5.033333333333333,5.55,5.0,7.7,39.516666666666666,31.166666666666664,78.38333333333334,0.31231231231231227,0.7207207207207207
daniel-jacob,HYROX DOUBLES MIXED,25-29,,Lisbon,2026,4.533333333333333,4.333333333333333,5.533333333333333,2.6666666666666665,5.85,3.816666666666667,5.983333333333333,3.083333333333333,6.05,4.416666666666667,6.016666666666667,2.1333333333333333,5.916666666666667,3.1166666666666667,6.066666666666666,4.0,5.2,45.95,27.566666666666666,78.71666666666668,0.25274725274725274,0.6986899563318777
zoe-ducoin,HYROX DOUBLES MIXED,16-24,,Lisbon,2026,4.466666666666667,4.55,5.5,1.9333333333333331,6.2,2.9,6.083333333333333,2.683333333333333,6.383333333333334,4.216666666666667,5.983333333333333,1.2833333333333334,6.616666666666666,3.1166666666666667,6.833333333333333,4.133333333333334,6.033333333333333,48.06666666666667,24.816666666666666,78.91666666666666,0.3463414634146341,0.6666666666666666
joao-costa,HYROX DOUBLES MIXED,30-34,,Lisbon,2026,4.733333333333333,4.0,5.483333333333333,1.8166666666666669,6.1,4.333333333333333,6.4,2.55,6.233333333333333,4.116666666666666,6.283333333333333,1.65,6.283333333333333,3.5166666666666666,5.933333333333334,4.0,5.633333333333334,47.45,25.98333333333333,79.06666666666668,0.2604166666666667,0.4192307692307693
luis-bastos,HYROX DOUBLES MIXED,30-34,,Lisbon,2026,4.066666666666666,4.35,4.933333333333334,2.6666666666666665,4.95,5.1,5.05,4.433333333333334,5.1,4.616666666666666,5.383333333333334,2.3833333333333333,5.25,4.55,5.233333333333333,5.683333333333334,5.583333333333333,39.96666666666667,33.78333333333333,79.33333333333333,0.24458204334365335,0.5228758169934641
kevin-momplot,HYROX DOUBLES MIXED,30-34,,Lisbon,2026,4.716666666666667,4.366666666666666,5.733333333333333,2.1,5.966666666666667,3.6,5.966666666666667,2.583333333333333,6.066666666666666,4.65,6.166666666666667,1.7666666666666666,6.333333333333333,3.5,6.35,4.45,5.316666666666666,47.300000000000004,27.016666666666662,79.63333333333334,0.2572178477690288,0.5833333333333334
helder-ribeiro,HYROX DOUBLES MIXED,25-29,,Lisbon,2026,4.033333333333333,4.15,5.016666666666667,2.933333333333333,5.95,4.0,5.65,3.316666666666667,5.783333333333333,4.45,5.7,1.6,5.75,4.25,5.95,4.716666666666667,6.75,43.833333333333336,29.41666666666667,80.0,0.32212885154061627,0.7333333333333333
siobhan-sicorello,HYROX DOUBLES MIXED,30-34,,Lisbon,2026,3.733333333333333,4.2,5.016666666666667,2.7666666666666666,5.8,4.166666666666667,5.733333333333333,3.3833333333333333,5.966666666666667,4.716666666666667,6.433333333333334,1.6833333333333331,6.15,3.1166666666666667,6.35,4.666666666666667,6.516666666666667,45.18333333333334,28.700000000000003,80.4,0.41968911917098456,0.6639999999999999
georgia-sutherland,HYROX DOUBLES MIXED,25-29,,Lisbon,2026,4.833333333333333,4.183333333333334,5.833333333333333,1.9833333333333332,5.983333333333333,4.216666666666667,6.016666666666667,3.216666666666667,6.15,4.516666666666667,6.016666666666667,1.6833333333333331,6.116666666666666,3.4,6.266666666666667,4.583333333333333,5.733333333333333,47.21666666666666,27.78333333333333,80.73333333333333,0.2287234042553192,0.4703557312252964
david-ferreira,HYROX DOUBLES MIXED,30-34,,Lisbon,2026,4.533333333333333,4.1,5.883333333333334,2.4166666666666665,6.0,4.0,5.966666666666667,2.6333333333333333,6.25,4.333333333333333,6.083333333333333,2.1166666666666667,6.166666666666667,3.8666666666666663,6.05,4.066666666666666,6.633333333333334,46.93333333333333,27.53333333333333,81.09999999999998,0.27466666666666667,0.6041666666666666
theo-ucendo,HYROX DOUBLES MIXED,16-24,,Lisbon,2026,3.966666666666667,4.233333333333333,5.35,1.8333333333333333,6.733333333333333,3.3,7.016666666666667,3.25,6.75,4.566666666666666,5.883333333333334,1.8166666666666669,6.45,3.7666666666666666,6.316666666666666,4.15,6.083333333333333,48.46666666666667,26.916666666666664,81.46666666666667,0.4346793349168646,0.5555555555555556
pedro-dos-santos,HYROX DOUBLES MIXED,35-39,,Lisbon,2026,4.7,4.716666666666667,5.45,2.15,5.666666666666667,4.183333333333334,5.85,3.983333333333333,5.95,4.85,5.866666666666666,1.6833333333333331,5.65,4.5,6.433333333333334,4.75,5.366666666666666,45.56666666666666,30.816666666666666,81.74999999999999,0.2694300518134715,0.5139442231075697
daniel-delfin-goncalves,HYROX DOUBLES MIXED,35-39,,Lisbon,2026,4.166666666666667,4.4,5.233333333333333,2.25,5.516666666666667,4.116666666666666,5.883333333333334,4.466666666666667,6.133333333333334,4.816666666666666,5.9,2.0166666666666666,5.95,4.533333333333333,6.483333333333333,4.266666666666667,5.866666666666666,45.26666666666667,30.86666666666666,82.0,0.35732647814910024,0.5465587044534413
christian-silva,HYROX DOUBLES MIXED,35-39,,Lisbon,2026,4.716666666666667,4.633333333333334,5.566666666666666,1.9833333333333332,6.466666666666667,5.066666666666666,6.533333333333333,2.566666666666667,6.116666666666666,4.783333333333333,5.983333333333333,1.7166666666666666,6.033333333333333,3.3833333333333333,6.583333333333333,4.933333333333334,5.35,48.0,29.066666666666663,82.41666666666669,0.2835443037974683,0.3914473684210526
sara-paulo,HYROX DOUBLES MIXED,16-24,,Lisbon,2026,4.816666666666666,4.366666666666666,5.7,2.8,6.116666666666666,3.55,6.116666666666666,2.95,6.183333333333334,5.05,6.15,1.8333333333333333,6.116666666666666,3.816666666666667,6.8,4.166666666666667,6.283333333333333,48.0,28.53333333333333,82.81666666666666,0.2916666666666667,0.7887323943661971
david-ribeiro,HYROX DOUBLES MIXED,16-24,,Lisbon,2026,4.6,4.25,5.816666666666666,2.716666666666667,6.033333333333333,4.333333333333333,5.883333333333334,2.6666666666666665,5.8,4.583333333333333,6.333333333333333,1.6666666666666667,6.216666666666667,3.566666666666667,6.383333333333334,6.066666666666666,6.216666666666667,47.06666666666667,29.85,83.13333333333334,0.2793733681462142,0.626923076923077
marina-cartas-verdugo,HYROX DOUBLES MIXED,30-34,,Lisbon,2026,4.433333333333334,4.516666666666667,5.683333333333334,2.45,5.9,4.633333333333334,5.883333333333334,4.333333333333333,5.766666666666667,4.583333333333333,5.966666666666667,1.7833333333333334,5.95,4.133333333333334,6.233333333333333,5.033333333333333,6.3,45.81666666666667,31.46666666666667,83.58333333333334,0.2887700534759358,0.5287769784172662
susana-rosa,HYROX DOUBLES MIXED,35-39,,Lisbon,2026,4.116666666666666,4.716666666666667,5.466666666666667,3.633333333333333,5.4,4.75,5.75,4.066666666666666,6.066666666666666,4.833333333333333,6.183333333333334,2.1166666666666667,5.866666666666666,4.3,6.166666666666667,4.483333333333333,5.933333333333334,45.016666666666666,32.9,83.85,0.33423180592991925,0.7649122807017543
tomas-goncalves,HYROX DOUBLES MIXED,16-24,,Lisbon,2026,4.85,4.116666666666666,5.633333333333334,2.3666666666666667,6.116666666666666,3.883333333333333,6.133333333333334,3.5,6.516666666666667,4.716666666666667,6.283333333333333,1.5166666666666666,6.95,3.7,7.216666666666667,4.433333333333334,6.166666666666667,49.7,28.23333333333333,84.10000000000001,0.32794457274826794,0.609442060085837
ilaria-rosini,HYROX DOUBLES MIXED,30-34,,Lisbon,2026,4.116666666666666,4.383333333333334,5.416666666666667,3.1333333333333333,5.583333333333333,4.55,5.833333333333333,3.933333333333333,6.033333333333333,4.5,6.5,2.083333333333333,5.983333333333333,4.216666666666667,6.4,5.133333333333334,6.383333333333334,45.86666666666667,31.93333333333333,84.18333333333334,0.36666666666666675,0.6886446886446886
ruben-assuncao,HYROX DOUBLES MIXED,30-34,,Lisbon,2026,4.266666666666667,4.133333333333334,6.0,3.316666666666667,7.25,3.966666666666667,5.983333333333333,3.3833333333333333,6.466666666666667,4.633333333333334,6.2,1.8,6.366666666666666,3.533333333333333,6.133333333333334,4.633333333333334,6.433333333333334,48.66666666666667,29.4,84.50000000000001,0.4114942528735632,0.8361344537815126
sam-james,HYROX DOUBLES MIXED,35-39,,Lisbon,2026,4.633333333333334,4.133333333333334,6.016666666666667,1.8666666666666667,6.3,3.2666666666666666,6.816666666666666,3.4833333333333334,6.833333333333333,4.2,7.0,1.7333333333333334,7.366666666666666,3.8,6.816666666666666,4.5,6.166666666666667,51.78333333333333,26.983333333333334,84.93333333333334,0.37104072398190036,0.5714285714285714
alexia-moreira,HYROX DOUBLES MIXED,25-29,,Lisbon,2026,5.683333333333334,4.1,6.866666666666666,2.533333333333333,6.833333333333333,3.55,6.733333333333333,2.7333333333333334,6.783333333333333,4.283333333333333,6.883333333333334,1.5666666666666669,6.866666666666666,3.583333333333333,6.35,4.35,5.7,53.0,26.700000000000003,85.39999999999998,0.17433414043583537,0.7136150234741784
jilliannie-couser,HYROX DOUBLES MIXED,35-39,,Lisbon,2026,4.55,4.616666666666666,5.733333333333333,2.6666666666666665,6.116666666666666,5.033333333333333,5.983333333333333,4.283333333333333,6.05,4.95,6.166666666666667,1.8333333333333333,6.216666666666667,4.466666666666667,6.316666666666666,5.033333333333333,6.0,47.13333333333334,32.88333333333333,86.01666666666667,0.2796833773087071,0.5298013245033112
ana-neves,HYROX DOUBLES MIXED,35-39,,Lisbon,2026,4.233333333333333,4.416666666666667,5.666666666666667,2.566666666666667,6.066666666666666,3.95,6.3,4.75,6.516666666666667,5.266666666666667,6.183333333333334,2.216666666666667,6.033333333333333,4.183333333333334,6.55,4.933333333333334,6.333333333333333,47.55,32.28333333333333,86.16666666666667,0.35368956743002544,0.649789029535865
faris-abdel-jalil,HYROX DOUBLES MIXED,16-24,,Lisbon,2026,4.283333333333333,4.466666666666667,5.316666666666666,2.75,5.95,4.816666666666666,5.85,4.55,6.0,5.116666666666666,5.866666666666666,1.9166666666666667,5.616666666666666,5.666666666666667,6.15,5.583333333333333,6.666666666666667,45.03333333333333,34.86666666666667,86.56666666666666,0.30352303523035234,0.5709342560553633
benjamin-marron,HYROX DOUBLES MIXED,35-39,,Lisbon,2026,4.733333333333333,4.45,5.85,2.6,6.45,3.583333333333333,6.366666666666666,3.95,6.6,4.816666666666666,6.6,1.5833333333333333,6.616666666666666,3.983333333333333,6.716666666666667,6.183333333333334,6.15,49.93333333333334,31.15,87.23333333333335,0.29528535980148884,0.7255813953488373
sebastien-vale,HYROX DOUBLES MIXED,25-29,,Lisbon,2026,4.716666666666667,4.733333333333333,6.016666666666667,2.8666666666666667,5.883333333333334,4.05,6.116666666666666,5.066666666666666,6.166666666666667,4.933333333333334,6.2,1.6,6.2,5.166666666666667,6.35,5.533333333333333,6.1,47.650000000000006,33.95,87.7,0.2572178477690288,0.7078189300411523
gabriela-ferreira,HYROX DOUBLES MIXED,25-29,,Lisbon,2026,4.983333333333333,4.783333333333333,6.033333333333333,2.3833333333333333,6.3,4.366666666666666,6.7,3.9166666666666665,6.866666666666666,4.5,6.716666666666667,1.65,6.666666666666667,3.533333333333333,6.533333333333333,3.883333333333333,8.3,50.8,29.01666666666666,88.11666666666666,0.2742718446601941,0.5458015267175573
diogo-cardoso,HYROX DOUBLES MIXED,25-29,,Lisbon,2026,4.166666666666667,4.3,5.2,3.1666666666666665,6.05,5.35,5.633333333333334,3.566666666666667,5.566666666666666,4.783333333333333,5.5,1.8333333333333333,9.183333333333334,4.366666666666666,6.65,4.733333333333333,8.45,47.949999999999996,32.099999999999994,88.49999999999999,0.5462794918330308,0.5919003115264798
fernanda-sophia-duque-allende,HYROX DOUBLES MIXED,35-39,,Lisbon,2026,5.016666666666667,4.8,5.516666666666667,2.6333333333333333,6.266666666666667,5.1,6.15,4.75,6.483333333333333,5.066666666666666,6.266666666666667,2.15,6.233333333333333,4.783333333333333,6.5,4.866666666666666,6.316666666666666,48.43333333333334,34.15,88.89999999999999,0.22820512820512823,0.5163398692810458
sandra-ferreira,HYROX DOUBLES MIXED,40-44,,Lisbon,2026,4.216666666666667,4.566666666666666,5.566666666666666,3.6666666666666665,6.1,5.2,6.083333333333333,3.316666666666667,8.15,4.833333333333333,6.183333333333334,1.9166666666666667,6.25,4.683333333333334,6.65,6.016666666666667,6.066666666666666,49.199999999999996,34.2,89.46666666666667,0.48261758691206547,0.7051282051282051
carolina-albuquerque,HYROX DOUBLES MIXED,25-29,,Lisbon,2026,4.516666666666667,4.933333333333334,5.466666666666667,2.75,6.166666666666667,5.25,6.05,5.716666666666667,6.0,5.116666666666666,5.8,1.95,5.583333333333333,5.2,6.266666666666667,5.683333333333334,7.633333333333334,45.85,36.599999999999994,90.08333333333334,0.2792553191489362,0.5238095238095238
alexandre-oliveira,HYROX DOUBLES MIXED,25-29,,Lisbon,2026,5.283333333333333,4.366666666666666,6.483333333333333,2.95,6.75,5.533333333333333,6.966666666666667,2.966666666666667,7.5,4.4,7.366666666666666,1.6666666666666667,7.3,3.6,7.216666666666667,4.066666666666666,6.05,54.86666666666667,29.550000000000004,90.46666666666667,0.29555555555555557,0.533132530120482
sydney-makkonberg,HYROX DOUBLES MIXED,25-29,,Lisbon,2026,4.716666666666667,4.533333333333333,5.6,2.816666666666667,6.783333333333333,4.933333333333334,6.583333333333333,4.15,7.4,4.783333333333333,6.2,2.1,6.816666666666666,4.65,7.0,4.816666666666666,7.066666666666666,51.10000000000001,32.78333333333333,90.95,0.36261261261261263,0.5709459459459459
manyacca-menyoli,HYROX DOUBLES MIXED,40-44,,Lisbon,2026,6.133333333333334,4.166666666666667,7.3,2.55,7.516666666666667,3.45,7.366666666666666,2.2,7.5,4.516666666666667,7.45,1.7666666666666666,7.566666666666666,3.3833333333333333,7.316666666666666,4.15,7.266666666666667,58.14999999999999,26.18333333333333,91.60000000000001,0.18942731277533031,0.7391304347826086
maximilian-maeusl,HYROX DOUBLES MIXED,25-29,,Lisbon,2026,4.716666666666667,4.616666666666666,6.05,3.25,6.216666666666667,5.066666666666666,6.2,4.6,6.5,4.9,6.466666666666667,2.45,6.333333333333333,2.5166666666666666,6.75,5.3,10.0,49.233333333333334,32.699999999999996,91.93333333333334,0.30123456790123454,0.6414473684210527
stella-machado,HYROX DOUBLES MIXED,25-29,,Lisbon,2026,4.933333333333334,4.616666666666666,6.0,2.4,6.383333333333334,4.166666666666667,6.55,5.366666666666666,6.616666666666666,5.3,6.766666666666667,2.4166666666666665,6.683333333333334,4.783333333333333,6.883333333333334,4.583333333333333,8.5,50.81666666666667,33.63333333333334,92.94999999999999,0.28329297820823246,0.576
charlie-porterfield,HYROX DOUBLES MIXED,45-49,,Lisbon,2026,5.316666666666666,4.533333333333333,6.366666666666666,2.8833333333333333,6.766666666666667,4.3,7.066666666666666,3.533333333333333,7.433333333333334,4.716666666666667,7.3,2.0166666666666666,7.35,4.233333333333333,7.766666666666667,4.466666666666667,7.8,55.36666666666667,30.68333333333333,93.85,0.3154506437768241,0.6705426356589147
mario-balde,HYROX DOUBLES MIXED,40-44,,Lisbon,2026,5.066666666666666,5.083333333333333,6.116666666666666,3.2,6.133333333333334,5.75,6.283333333333333,4.1,6.483333333333333,5.75,6.666666666666667,2.2,6.833333333333333,5.316666666666666,6.966666666666667,5.366666666666666,7.233333333333333,50.550000000000004,36.766666666666666,94.55,0.27272727272727276,0.5565217391304348
claudia-pascoal,HYROX DOUBLES MIXED,35-39,,Lisbon,2026,5.4,4.533333333333333,6.716666666666667,2.066666666666667,7.133333333333334,3.55,7.033333333333333,2.5,7.35,4.916666666666667,7.783333333333333,2.3,8.0,4.916666666666667,7.95,4.416666666666667,8.866666666666667,57.36666666666667,29.200000000000003,95.43333333333334,0.32499999999999996,0.5821596244131456
francisco-simoes,HYROX DOUBLES MIXED,16-24,,Lisbon,2026,4.933333333333334,4.766666666666667,6.5,2.3833333333333333,7.0,4.35,6.783333333333333,3.35,7.05,4.566666666666666,7.566666666666666,2.0,7.7,4.266666666666667,9.883333333333333,4.65,8.433333333333334,57.416666666666664,30.33333333333333,96.18333333333332,0.5008431703204047,0.5478927203065135
ana-bonito,HYROX DOUBLES MIXED,25-29,,Lisbon,2026,5.016666666666667,4.616666666666666,6.066666666666666,2.7666666666666666,6.516666666666667,4.466666666666667,6.8,4.05,6.8,4.9,6.866666666666666,2.3833333333333333,7.116666666666666,4.833333333333333,7.733333333333333,7.0,9.333333333333334,52.916666666666664,35.016666666666666,97.26666666666667,0.35129310344827586,0.6194029850746269
isabella-dodkins,HYROX DOUBLES MIXED,25-29,,Lisbon,2026,5.4,4.916666666666667,6.333333333333333,3.85,6.833333333333333,5.133333333333334,6.65,0.1333333333333333,7.5,4.983333333333333,7.366666666666666,2.25,7.033333333333333,3.65,7.383333333333334,5.833333333333333,12.983333333333333,54.5,30.75,98.23333333333335,0.27999999999999997,0.75
ana-nunes,HYROX DOUBLES MIXED,25-29,,Lisbon,2026,5.05,4.616666666666666,6.283333333333333,2.683333333333333,6.683333333333334,6.233333333333333,6.733333333333333,5.283333333333333,6.716666666666667,4.766666666666667,6.883333333333334,2.833333333333333,6.966666666666667,5.516666666666667,7.833333333333333,6.7,7.233333333333333,53.150000000000006,38.633333333333326,99.01666666666667,0.3553191489361702,0.43048128342245984
miguel-vieira,HYROX DOUBLES MIXED,35-39,,Lisbon,2026,5.7,4.783333333333333,6.783333333333333,2.95,7.166666666666667,5.033333333333333,7.216666666666667,3.6166666666666663,7.616666666666666,5.266666666666667,7.683333333333334,2.65,7.783333333333333,4.35,8.6,4.6,8.916666666666666,58.550000000000004,33.25,100.71666666666665,0.33720930232558133,0.5860927152317881
bryan-griffin,HYROX DOUBLES MIXED,30-34,,Lisbon,2026,5.55,4.533333333333333,8.383333333333333,3.216666666666667,8.133333333333333,4.1,7.833333333333333,4.4,8.566666666666666,4.966666666666667,8.816666666666666,2.0166666666666666,8.233333333333333,4.0,8.083333333333334,4.066666666666666,7.233333333333333,63.6,31.3,102.13333333333334,0.3705103969754253,0.7845528455284554
miguel-oliveira,HYROX DOUBLES MIXED,16-24,,Lisbon,2026,5.533333333333333,5.283333333333333,6.966666666666667,2.3,7.3,4.183333333333334,7.566666666666666,3.35,7.333333333333333,5.283333333333333,7.183333333333334,2.066666666666667,7.5,4.533333333333333,7.983333333333333,9.2,10.833333333333334,57.366666666666674,36.2,104.39999999999999,0.30688935281837165,0.549800796812749
bruno-parente-barbosa,HYROX DOUBLES MIXED,25-29,,Lisbon,2026,5.133333333333334,5.3,6.383333333333334,3.316666666666667,6.55,5.333333333333333,6.733333333333333,6.8,6.85,5.6,6.7,2.1333333333333333,6.566666666666666,5.35,7.183333333333334,9.4,11.716666666666669,52.10000000000001,43.233333333333334,107.05000000000001,0.2853828306264501,0.6218750000000001
joao-marcelino,HYROX DOUBLES MIXED,25-29,,Lisbon,2026,5.283333333333333,4.75,9.233333333333333,2.8833333333333333,9.8,4.85,9.8,4.15,9.916666666666666,5.25,9.833333333333334,2.35,6.55,4.95,7.133333333333334,5.65,9.233333333333333,67.55,34.833333333333336,111.61666666666667,0.4672268907563025,0.5945017182130584
pedro-neto,HYROX DOUBLES MIXED,45-49,,Lisbon,2026,7.0,4.466666666666667,9.4,2.2666666666666666,9.816666666666666,4.35,10.033333333333331,4.7,9.766666666666667,4.883333333333334,9.733333333333333,2.1666666666666665,9.683333333333334,4.95,10.183333333333334,4.466666666666667,8.216666666666667,75.61666666666667,32.25,116.08333333333336,0.3126022913256956,0.521072796934866
jose-gapo,HYROX DOUBLES MIXED,60-64,,Lisbon,2026,6.616666666666666,5.483333333333333,7.95,3.6166666666666663,8.266666666666667,7.15,8.6,6.7,8.466666666666667,5.883333333333334,8.3,2.683333333333333,8.25,6.533333333333333,9.083333333333334,7.966666666666667,9.583333333333334,65.53333333333333,46.016666666666666,121.13333333333334,0.271559633027523,0.5058275058275058
ffion-mcgowan,HYROX DOUBLES MIXED,16-29,,London,2025,4.766666666666667,4.083333333333333,4.5,1.7333333333333334,4.766666666666667,3.25,4.866666666666666,3.2666666666666666,5.05,4.75,5.033333333333333,2.033333333333333,5.033333333333333,2.85,6.883333333333334,3.583333333333333,4.65,40.9,25.55,71.10000000000001,0.3462469733656175,0.5333333333333333
megan-powell,HYROX DOUBLES MIXED,30-39,,London,2025,3.983333333333333,3.733333333333333,3.6666666666666665,1.7,3.816666666666667,2.6333333333333333,3.8,2.5166666666666666,3.8333333333333335,4.016666666666667,3.95,1.5,3.9166666666666665,2.9,4.866666666666666,4.233333333333333,3.683333333333333,31.833333333333332,23.23333333333333,58.74999999999999,0.24657534246575338,0.6455696202531646
sam-harper,HYROX DOUBLES MIXED,16-29,,London,2025,4.066666666666666,3.8333333333333335,3.8666666666666663,1.6333333333333333,3.966666666666667,2.75,3.933333333333333,2.55,3.95,4.15,4.05,1.4333333333333331,3.983333333333333,2.8,4.933333333333334,4.133333333333334,3.8,32.75,23.28333333333333,59.83333333333332,0.21621621621621634,0.5939393939393939
jack-cross,HYROX DOUBLES MIXED,30-39,,London,2025,4.033333333333333,3.816666666666667,3.983333333333333,1.75,4.233333333333333,2.583333333333333,4.15,2.55,4.2,4.316666666666666,4.2,1.6833333333333331,4.183333333333334,2.583333333333333,5.383333333333334,3.716666666666667,3.8666666666666663,34.36666666666667,23.0,61.23333333333334,0.2600619195046441,0.6774193548387097
joe-sankey,HYROX DOUBLES MIXED,30-39,,London,2025,4.583333333333333,3.7,4.233333333333333,1.5666666666666669,4.433333333333334,2.333333333333333,4.366666666666666,2.466666666666667,4.366666666666666,4.083333333333333,4.266666666666667,1.1666666666666667,4.316666666666666,2.4833333333333334,5.35,3.966666666666667,4.483333333333333,35.916666666666664,21.766666666666666,62.16666666666668,0.20872274143302175,0.6714285714285716
ethan-gilbert,HYROX DOUBLES MIXED,16-29,,London,2025,4.216666666666667,3.85,4.266666666666667,1.85,4.366666666666666,2.816666666666667,4.333333333333333,2.2666666666666666,4.35,4.0,4.3,1.6,4.266666666666667,3.05,5.466666666666667,3.85,3.95,35.56666666666666,23.28333333333334,62.800000000000004,0.22865853658536586,0.6568047337278107
taylor-glassie,HYROX DOUBLES MIXED,30-39,,London,2025,4.3,3.633333333333333,4.116666666666666,1.45,4.3,2.65,4.35,2.35,4.6,4.283333333333333,4.416666666666667,1.6,4.366666666666666,2.8,5.55,4.516666666666667,4.083333333333333,36.0,23.28333333333333,63.36666666666667,0.2582582582582583,0.5471698113207547
rebecca-stevens,HYROX DOUBLES MIXED,30-39,,London,2025,4.3,3.9166666666666665,4.283333333333333,1.6166666666666667,4.383333333333334,3.05,4.45,2.25,4.566666666666666,4.233333333333333,4.566666666666666,1.65,4.433333333333334,2.816666666666667,5.633333333333334,3.8666666666666663,4.4,36.61666666666667,23.4,64.41666666666667,0.23964497041420127,0.5300546448087432
tom-burgess,HYROX DOUBLES MIXED,16-29,,London,2025,4.583333333333333,3.85,4.366666666666666,1.75,4.35,2.716666666666667,4.35,2.75,4.383333333333334,4.05,4.4,1.8666666666666667,4.516666666666667,3.333333333333333,5.633333333333334,3.85,4.266666666666667,36.58333333333333,24.166666666666668,65.01666666666667,0.22781065088757407,0.6441717791411042
karim-zaghlul,HYROX DOUBLES MIXED,16-29,,London,2025,4.316666666666666,4.0,4.233333333333333,2.033333333333333,4.366666666666666,2.85,4.383333333333334,2.7666666666666666,4.466666666666667,4.283333333333333,4.466666666666667,1.55,4.583333333333333,3.6666666666666665,5.733333333333333,4.25,3.8,36.55,25.4,65.74999999999999,0.2616279069767442,0.7134502923976608
rebecca-pugh,HYROX DOUBLES MIXED,30-39,,London,2025,4.533333333333333,3.783333333333333,4.416666666666667,2.1,4.566666666666666,3.1333333333333333,4.533333333333333,2.6333333333333333,4.616666666666666,3.983333333333333,4.65,1.9666666666666663,4.766666666666667,2.7666666666666666,5.75,3.95,4.333333333333333,37.83333333333333,24.316666666666663,66.48333333333333,0.23188405797101444,0.6702127659574468
cara-mckeaney,HYROX DOUBLES MIXED,16-29,,London,2025,5.05,4.033333333333333,4.55,1.6166666666666667,4.55,2.5166666666666666,4.7,2.083333333333333,4.65,4.883333333333334,4.55,1.6333333333333333,4.65,2.8833333333333333,5.9,4.15,4.583333333333333,38.6,23.799999999999997,66.98333333333333,0.22881355932203398,0.642384105960265
megan-mcgarvey,HYROX DOUBLES MIXED,16-29,,London,2025,4.9,4.016666666666667,4.4,1.3333333333333333,4.616666666666666,2.8666666666666667,4.533333333333333,2.3833333333333333,4.816666666666666,4.183333333333334,4.75,1.7166666666666666,4.816666666666666,3.066666666666667,6.283333333333333,4.05,4.6,39.11666666666667,23.616666666666667,67.33333333333334,0.29973474801061,0.46511627906976744
sarah-fraser,HYROX DOUBLES MIXED,40-49,,London,2025,4.566666666666666,3.8,4.333333333333333,1.9,4.466666666666667,2.9,4.6,2.65,4.666666666666667,4.3,4.633333333333334,1.8166666666666669,4.6,3.9166666666666665,5.933333333333334,4.066666666666666,4.383333333333334,37.8,25.35,67.53333333333333,0.2696629213483147,0.6551724137931034
lucy-may-jones,HYROX DOUBLES MIXED,30-39,,London,2025,4.2,4.216666666666667,4.416666666666667,1.8333333333333333,4.766666666666667,3.566666666666667,4.65,2.25,4.883333333333334,4.383333333333334,4.5,1.4333333333333331,4.733333333333333,3.1,5.733333333333333,4.716666666666667,4.566666666666666,37.88333333333333,25.5,67.95,0.26744186046511625,0.514018691588785
devon-moore,HYROX DOUBLES MIXED,16-29,,London,2025,4.666666666666667,4.033333333333333,4.55,1.8833333333333333,4.8,3.15,4.716666666666667,2.35,4.783333333333333,4.433333333333334,4.633333333333334,1.5333333333333334,4.9,2.583333333333333,6.0,4.833333333333333,4.35,39.05,24.799999999999997,68.19999999999999,0.2416666666666667,0.5978835978835979
craig-tebbutt,HYROX DOUBLES MIXED,30-39,,London,2025,4.85,3.883333333333333,4.966666666666667,1.8833333333333333,5.25,2.3,5.333333333333333,2.033333333333333,5.35,3.75,5.183333333333334,1.35,5.533333333333333,2.25,6.583333333333333,3.783333333333333,4.45,43.050000000000004,21.233333333333334,68.73333333333333,0.26329113924050634,0.818840579710145
peter-wright,HYROX DOUBLES MIXED,16-29,,London,2025,4.883333333333334,4.183333333333334,4.35,2.316666666666667,4.533333333333333,3.0,4.5,2.333333333333333,4.416666666666667,4.383333333333334,4.533333333333333,1.8333333333333333,4.766666666666667,3.533333333333333,5.85,4.25,5.583333333333333,37.833333333333336,25.83333333333333,69.25,0.25641025641025644,0.7722222222222223
liam-white,HYROX DOUBLES MIXED,16-29,,London,2025,4.733333333333333,3.7,5.1,1.7666666666666666,5.1,2.85,5.016666666666667,2.45,5.033333333333333,4.233333333333333,5.25,1.4166666666666667,5.116666666666666,2.933333333333333,6.266666666666667,3.783333333333333,4.783333333333333,41.61666666666667,23.133333333333333,69.53333333333333,0.24468085106382978,0.6198830409356725
naomi-white,HYROX DOUBLES MIXED,30-39,,London,2025,5.0,4.133333333333334,4.383333333333334,1.5833333333333333,4.683333333333334,3.533333333333333,4.533333333333333,3.183333333333333,4.533333333333333,4.233333333333333,4.566666666666666,1.7333333333333334,4.466666666666667,3.683333333333333,5.616666666666666,4.9,5.016666666666667,37.78333333333333,26.983333333333334,69.78333333333333,0.21958456973293755,0.4481132075471698
megan-kirkland,HYROX DOUBLES MIXED,16-29,,London,2025,5.133333333333334,3.933333333333333,4.533333333333333,1.6,5.0,3.2,4.75,2.7,4.933333333333334,4.416666666666667,4.783333333333333,1.5,4.833333333333333,3.033333333333333,6.1,4.566666666666666,5.266666666666667,40.06666666666667,24.95,70.28333333333333,0.2568306010928961,0.5
hannah-dearden,HYROX DOUBLES MIXED,16-29,,London,2025,4.35,3.7666666666666666,4.033333333333333,1.5833333333333333,7.483333333333333,2.45,4.233333333333333,2.4833333333333334,4.366666666666666,4.233333333333333,4.15,1.3166666666666669,4.383333333333334,2.783333333333333,10.483333333333333,4.183333333333334,4.316666666666666,43.483333333333334,22.8,70.60000000000001,0.615262321144674,0.6462585034013605
david-blayney,HYROX DOUBLES MIXED,30-39,,London,2025,4.416666666666667,4.15,4.583333333333333,2.25,4.666666666666667,3.3,4.783333333333333,3.4166666666666665,4.766666666666667,4.4,4.916666666666667,1.6666666666666667,4.85,3.816666666666667,6.15,4.316666666666666,4.416666666666667,39.13333333333333,27.316666666666666,70.86666666666666,0.28184281842818426,0.6818181818181819
eliot-copperwhite,HYROX DOUBLES MIXED,30-39,,London,2025,5.033333333333333,3.983333333333333,4.8,1.5666666666666669,4.916666666666667,3.2,4.866666666666666,2.816666666666667,4.866666666666666,4.133333333333334,4.9,1.6333333333333333,5.066666666666666,3.7,6.133333333333334,4.6,4.933333333333334,40.583333333333336,25.633333333333333,71.15000000000002,0.21739130434782616,0.48958333333333337
ben-rawlinson,HYROX DOUBLES MIXED,16-29,,London,2025,4.866666666666666,4.083333333333333,4.633333333333334,1.9333333333333331,4.733333333333333,3.2,4.866666666666666,3.6166666666666663,4.783333333333333,4.45,4.783333333333333,1.8,4.966666666666667,3.55,6.266666666666667,4.316666666666666,4.5,39.9,26.95,71.35,0.26063829787234033,0.6041666666666665
aimee-watson,HYROX DOUBLES MIXED,30-39,,London,2025,4.3,4.016666666666667,4.316666666666666,1.9833333333333332,5.383333333333334,3.7666666666666666,4.733333333333333,3.2,5.05,4.433333333333334,4.633333333333334,1.7666666666666666,4.8,3.55,6.25,4.516666666666667,4.816666666666666,39.46666666666667,27.23333333333333,71.51666666666667,0.31200000000000006,0.5265486725663716
joshua-fox,HYROX DOUBLES MIXED,30-39,,London,2025,4.816666666666666,4.233333333333333,4.433333333333334,2.0166666666666666,4.683333333333334,3.75,4.6,3.083333333333333,4.716666666666667,4.533333333333333,4.6,1.7666666666666666,4.816666666666666,4.3,6.016666666666667,5.1,4.2,38.68333333333334,28.78333333333333,71.66666666666667,0.26315789473684204,0.5377777777777778
rhys-morgan,HYROX DOUBLES MIXED,16-29,,London,2025,5.016666666666667,3.933333333333333,4.816666666666666,1.9666666666666663,4.933333333333334,2.65,5.083333333333333,3.183333333333333,5.2,4.316666666666666,5.016666666666667,1.5166666666666666,5.316666666666666,3.45,6.816666666666666,4.733333333333333,4.15,42.19999999999999,25.749999999999996,72.1,0.293398533007335,0.7421383647798742
mark-boys,HYROX DOUBLES MIXED,30-39,,London,2025,4.816666666666666,4.316666666666666,4.566666666666666,1.8833333333333333,4.85,3.5166666666666666,4.9,3.1666666666666665,5.166666666666667,4.683333333333334,4.983333333333333,1.7,4.866666666666666,3.466666666666667,6.6,4.2,4.533333333333333,40.75,26.933333333333326,72.21666666666667,0.30808080808080807,0.5355450236966824
sian-gallagher,HYROX DOUBLES MIXED,30-39,,London,2025,5.466666666666667,4.066666666666666,5.083333333333333,1.4833333333333334,5.316666666666666,2.783333333333333,5.25,3.1666666666666665,5.1,4.083333333333333,5.166666666666667,1.55,5.15,3.683333333333333,6.25,4.183333333333334,4.666666666666667,42.78333333333334,25.0,72.45,0.1866666666666667,0.532934131736527
kayla-tompkins,HYROX DOUBLES MIXED,30-39,,London,2025,5.366666666666666,4.2,4.9,1.85,4.883333333333334,3.066666666666667,4.95,3.0,5.2,4.433333333333334,5.0,1.7666666666666666,5.083333333333333,3.8666666666666663,6.483333333333333,4.166666666666667,4.55,41.86666666666667,26.35,72.76666666666667,0.24678663239074544,0.6032608695652174
danny-thompson,HYROX DOUBLES MIXED,40-49,,London,2025,4.816666666666666,4.116666666666666,4.666666666666667,2.05,4.883333333333334,3.3666666666666667,4.916666666666667,2.7,5.1,4.55,5.05,1.8666666666666667,5.216666666666667,3.716666666666667,6.55,4.55,4.9,41.199999999999996,26.916666666666668,73.01666666666667,0.28753180661577604,0.6089108910891089
myles-grainger,HYROX DOUBLES MIXED,30-39,,London,2025,5.766666666666667,4.116666666666666,6.65,1.9,5.066666666666666,2.95,4.95,3.0166666666666666,4.833333333333333,4.383333333333334,4.7,1.6333333333333333,4.9,3.433333333333333,5.766666666666667,4.8,4.433333333333334,42.63333333333333,26.23333333333333,73.3,0.2932330827067669,0.6440677966101694
laura-angus,HYROX DOUBLES MIXED,16-29,,London,2025,5.066666666666666,3.9166666666666665,4.883333333333334,1.7666666666666666,5.0,2.966666666666667,5.133333333333334,3.3666666666666667,5.066666666666666,4.1,5.233333333333333,1.6166666666666667,5.333333333333333,3.9,6.7,4.883333333333334,4.6,42.41666666666667,26.516666666666666,73.53333333333335,0.2711442786069651,0.5955056179775281
aimee-gardiner,HYROX DOUBLES MIXED,30-39,,London,2025,4.916666666666667,4.016666666666667,4.95,1.8,5.083333333333333,3.283333333333333,5.266666666666667,2.4833333333333334,5.3,4.583333333333333,5.366666666666666,1.5166666666666666,5.316666666666666,3.9,6.75,4.366666666666666,4.95,42.95,25.949999999999996,73.85,0.27160493827160487,0.5482233502538071
faye-hennessey,HYROX DOUBLES MIXED,40-49,,London,2025,5.4,4.066666666666666,4.766666666666667,1.9166666666666667,4.65,3.316666666666667,4.833333333333333,3.2666666666666666,4.816666666666666,4.816666666666666,4.833333333333333,1.7333333333333334,5.0,4.466666666666667,6.183333333333334,4.9,5.066666666666666,40.483333333333334,28.483333333333334,74.03333333333333,0.2479784366576819,0.5778894472361809
dani-hodgkin,HYROX DOUBLES MIXED,30-39,,London,2025,4.633333333333334,3.95,4.5,1.6166666666666667,4.333333333333333,3.1,4.466666666666667,4.783333333333333,4.866666666666666,4.4,4.766666666666667,1.7666666666666666,4.516666666666667,3.8666666666666663,5.9,5.083333333333333,7.883333333333334,37.98333333333333,28.566666666666666,74.43333333333334,0.2655367231638419,0.521505376344086
izzy-grint,HYROX DOUBLES MIXED,16-29,,London,2025,5.466666666666667,3.966666666666667,5.233333333333333,1.6333333333333333,5.4,3.1333333333333333,5.25,2.65,5.5,4.083333333333333,5.6,1.0666666666666669,5.683333333333334,3.4166666666666665,6.783333333333333,5.1,4.7,44.91666666666667,25.049999999999997,74.66666666666667,0.22850122850122848,0.5212765957446809
james-edwards,HYROX DOUBLES MIXED,30-39,,London,2025,5.183333333333334,3.85,4.983333333333333,1.7333333333333334,5.083333333333333,3.183333333333333,5.2,4.133333333333334,5.283333333333333,4.416666666666667,5.166666666666667,1.8,5.466666666666667,3.65,6.633333333333334,4.4,4.733333333333333,43.0,27.16666666666667,74.9,0.24874371859296487,0.5445026178010471
daniel-church,HYROX DOUBLES MIXED,30-39,,London,2025,5.033333333333333,3.8666666666666663,4.816666666666666,1.9166666666666667,5.2,3.3833333333333333,5.15,3.533333333333333,5.166666666666667,4.616666666666666,5.083333333333333,1.6333333333333333,5.166666666666667,4.3,6.75,4.833333333333333,4.866666666666666,42.36666666666667,28.083333333333332,75.31666666666665,0.2864197530864198,0.5665024630541872
rupert-manning,HYROX DOUBLES MIXED,30-39,,London,2025,4.85,3.966666666666667,4.85,1.9666666666666663,5.133333333333334,3.083333333333333,5.083333333333333,3.983333333333333,5.25,4.416666666666667,5.116666666666666,1.75,5.25,4.066666666666666,7.033333333333333,4.8,4.983333333333333,42.56666666666666,28.03333333333333,75.58333333333333,0.31042654028436023,0.6378378378378378
rachel-young,HYROX DOUBLES MIXED,16-29,,London,2025,4.6,4.066666666666666,4.616666666666666,2.033333333333333,4.866666666666666,3.0,4.883333333333334,2.65,5.016666666666667,4.683333333333334,4.783333333333333,1.5833333333333333,5.05,3.25,11.05,4.416666666666667,5.3,44.86666666666666,25.683333333333334,75.85,0.583710407239819,0.6777777777777777
annabel-duncombe,HYROX DOUBLES MIXED,16-29,,London,2025,5.233333333333333,4.333333333333333,5.05,2.066666666666667,5.6,3.4166666666666665,5.5,3.033333333333333,5.45,4.583333333333333,5.15,1.45,5.45,3.1666666666666665,6.816666666666666,4.633333333333334,5.233333333333333,44.25,26.683333333333334,76.16666666666669,0.2591687041564792,0.6048780487804879
leah-randall,HYROX DOUBLES MIXED,30-39,,London,2025,5.75,4.366666666666666,5.183333333333334,1.6666666666666667,5.55,3.183333333333333,5.55,3.183333333333333,5.366666666666666,4.466666666666667,5.366666666666666,1.8166666666666669,5.416666666666667,1.6,6.666666666666667,4.516666666666667,6.666666666666667,44.849999999999994,24.8,76.31666666666666,0.2225,0.5235602094240839
isabelle-shury,HYROX DOUBLES MIXED,40-49,,London,2025,4.916666666666667,4.216666666666667,4.683333333333334,2.3666666666666667,4.85,4.916666666666667,4.866666666666666,2.933333333333333,5.0,4.7,5.0,1.9333333333333331,4.9,3.783333333333333,6.433333333333334,5.35,5.616666666666666,40.650000000000006,30.200000000000003,76.46666666666665,0.272020725388601,0.4813559322033898
rhiannon-kenny,HYROX DOUBLES MIXED,16-29,,London,2025,5.566666666666666,4.1,5.066666666666666,1.5666666666666669,5.333333333333333,3.316666666666667,5.3,3.3833333333333333,5.483333333333333,5.016666666666667,5.283333333333333,1.5333333333333334,5.4,3.1166666666666667,7.233333333333333,4.966666666666667,5.033333333333333,44.666666666666664,27.0,76.7,0.2995391705069125,0.4723618090452262
sarah-baxter,HYROX DOUBLES MIXED,40-49,,London,2025,5.316666666666666,3.8333333333333335,4.983333333333333,1.8833333333333333,5.166666666666667,3.283333333333333,5.283333333333333,3.55,5.416666666666667,4.5,5.583333333333333,1.65,5.533333333333333,4.083333333333333,7.033333333333333,4.516666666666667,5.35,44.31666666666666,27.299999999999997,76.96666666666665,0.29146919431279616,0.5736040609137056
shaun-savory,HYROX DOUBLES MIXED,40-49,,London,2025,5.65,4.183333333333334,5.166666666666667,2.0166666666666666,5.15,3.466666666666667,5.116666666666666,3.2333333333333334,5.116666666666666,4.516666666666667,5.2,1.7166666666666666,5.2,4.616666666666666,6.533333333333333,5.383333333333334,5.116666666666666,43.13333333333333,29.133333333333333,77.38333333333333,0.2168367346938776,0.5817307692307692
julia-bowden,HYROX DOUBLES MIXED,30-39,,London,2025,5.45,4.1,5.1,1.8,5.45,2.9833333333333334,5.733333333333333,3.15,6.333333333333333,4.683333333333334,5.383333333333334,1.9166666666666667,5.3,3.716666666666667,6.866666666666666,4.3,5.466666666666667,45.61666666666667,26.650000000000002,77.73333333333333,0.25728155339805825,0.6033519553072626
pam-boutorabi,HYROX DOUBLES MIXED,40-49,,London,2025,4.783333333333333,4.066666666666666,4.85,2.283333333333333,5.166666666666667,2.85,5.183333333333334,4.483333333333333,5.183333333333334,4.6,5.3,1.6833333333333331,5.45,3.95,6.883333333333334,5.816666666666666,5.5,42.800000000000004,29.73333333333333,78.03333333333333,0.30508474576271194,0.8011695906432748
madeline-small,HYROX DOUBLES MIXED,30-39,,London,2025,5.65,4.45,5.133333333333334,2.1166666666666667,5.55,3.55,5.533333333333333,3.1166666666666667,5.666666666666667,4.733333333333333,5.333333333333333,1.7333333333333334,5.55,3.2,7.333333333333333,4.483333333333333,5.083333333333333,45.75,27.383333333333336,78.21666666666667,0.29999999999999993,0.5962441314553991
isabelle-shepherd,HYROX DOUBLES MIXED,30-39,,London,2025,5.383333333333334,4.216666666666667,4.983333333333333,2.2333333333333334,5.016666666666667,3.983333333333333,4.95,4.316666666666666,5.05,4.416666666666667,5.0,1.6,5.0,4.916666666666667,6.1,6.05,5.366666666666666,41.483333333333334,31.733333333333338,78.58333333333333,0.18852459016393436,0.5606694560669456
sarah-coope,HYROX DOUBLES MIXED,60-69,,London,2025,5.15,4.6,4.616666666666666,2.8833333333333333,4.783333333333333,3.983333333333333,4.783333333333333,4.133333333333334,4.75,4.666666666666667,4.75,1.7666666666666666,4.85,5.4,6.25,5.933333333333334,5.7,39.93333333333333,33.36666666666666,79.0,0.2613333333333334,0.7238493723849373
ryan-harvey,HYROX DOUBLES MIXED,16-29,,London,2025,4.85,4.15,4.6,1.8833333333333333,4.783333333333333,3.633333333333333,4.833333333333333,3.35,4.966666666666667,4.833333333333333,5.083333333333333,1.8666666666666667,5.266666666666667,7.266666666666667,6.55,5.5,5.85,40.93333333333333,32.483333333333334,79.26666666666667,0.2977099236641222,0.5183486238532111
james-youngs,HYROX DOUBLES MIXED,16-29,,London,2025,5.833333333333333,4.2,5.35,1.9833333333333332,5.5,3.1166666666666667,5.616666666666666,3.75,5.766666666666667,4.65,5.566666666666666,1.9,5.783333333333333,3.65,7.216666666666667,4.516666666666667,5.1,46.63333333333333,27.766666666666666,79.50000000000001,0.25866050808314095,0.6363636363636364
simon-allison,HYROX DOUBLES MIXED,40-49,,London,2025,5.7,4.733333333333333,5.05,2.183333333333333,5.033333333333333,4.216666666666667,4.95,3.6666666666666665,5.066666666666666,5.0,4.95,1.9666666666666663,4.95,4.5,6.4,5.8,5.783333333333333,42.1,32.06666666666666,79.95,0.22656250000000003,0.517786561264822
jamie-wilde,HYROX DOUBLES MIXED,40-49,,London,2025,4.95,3.933333333333333,5.016666666666667,1.95,5.033333333333333,3.083333333333333,5.216666666666667,3.966666666666667,5.5,4.666666666666667,5.233333333333333,1.6333333333333333,5.116666666666666,7.683333333333334,6.9,5.133333333333334,5.133333333333334,42.96666666666667,32.05,80.15000000000002,0.28260869565217395,0.6324324324324325
mark-lambert,HYROX DOUBLES MIXED,50-59,,London,2025,5.6,4.416666666666667,5.216666666666667,1.95,5.283333333333333,4.183333333333334,5.25,3.716666666666667,5.316666666666666,5.0,5.483333333333333,2.333333333333333,5.35,5.05,6.616666666666666,4.8,5.033333333333333,44.11666666666667,31.45,80.6,0.21158690176322412,0.46613545816733065
julia-german,HYROX DOUBLES MIXED,40-49,,London,2025,5.416666666666667,3.966666666666667,4.8,1.95,5.1,3.683333333333333,5.066666666666666,3.4,5.183333333333334,4.35,7.7,1.4166666666666667,5.183333333333334,3.316666666666667,11.083333333333334,5.016666666666667,4.25,49.53333333333334,27.1,80.88333333333334,0.5669172932330827,0.5294117647058824
philip-reay-smith,HYROX DOUBLES MIXED,40-49,,London,2025,5.283333333333333,4.116666666666666,5.083333333333333,2.3,5.083333333333333,3.7666666666666666,5.116666666666666,4.5,5.466666666666667,4.566666666666666,5.316666666666666,1.65,5.416666666666667,5.416666666666667,7.0,5.183333333333334,6.066666666666666,43.766666666666666,31.5,81.33333333333334,0.27380952380952384,0.6106194690265486
wendy-valentine,HYROX DOUBLES MIXED,30-39,,London,2025,5.933333333333334,4.266666666666667,5.416666666666667,2.1666666666666665,5.466666666666667,3.6166666666666663,5.4,3.3666666666666667,5.45,4.966666666666667,5.416666666666667,1.6833333333333331,5.583333333333333,3.983333333333333,7.016666666666667,5.533333333333333,6.383333333333334,45.68333333333334,29.583333333333336,81.65,0.23040380047505932,0.599078341013825
pippa-nisbet,HYROX DOUBLES MIXED,16-29,,London,2025,5.133333333333334,4.216666666666667,5.5,2.1,5.683333333333334,3.6,6.1,3.55,6.133333333333334,4.633333333333334,5.85,1.8,5.983333333333333,3.8,7.65,5.0,5.166666666666667,48.03333333333333,28.7,81.9,0.3289760348583878,0.5833333333333334
rebecca-may,HYROX DOUBLES MIXED,40-49,,London,2025,5.45,4.266666666666667,5.183333333333334,2.1166666666666667,5.1,3.65,5.166666666666667,3.816666666666667,5.333333333333333,4.9,5.216666666666667,1.8166666666666669,5.166666666666667,3.816666666666667,11.35,4.65,5.25,47.96666666666666,29.03333333333333,82.25,0.5506607929515419,0.5799086757990868
mia-lowney,HYROX DOUBLES MIXED,30-39,,London,2025,5.216666666666667,4.35,5.233333333333333,2.45,5.783333333333333,3.966666666666667,6.05,3.95,6.1,4.566666666666666,5.95,1.5333333333333334,5.95,4.2,7.333333333333333,4.466666666666667,5.5,47.616666666666674,29.483333333333334,82.60000000000002,0.2886363636363636,0.6176470588235294
danielle-davis,HYROX DOUBLES MIXED,40-49,,London,2025,6.016666666666667,4.133333333333334,5.5,1.8833333333333333,5.533333333333333,3.633333333333333,5.616666666666666,4.85,5.683333333333334,4.5,5.716666666666667,1.6166666666666667,5.783333333333333,4.766666666666667,7.433333333333334,4.816666666666666,5.4,47.28333333333333,30.2,82.88333333333333,0.26008968609865474,0.5183486238532111
niamh-sidwell,HYROX DOUBLES MIXED,16-29,,London,2025,5.416666666666667,4.133333333333334,5.033333333333333,1.8166666666666669,5.183333333333334,3.75,5.283333333333333,2.8666666666666667,5.45,5.05,8.283333333333333,1.7166666666666666,5.116666666666666,7.133333333333334,6.85,5.083333333333333,5.233333333333333,46.61666666666667,31.549999999999997,83.4,0.39235412474849096,0.4844444444444445
joseph-fawson,HYROX DOUBLES MIXED,30-39,,London,2025,5.316666666666666,4.366666666666666,4.916666666666667,2.25,5.3,4.183333333333334,5.333333333333333,4.566666666666666,5.533333333333333,5.05,5.483333333333333,2.2666666666666666,5.466666666666667,5.4,7.3,5.55,5.566666666666666,44.65,33.63333333333333,83.85,0.32648401826484014,0.5378486055776892
jade-allison,HYROX DOUBLES MIXED,40-49,,London,2025,5.15,4.083333333333333,5.533333333333333,2.05,6.316666666666666,3.316666666666667,6.033333333333333,4.5,5.9,5.3,6.0,1.9666666666666663,6.5,4.416666666666667,7.65,4.783333333333333,4.966666666666667,49.08333333333333,30.416666666666664,84.46666666666667,0.32679738562091504,0.6180904522613064
emily-webster,HYROX DOUBLES MIXED,16-29,,London,2025,5.733333333333333,4.133333333333334,5.616666666666666,2.1666666666666665,5.933333333333334,3.316666666666667,5.85,3.4,6.566666666666666,4.666666666666667,6.25,2.1333333333333333,6.316666666666666,3.633333333333333,7.816666666666666,4.8,6.483333333333333,50.08333333333333,28.25,84.81666666666666,0.28144989339019194,0.6532663316582914
jessica-nichol,HYROX DOUBLES MIXED,30-39,,London,2025,5.516666666666667,4.233333333333333,5.2,2.3,5.583333333333333,3.6666666666666665,5.5,4.133333333333334,5.783333333333333,5.05,5.733333333333333,2.066666666666667,5.833333333333333,4.733333333333333,7.4,5.233333333333333,7.333333333333333,46.550000000000004,31.416666666666668,85.3,0.2972972972972973,0.6272727272727272
trev-cook,HYROX DOUBLES MIXED,40-49,,London,2025,5.266666666666667,4.216666666666667,5.1,1.9333333333333331,5.083333333333333,3.966666666666667,5.483333333333333,4.7,5.533333333333333,4.683333333333334,5.516666666666667,1.55,5.6,4.716666666666667,9.083333333333334,6.3,6.95,46.66666666666667,32.06666666666666,85.68333333333334,0.4403669724770643,0.4873949579831932
jacob-hillman,HYROX DOUBLES MIXED,16-29,,London,2025,5.95,4.116666666666666,6.0,2.15,6.216666666666667,3.5166666666666666,6.2,3.4833333333333334,6.283333333333333,4.7,5.983333333333333,1.5666666666666669,6.3,4.4,7.55,5.45,5.983333333333333,50.48333333333333,29.38333333333333,85.85,0.21192052980132445,0.6113744075829384
michael-donegan,HYROX DOUBLES MIXED,40-49,,London,2025,5.566666666666666,4.5,5.083333333333333,2.533333333333333,5.166666666666667,4.316666666666666,5.283333333333333,4.983333333333333,5.75,5.5,5.566666666666666,2.55,5.466666666666667,5.333333333333333,7.733333333333333,5.233333333333333,5.883333333333334,45.616666666666674,34.949999999999996,86.45,0.3426724137931035,0.5868725868725869
sam-stevenson,HYROX DOUBLES MIXED,30-39,,London,2025,6.016666666666667,4.3,5.133333333333334,3.0,5.3,4.966666666666667,5.15,5.883333333333334,4.916666666666667,5.4,5.133333333333334,1.8666666666666667,4.95,5.35,7.016666666666667,5.35,7.516666666666667,43.61666666666667,36.11666666666667,87.24999999999999,0.29928741092636574,0.6040268456375839
diana-blankson,HYROX DOUBLES MIXED,30-39,,London,2025,5.616666666666666,4.333333333333333,5.216666666666667,2.1666666666666665,5.616666666666666,4.316666666666666,5.716666666666667,3.8666666666666663,5.983333333333333,4.7,5.883333333333334,1.9333333333333331,5.866666666666666,4.25,7.8,7.45,7.15,47.699999999999996,33.016666666666666,87.86666666666667,0.3311965811965812,0.5019305019305019
leslie-james-mcderment,HYROX DOUBLES MIXED,50-59,,London,2025,6.116666666666666,4.483333333333333,5.716666666666667,2.066666666666667,5.75,3.5166666666666666,5.766666666666667,5.016666666666667,5.833333333333333,4.916666666666667,5.85,1.9166666666666667,5.966666666666667,5.616666666666666,7.633333333333334,5.95,6.083333333333333,48.63333333333333,33.483333333333334,88.2,0.2510917030567686,0.5876777251184835
katherine-bailey,HYROX DOUBLES MIXED,30-39,,London,2025,5.633333333333334,4.433333333333334,5.45,2.45,5.833333333333333,4.316666666666666,6.266666666666667,3.7,6.366666666666666,5.083333333333333,6.3,1.75,6.4,5.0,7.566666666666666,5.883333333333334,6.316666666666666,49.81666666666666,32.61666666666667,88.75,0.2797356828193832,0.5675675675675677
william-everett,HYROX DOUBLES MIXED,16-29,,London,2025,5.866666666666666,4.816666666666666,5.683333333333334,2.6166666666666667,5.866666666666666,4.866666666666666,6.033333333333333,2.9166666666666665,6.033333333333333,5.533333333333333,6.0,1.9666666666666663,6.283333333333333,4.316666666666666,7.85,5.466666666666667,7.066666666666666,49.61666666666667,32.5,89.18333333333334,0.27600849256900206,0.5376712328767124
nathan-sims,HYROX DOUBLES MIXED,30-39,,London,2025,5.5,4.433333333333334,5.366666666666666,2.2333333333333334,5.816666666666666,3.4833333333333334,6.433333333333334,3.433333333333333,6.633333333333334,5.0,7.133333333333334,1.95,6.7,3.8333333333333335,9.15,4.983333333333333,7.533333333333333,52.733333333333334,29.35,89.61666666666667,0.4134790528233152,0.6411483253588517
sadie-slagel,HYROX DOUBLES MIXED,16-29,,London,2025,4.85,4.033333333333333,5.633333333333334,2.5,5.933333333333334,3.816666666666667,5.966666666666667,3.633333333333333,5.966666666666667,4.85,6.816666666666666,1.0333333333333334,6.183333333333334,7.233333333333333,8.083333333333334,5.066666666666666,8.533333333333333,49.433333333333344,32.16666666666667,90.13333333333334,0.4000000000000001,0.6550218340611353
ross-hickman,HYROX DOUBLES MIXED,30-39,,London,2025,5.666666666666667,4.533333333333333,5.35,2.1166666666666667,5.85,5.066666666666666,5.616666666666666,4.8,5.583333333333333,4.8,5.45,2.0166666666666666,5.8,5.4,11.55,5.516666666666667,5.65,50.86666666666666,34.25,90.76666666666667,0.5367965367965368,0.4177631578947369
mark-gilbert,HYROX DOUBLES MIXED,50-59,,London,2025,5.683333333333334,4.716666666666667,5.416666666666667,2.4166666666666665,5.633333333333334,4.366666666666666,6.0,4.816666666666666,5.883333333333334,4.9,6.133333333333334,2.0,6.316666666666666,5.5,8.733333333333333,6.6,6.216666666666667,49.8,35.31666666666667,91.33333333333333,0.3797709923664121,0.5534351145038168
marino-marinou,HYROX DOUBLES MIXED,30-39,,London,2025,5.666666666666667,4.3,5.666666666666667,2.6666666666666665,6.316666666666666,4.883333333333334,6.266666666666667,4.516666666666667,6.233333333333333,4.983333333333333,6.066666666666666,2.1333333333333333,6.1,4.983333333333333,7.433333333333334,6.383333333333334,7.6,49.75,34.85,92.2,0.23766816143497757,0.546075085324232
joanne-bell,HYROX DOUBLES MIXED,50-59,,London,2025,6.383333333333334,4.416666666666667,5.916666666666667,2.333333333333333,6.083333333333333,4.016666666666667,6.166666666666667,5.3,6.3,5.166666666666667,6.266666666666667,2.0,6.333333333333333,6.066666666666666,8.2,5.966666666666667,6.333333333333333,51.650000000000006,35.266666666666666,93.25,0.2784552845528454,0.5809128630705394
lindsey-mckerrell,HYROX DOUBLES MIXED,30-39,,London,2025,6.25,4.75,5.416666666666667,2.5,5.683333333333334,5.316666666666666,5.65,4.066666666666666,6.233333333333333,5.2,5.683333333333334,1.7,5.916666666666667,2.7,7.616666666666666,11.05,8.333333333333334,48.45,37.28333333333333,94.06666666666666,0.2888402625820568,0.4702194357366771
steph-kearns,HYROX DOUBLES MIXED,30-39,,London,2025,6.433333333333334,5.0,5.866666666666666,2.3,6.3,4.516666666666667,6.3,4.7,6.466666666666667,5.266666666666667,6.283333333333333,2.45,6.083333333333333,4.45,8.0,7.25,7.133333333333334,51.733333333333334,35.93333333333333,94.80000000000001,0.2666666666666667,0.5092250922509225
louise-williams,HYROX DOUBLES MIXED,30-39,,London,2025,6.6,4.166666666666667,6.383333333333334,2.6,6.766666666666667,4.0,6.533333333333333,4.966666666666667,7.016666666666667,5.3,6.766666666666667,1.8333333333333333,7.116666666666666,5.133333333333334,9.3,5.65,5.966666666666667,56.483333333333334,33.65,96.10000000000001,0.31362007168458783,0.65
martyn-drake,HYROX DOUBLES MIXED,30-39,,London,2025,6.066666666666666,4.25,5.8,2.316666666666667,6.016666666666667,4.566666666666666,6.1,5.683333333333334,6.283333333333333,5.15,6.383333333333334,1.85,6.366666666666666,6.666666666666667,8.283333333333333,7.433333333333334,7.8,51.3,37.91666666666667,97.01666666666668,0.29979879275653926,0.5072992700729928
bhawana-gangu,HYROX DOUBLES MIXED,16-29,,London,2025,6.766666666666667,7.816666666666666,8.9,1.9666666666666663,7.0,4.4,6.8,3.3666666666666667,6.916666666666667,4.633333333333334,6.833333333333333,1.8833333333333333,7.05,4.166666666666667,9.1,5.35,5.75,59.36666666666667,33.583333333333336,98.70000000000002,0.2564102564102564,0.44696969696969685
alice-wood,HYROX DOUBLES MIXED,30-39,,London,2025,6.566666666666666,4.716666666666667,6.466666666666667,2.833333333333333,6.616666666666666,5.3,6.683333333333334,5.466666666666667,7.05,5.416666666666667,7.033333333333333,2.2666666666666666,7.083333333333333,5.783333333333333,8.983333333333333,6.416666666666667,6.3,56.483333333333334,38.199999999999996,100.98333333333333,0.2801484230055658,0.5345911949685535
emily-smart,HYROX DOUBLES MIXED,16-29,,London,2025,6.566666666666666,4.75,6.283333333333333,2.216666666666667,7.516666666666667,3.4,7.416666666666667,4.616666666666666,7.8,5.533333333333333,7.133333333333334,2.3,7.316666666666666,4.483333333333333,10.433333333333334,6.783333333333333,9.316666666666666,60.46666666666667,34.083333333333336,103.86666666666666,0.3977635782747604,0.6519607843137255
shannon-french,HYROX DOUBLES MIXED,16-29,,London,2025,5.866666666666666,4.45,6.55,2.583333333333333,6.716666666666667,5.15,7.0,5.55,8.266666666666667,4.783333333333333,7.816666666666666,2.6,7.133333333333334,6.816666666666666,11.783333333333331,6.983333333333333,9.166666666666666,61.13333333333333,38.916666666666664,109.21666666666665,0.502121640735502,0.5016181229773462
val-taylor,HYROX DOUBLES MIXED,60-69,,London,2025,9.483333333333333,4.733333333333333,6.733333333333333,2.2666666666666666,6.633333333333334,5.4,6.55,6.783333333333333,7.833333333333333,5.266666666666667,6.75,1.8666666666666667,7.333333333333333,7.216666666666667,13.566666666666666,7.883333333333334,6.883333333333334,64.88333333333334,41.416666666666664,113.18333333333335,0.5171990171990172,0.41975308641975306
gustav-cordua,HYROX DOUBLES MIXED,25-29,,London,2026,3.3833333333333333,3.583333333333333,3.2666666666666666,1.35,3.3833333333333333,2.466666666666667,3.45,2.25,3.433333333333333,3.9166666666666665,3.4,1.2166666666666666,3.4,2.083333333333333,4.433333333333334,3.25,3.15,28.15,20.116666666666667,51.416666666666664,0.26315789473684215,0.5472972972972973
joshua-kent,HYROX DOUBLES MIXED,25-29,,London,2026,3.5166666666666666,3.466666666666667,3.4166666666666665,1.4333333333333331,3.466666666666667,2.4,3.466666666666667,2.5,3.716666666666667,3.883333333333333,3.683333333333333,1.4333333333333331,3.6166666666666663,2.433333333333333,5.05,3.716666666666667,3.7666666666666666,29.933333333333337,21.266666666666666,54.96666666666666,0.32343234323432346,0.5972222222222222
julie-albert,HYROX DOUBLES MIXED,25-29,,London,2026,3.633333333333333,3.9,3.4833333333333334,1.45,3.6666666666666665,2.7,3.65,2.3,3.716666666666667,4.233333333333333,3.6166666666666663,1.4166666666666667,3.783333333333333,2.4833333333333334,5.05,3.6166666666666663,3.55,30.599999999999998,22.100000000000005,56.25,0.3102310231023102,0.537037037037037
vanessa-rubio,HYROX DOUBLES MIXED,16-24,,London,2026,3.65,3.716666666666667,3.6166666666666663,1.7,3.85,2.966666666666667,3.783333333333333,2.35,3.8,4.066666666666666,3.75,1.4666666666666666,3.85,2.583333333333333,5.083333333333333,3.433333333333333,3.85,31.383333333333333,22.28333333333333,57.51666666666667,0.28852459016393445,0.5730337078651685
stacey-smith,HYROX DOUBLES MIXED,35-39,,London,2026,3.5,3.8666666666666663,3.466666666666667,1.75,3.566666666666667,3.3,3.45,3.25,3.583333333333333,4.266666666666667,3.55,1.6166666666666667,3.65,3.3833333333333333,4.95,3.95,3.683333333333333,29.716666666666665,25.383333333333333,58.783333333333324,0.30303030303030304,0.5303030303030303
jules-dorival,HYROX DOUBLES MIXED,25-29,,London,2026,4.116666666666666,3.966666666666667,3.8,1.5333333333333334,4.016666666666667,2.8,3.95,2.283333333333333,4.016666666666667,4.3,4.05,1.65,4.05,2.6666666666666665,5.283333333333333,3.6666666666666665,3.7,33.28333333333333,22.866666666666667,59.84999999999999,0.28075709779179814,0.5476190476190477
lowri-nesbitt,HYROX DOUBLES MIXED,25-29,,London,2026,4.25,3.883333333333333,3.933333333333333,1.5166666666666666,4.066666666666666,2.466666666666667,4.033333333333333,2.4833333333333334,4.183333333333334,4.283333333333333,4.216666666666667,1.55,4.25,2.7,5.483333333333333,3.733333333333333,3.883333333333333,34.416666666666664,22.616666666666667,60.916666666666664,0.28267477203647423,0.6148648648648648
charlotte-rogers,HYROX DOUBLES MIXED,30-34,,London,2026,3.983333333333333,3.966666666666667,3.716666666666667,1.8,3.883333333333333,2.833333333333333,3.95,2.816666666666667,4.1,4.766666666666667,3.983333333333333,1.65,4.0,3.683333333333333,5.483333333333333,4.283333333333333,3.983333333333333,33.1,25.799999999999997,62.88333333333333,0.3221884498480243,0.6352941176470589
nick-winstone,HYROX DOUBLES MIXED,45-49,,London,2026,4.483333333333333,3.883333333333333,4.15,1.5833333333333333,4.266666666666667,2.9,4.316666666666666,2.75,4.316666666666666,4.216666666666667,4.183333333333334,1.6,4.283333333333333,3.0166666666666666,5.633333333333334,3.85,4.216666666666667,35.63333333333333,23.8,63.650000000000006,0.26331360946745563,0.5459770114942528
carlotta-tripodi,HYROX DOUBLES MIXED,30-34,,London,2026,4.183333333333334,3.983333333333333,4.066666666666666,1.6166666666666667,4.266666666666667,2.8833333333333333,4.333333333333333,3.216666666666667,4.283333333333333,4.383333333333334,4.283333333333333,1.85,4.466666666666667,3.4166666666666665,5.85,3.466666666666667,4.0,35.733333333333334,24.81666666666667,64.55000000000001,0.30484330484330485,0.5606936416184971
georgina-blunt,HYROX DOUBLES MIXED,25-29,,London,2026,4.25,3.816666666666667,4.183333333333334,1.7,4.366666666666666,2.75,4.283333333333333,3.0166666666666666,4.533333333333333,4.233333333333333,4.55,1.8,4.416666666666667,3.3666666666666667,5.766666666666667,3.9166666666666665,4.333333333333333,36.35,24.6,65.28333333333333,0.27456647398843925,0.6181818181818182
rhys-jones,HYROX DOUBLES MIXED,16-24,,London,2026,4.2,3.966666666666667,3.95,1.5666666666666669,4.133333333333334,2.583333333333333,4.15,3.466666666666667,4.433333333333334,4.383333333333334,4.316666666666666,1.8333333333333333,4.5,4.083333333333333,6.033333333333333,4.0,4.25,35.71666666666667,25.883333333333333,65.85000000000002,0.34530386740331487,0.6064516129032259
sebastien-ramos,HYROX DOUBLES MIXED,30-34,,London,2026,4.183333333333334,4.1,4.066666666666666,2.3,4.233333333333333,3.15,4.25,3.3666666666666667,4.333333333333333,4.433333333333334,4.3,2.0166666666666666,4.266666666666667,3.95,5.683333333333334,3.9166666666666665,4.066666666666666,35.31666666666666,27.233333333333334,66.61666666666666,0.2844574780058652,0.7301587301587301
rebecca-yoxall,HYROX DOUBLES MIXED,25-29,,London,2026,4.35,4.133333333333334,4.316666666666666,2.183333333333333,4.366666666666666,3.583333333333333,4.333333333333333,2.283333333333333,4.583333333333333,4.966666666666667,4.433333333333334,1.6666666666666667,4.616666666666666,3.65,6.183333333333334,4.2,4.433333333333334,37.18333333333333,26.666666666666664,68.28333333333333,0.30188679245283023,0.6093023255813953
matt-oliver,HYROX DOUBLES MIXED,40-44,,London,2026,4.466666666666667,3.883333333333333,4.566666666666666,1.6666666666666667,4.783333333333333,2.45,4.766666666666667,1.8833333333333333,5.083333333333333,4.366666666666666,5.066666666666666,1.7166666666666666,5.1,3.783333333333333,6.966666666666667,4.083333333333333,4.366666666666666,40.8,23.833333333333332,68.99999999999999,0.3588516746411483,0.6802721088435374
juan-pablo-polanco-valera,HYROX DOUBLES MIXED,40-44,,London,2026,4.35,3.966666666666667,4.183333333333334,2.316666666666667,4.433333333333334,3.083333333333333,4.5,3.1666666666666665,4.466666666666667,4.85,4.4,1.65,4.483333333333333,4.433333333333334,6.1,3.95,5.233333333333333,36.91666666666667,27.416666666666664,69.56666666666668,0.31420765027322395,0.7513513513513514
jack-foster,HYROX DOUBLES MIXED,16-24,,London,2026,4.716666666666667,3.966666666666667,4.416666666666667,1.6166666666666667,4.633333333333334,3.716666666666667,4.533333333333333,3.6166666666666663,4.55,4.6,4.583333333333333,1.65,4.866666666666666,3.8,6.25,4.266666666666667,4.716666666666667,38.55,27.23333333333333,70.5,0.2933333333333333,0.4349775784753363
jess-christie,HYROX DOUBLES MIXED,25-29,,London,2026,4.366666666666666,4.416666666666667,4.233333333333333,2.0,4.316666666666666,4.216666666666667,4.45,3.183333333333333,4.4,4.733333333333333,4.333333333333333,2.15,4.333333333333333,4.25,5.8,5.45,4.816666666666666,36.23333333333333,30.4,71.44999999999999,0.2701149425287356,0.4743083003952569
yanis-bourazza-vosgin,HYROX DOUBLES MIXED,16-24,,London,2026,5.05,4.1,4.8,1.7833333333333334,5.25,3.15,4.95,2.283333333333333,5.35,4.25,5.266666666666667,1.8166666666666669,5.433333333333334,2.966666666666667,6.816666666666666,4.066666666666666,5.333333333333333,42.91666666666666,24.416666666666668,72.66666666666666,0.29584352078239606,0.5661375661375662
martin-addison,HYROX DOUBLES MIXED,40-44,,London,2026,4.683333333333334,4.116666666666666,4.383333333333334,2.2333333333333334,4.75,3.9166666666666665,4.75,3.0166666666666666,5.0,4.75,4.883333333333334,1.9333333333333331,4.883333333333334,3.95,6.85,4.383333333333334,5.233333333333333,40.18333333333334,28.299999999999997,73.71666666666667,0.36009732360097313,0.5702127659574469
davide-martani,HYROX DOUBLES MIXED,25-29,,London,2026,4.816666666666666,4.166666666666667,4.766666666666667,1.9666666666666663,5.233333333333333,4.05,5.183333333333334,3.1166666666666667,5.166666666666667,4.366666666666666,5.166666666666667,1.9,5.3,3.55,6.9,3.7,5.016666666666667,42.53333333333333,26.816666666666666,74.36666666666666,0.3091787439613527,0.48559670781893
sina-bell,HYROX DOUBLES MIXED,30-34,,London,2026,5.283333333333333,4.116666666666666,5.0,2.05,5.183333333333334,3.05,5.333333333333333,3.0166666666666666,5.333333333333333,4.383333333333334,5.3,1.8,5.25,3.3,6.966666666666667,4.333333333333333,5.766666666666667,43.650000000000006,26.049999999999997,75.46666666666665,0.2822966507177034,0.6721311475409836
hector-goncalves,HYROX DOUBLES MIXED,25-29,,London,2026,4.633333333333334,4.65,4.766666666666667,2.9833333333333334,4.8,4.133333333333334,4.866666666666666,2.8833333333333333,4.716666666666667,4.766666666666667,4.833333333333333,1.9,5.116666666666666,3.6,7.45,4.6,5.316666666666666,41.18333333333333,29.516666666666666,76.01666666666665,0.37807606263982096,0.721774193548387
felix-braun,HYROX DOUBLES MIXED,30-34,,London,2026,5.05,4.066666666666666,4.8,1.9833333333333332,5.283333333333333,3.966666666666667,5.25,2.9,5.283333333333333,4.6,5.1,2.65,5.316666666666666,3.8333333333333335,4.783333333333333,5.383333333333334,6.583333333333333,40.86666666666666,29.38333333333333,76.83333333333333,0.10031347962382443,0.49999999999999994
marielle-pelier,HYROX DOUBLES MIXED,55-59,,London,2026,4.783333333333333,4.166666666666667,4.783333333333333,2.3666666666666667,4.766666666666667,3.95,4.816666666666666,4.866666666666666,4.8,4.766666666666667,4.983333333333333,2.05,5.016666666666667,4.4,7.083333333333333,4.933333333333334,5.083333333333333,41.03333333333334,31.500000000000004,77.61666666666667,0.32705882352941174,0.5991561181434599
jess-tootill,HYROX DOUBLES MIXED,25-29,,London,2026,5.183333333333334,4.383333333333334,4.983333333333333,1.7833333333333334,5.033333333333333,4.05,5.15,3.066666666666667,5.366666666666666,4.616666666666666,5.35,1.8833333333333333,5.183333333333334,3.9,6.683333333333334,5.116666666666666,6.833333333333333,42.93333333333334,28.799999999999997,78.56666666666666,0.25436408977556113,0.44032921810699593
sue-moore,HYROX DOUBLES MIXED,45-49,,London,2026,5.183333333333334,4.3,5.216666666666667,2.0166666666666666,5.266666666666667,3.2333333333333334,5.383333333333334,3.5,5.65,4.466666666666667,5.433333333333334,1.5833333333333333,5.466666666666667,3.716666666666667,7.516666666666667,5.916666666666667,6.433333333333334,45.116666666666674,28.73333333333333,80.28333333333335,0.3104212860310421,0.6237113402061856
emma-arnaud,HYROX DOUBLES MIXED,16-24,,London,2026,4.983333333333333,4.133333333333334,5.233333333333333,1.95,5.416666666666667,3.6,5.35,3.5,5.716666666666667,4.866666666666666,5.55,2.2,5.366666666666666,4.933333333333334,7.683333333333334,5.55,5.2,45.3,30.733333333333334,81.23333333333333,0.35140997830802606,0.5416666666666666
anne-sophie-houede,HYROX DOUBLES MIXED,35-39,,London,2026,5.183333333333334,4.1,4.8,2.783333333333333,4.966666666666667,4.05,5.033333333333333,4.333333333333333,5.55,4.85,5.533333333333333,1.8,5.35,4.516666666666667,7.016666666666667,6.883333333333334,6.1,43.43333333333334,33.31666666666667,82.85000000000001,0.3159144893111639,0.6872427983539094
juliet-warren-penny,HYROX DOUBLES MIXED,60-64,,London,2026,5.133333333333334,4.616666666666666,5.15,2.583333333333333,5.283333333333333,4.933333333333334,5.35,4.483333333333333,5.533333333333333,5.233333333333333,5.466666666666667,2.05,5.45,4.15,7.7,5.4,5.75,45.06666666666668,33.45,84.2666666666667,0.3333333333333333,0.5236486486486486
solomon-foy,HYROX DOUBLES MIXED,25-29,,London,2026,5.05,4.5,5.15,2.2,5.466666666666667,4.216666666666667,5.283333333333333,4.7,5.383333333333334,5.333333333333333,5.266666666666667,1.8166666666666669,5.366666666666666,5.7,7.266666666666667,6.633333333333334,7.133333333333334,44.23333333333333,35.1,86.46666666666668,0.30504587155963303,0.5217391304347826
megan-brown,HYROX DOUBLES MIXED,30-34,,London,2026,4.616666666666666,4.583333333333333,4.85,2.3666666666666667,5.1,5.016666666666667,5.45,3.65,5.316666666666666,5.0,5.4,2.833333333333333,5.116666666666666,4.616666666666666,11.783333333333331,6.133333333333334,6.116666666666666,47.63333333333333,34.2,87.94999999999999,0.6082036775106082,0.47176079734219273
julie-spells,HYROX DOUBLES MIXED,65-69,,London,2026,6.016666666666667,4.466666666666667,5.733333333333333,3.15,5.883333333333334,3.333333333333333,5.9,3.8333333333333335,6.183333333333334,5.016666666666667,6.266666666666667,2.25,6.283333333333333,4.5,8.616666666666667,6.066666666666666,7.016666666666667,50.88333333333333,32.61666666666667,90.51666666666667,0.33462282398452614,0.9450000000000001
hazel-walklin,HYROX DOUBLES MIXED,35-39,,London,2026,6.033333333333333,4.616666666666666,5.733333333333333,2.2,5.95,5.116666666666666,6.083333333333333,3.7666666666666666,6.4,5.0,6.283333333333333,2.0166666666666666,6.4,5.95,8.7,5.316666666666666,8.283333333333333,51.58333333333333,33.983333333333334,93.85,0.3409961685823754,0.4299674267100978
krasimir-kirov,HYROX DOUBLES MIXED,35-39,,London,2026,5.533333333333333,5.016666666666667,5.15,3.216666666666667,5.516666666666667,5.283333333333333,5.533333333333333,5.75,5.8,5.933333333333334,5.716666666666667,2.8,5.966666666666667,6.416666666666667,8.8,7.516666666666667,10.166666666666666,48.016666666666666,41.93333333333333,100.11666666666667,0.4147727272727273,0.6088328075709779
jonathan-oconnell,HYROX DOUBLES MIXED,30-34,,London,2026,4.716666666666667,4.733333333333333,7.333333333333333,2.216666666666667,7.316666666666666,5.166666666666667,7.616666666666666,5.016666666666667,7.583333333333333,5.783333333333333,8.483333333333333,2.433333333333333,5.316666666666666,6.15,11.933333333333334,5.316666666666666,9.0,60.30000000000001,36.81666666666666,106.11666666666669,0.6047486033519553,0.4290322580645161
julie-albert,HYROX DOUBLES MIXED,25-29,,Lyon,2026,2.6666666666666665,3.9,3.4,1.9,3.6666666666666665,2.4,3.65,1.95,3.6,4.1,3.6666666666666665,1.4,3.683333333333333,2.433333333333333,3.8,3.65,4.483333333333333,28.133333333333336,21.73333333333333,54.35,0.2982456140350877,0.7916666666666666
louison-vanderghote,HYROX DOUBLES MIXED,25-29,,Lyon,2026,2.7333333333333334,3.7666666666666666,3.8,2.283333333333333,3.983333333333333,3.1,3.9166666666666665,2.1666666666666665,3.966666666666667,4.183333333333334,4.0,1.2333333333333334,4.033333333333333,2.65,4.066666666666666,3.733333333333333,4.85,30.499999999999996,23.116666666666667,58.46666666666667,0.3278688524590163,0.7365591397849461
lilou-duffau,HYROX DOUBLES MIXED,16-24,,Lyon,2026,3.0166666666666666,4.0,3.9,1.9333333333333331,4.083333333333333,3.1,4.083333333333333,2.1,4.066666666666666,4.3,4.033333333333333,1.3833333333333333,4.033333333333333,2.55,4.066666666666666,3.4833333333333334,5.316666666666666,31.283333333333328,22.85,59.44999999999999,0.26122448979591834,0.6236559139784945
salma-rahmoun,HYROX DOUBLES MIXED,25-29,,Lyon,2026,3.216666666666667,3.95,4.016666666666667,1.9666666666666663,4.216666666666667,3.0,4.116666666666666,1.9833333333333332,4.233333333333333,4.3,4.183333333333334,1.5166666666666666,4.283333333333333,2.7333333333333334,4.383333333333334,3.566666666666667,5.066666666666666,32.65,23.016666666666666,60.733333333333334,0.26615969581749055,0.6555555555555554
florian-lagarrigue,HYROX DOUBLES MIXED,30-34,,Lyon,2026,2.85,3.9166666666666665,3.966666666666667,2.216666666666667,4.183333333333334,3.3,3.966666666666667,2.566666666666667,4.05,4.15,4.05,1.5333333333333334,4.016666666666667,3.0,4.083333333333333,4.083333333333333,5.283333333333333,31.166666666666664,24.766666666666666,61.21666666666666,0.3187250996015936,0.6717171717171718
auriane-houareau,HYROX DOUBLES MIXED,30-34,,Lyon,2026,3.0166666666666666,3.816666666666667,3.9166666666666665,2.216666666666667,4.2,3.1333333333333333,4.016666666666667,2.8666666666666667,4.216666666666667,4.316666666666666,4.116666666666666,1.7333333333333334,4.233333333333333,2.8833333333333333,4.283333333333333,3.4833333333333334,5.516666666666667,32.0,24.450000000000003,61.966666666666676,0.29571984435797666,0.7074468085106383
jeremy-veyrier,HYROX DOUBLES MIXED,35-39,,Lyon,2026,3.35,4.05,4.016666666666667,2.25,4.283333333333333,3.2666666666666666,4.216666666666667,2.316666666666667,4.25,4.266666666666667,4.166666666666667,1.65,4.166666666666667,2.8833333333333333,4.316666666666666,3.75,5.466666666666667,32.766666666666666,24.43333333333333,62.666666666666664,0.22393822393822388,0.6887755102040817
nolwenn-lenglet,HYROX DOUBLES MIXED,16-24,,Lyon,2026,2.95,3.75,3.8333333333333335,2.3,4.1,3.55,4.1,3.1333333333333333,4.233333333333333,4.35,4.15,1.65,4.1,3.2,4.4,3.933333333333333,5.383333333333334,31.866666666666667,25.866666666666664,63.11666666666666,0.3295454545454546,0.647887323943662
julie-anguille,HYROX DOUBLES MIXED,30-34,,Lyon,2026,3.183333333333333,3.983333333333333,4.466666666666667,2.033333333333333,4.75,3.1,4.583333333333333,2.2,4.733333333333333,4.15,4.533333333333333,1.5166666666666666,4.783333333333333,2.45,4.816666666666666,3.4166666666666665,5.183333333333334,35.849999999999994,22.85,63.883333333333326,0.3391003460207613,0.6559139784946236
noa-chaudron,HYROX DOUBLES MIXED,16-24,,Lyon,2026,3.316666666666667,4.116666666666666,4.316666666666666,2.283333333333333,4.416666666666667,3.4,4.3,2.9833333333333334,4.316666666666666,4.3,4.316666666666666,1.6166666666666667,4.333333333333333,2.833333333333333,4.516666666666667,3.65,5.466666666666667,33.833333333333336,25.18333333333333,64.48333333333333,0.2656826568265682,0.6715686274509803
celia-meignier,HYROX DOUBLES MIXED,35-39,,Lyon,2026,3.4833333333333334,3.9166666666666665,4.216666666666667,1.9833333333333332,4.4,3.066666666666667,4.383333333333334,2.283333333333333,4.433333333333334,4.466666666666667,4.45,1.5166666666666666,4.216666666666667,3.15,4.533333333333333,4.216666666666667,6.183333333333334,34.11666666666667,24.6,64.9,0.23161764705882348,0.6467391304347825
julien-navarro,HYROX DOUBLES MIXED,30-34,,Lyon,2026,3.35,3.8666666666666663,4.283333333333333,2.183333333333333,4.516666666666667,2.683333333333333,4.45,2.45,4.8,4.15,4.783333333333333,1.4,5.033333333333333,3.1333333333333333,4.9,3.733333333333333,5.466666666666667,36.11666666666666,23.6,65.18333333333332,0.3344370860927152,0.8136645962732919
jean-baptiste-ferrasse-desnoix,HYROX DOUBLES MIXED,35-39,,Lyon,2026,3.216666666666667,4.033333333333333,4.4,2.15,4.733333333333333,2.783333333333333,4.65,2.466666666666667,4.816666666666666,4.25,4.7,1.4,4.716666666666667,2.933333333333333,4.683333333333334,3.783333333333333,5.65,35.91666666666667,23.799999999999997,65.36666666666666,0.3321799307958477,0.7724550898203593
sarah-vial,HYROX DOUBLES MIXED,16-24,,Lyon,2026,2.8666666666666667,4.5,3.9,2.5,4.133333333333334,4.116666666666666,4.083333333333333,3.466666666666667,4.183333333333334,4.933333333333334,4.0,1.6833333333333331,4.016666666666667,3.3833333333333333,4.15,4.55,5.3,31.333333333333336,29.133333333333333,65.76666666666667,0.31474103585657376,0.6072874493927126
maxime-franoux,HYROX DOUBLES MIXED,25-29,,Lyon,2026,3.2333333333333334,3.883333333333333,4.15,2.45,4.4,4.083333333333333,4.433333333333334,2.55,4.733333333333333,4.316666666666666,4.55,1.6333333333333333,4.466666666666667,2.95,4.716666666666667,4.083333333333333,5.683333333333334,34.68333333333334,25.949999999999996,66.31666666666668,0.31690140845070425,0.6000000000000001
katline-penot,HYROX DOUBLES MIXED,30-34,,Lyon,2026,3.45,4.233333333333333,4.166666666666667,2.333333333333333,4.483333333333333,3.683333333333333,4.5,2.6333333333333333,4.516666666666667,4.316666666666666,4.55,1.45,4.683333333333334,3.25,4.716666666666667,3.8333333333333335,5.65,35.06666666666667,25.73333333333333,66.45,0.2685512367491166,0.6334841628959276
oceane-oliveira,HYROX DOUBLES MIXED,25-29,,Lyon,2026,2.9833333333333334,3.933333333333333,4.316666666666666,1.9,4.7,3.75,4.616666666666666,2.9166666666666665,4.8,4.316666666666666,4.616666666666666,1.5166666666666666,4.866666666666666,2.933333333333333,4.666666666666667,4.083333333333333,5.883333333333334,35.56666666666667,25.349999999999994,66.8,0.38698630136986295,0.5066666666666666
marie-goret,HYROX DOUBLES MIXED,25-29,,Lyon,2026,3.466666666666667,4.016666666666667,4.3,2.5166666666666666,4.816666666666666,3.75,4.716666666666667,2.316666666666667,4.616666666666666,4.316666666666666,4.5,1.7333333333333334,4.4,2.816666666666667,4.783333333333333,3.966666666666667,5.966666666666667,35.599999999999994,25.43333333333333,67.0,0.2802768166089965,0.6711111111111111
nils-rykart,HYROX DOUBLES MIXED,40-44,,Lyon,2026,3.2333333333333334,4.066666666666666,4.3,2.25,4.533333333333333,3.216666666666667,4.55,3.033333333333333,4.733333333333333,4.45,4.666666666666667,1.6166666666666667,4.616666666666666,3.2333333333333334,4.833333333333333,4.25,5.6,35.46666666666667,26.116666666666667,67.18333333333334,0.33103448275862063,0.699481865284974
marine-bourgeois,HYROX DOUBLES MIXED,25-29,,Lyon,2026,3.45,4.15,4.233333333333333,2.1,4.616666666666666,3.9,4.583333333333333,3.0166666666666666,4.683333333333334,4.383333333333334,4.6,1.6833333333333331,4.666666666666667,2.85,4.733333333333333,3.85,5.966666666666667,35.56666666666666,25.933333333333337,67.46666666666665,0.27112676056338025,0.5384615384615385
aurelie-sauvadet,HYROX DOUBLES MIXED,30-34,,Lyon,2026,3.466666666666667,4.183333333333334,4.4,2.15,4.483333333333333,4.133333333333334,4.75,2.5,4.983333333333333,4.516666666666667,4.583333333333333,1.85,4.466666666666667,2.933333333333333,4.5,3.883333333333333,5.85,35.63333333333333,26.150000000000002,67.63333333333333,0.3043478260869565,0.5201612903225805
cindy-standaert,HYROX DOUBLES MIXED,35-39,,Lyon,2026,3.216666666666667,3.9,4.266666666666667,2.4166666666666665,4.516666666666667,3.7666666666666666,4.633333333333334,3.25,4.683333333333334,4.166666666666667,4.65,1.7666666666666666,4.65,3.4166666666666665,4.75,3.933333333333333,5.866666666666666,35.36666666666667,26.616666666666667,67.84999999999998,0.3228070175438596,0.6415929203539823
meghan-guilhot,HYROX DOUBLES MIXED,30-34,,Lyon,2026,3.65,3.8666666666666663,4.516666666666667,2.333333333333333,4.766666666666667,3.6166666666666663,4.6,2.4833333333333334,4.666666666666667,4.283333333333333,4.616666666666666,1.6833333333333331,4.566666666666666,3.05,4.966666666666667,3.9166666666666665,6.516666666666667,36.35,25.233333333333338,68.1,0.26510067114093966,0.6451612903225806
jimmy-blettner,HYROX DOUBLES MIXED,25-29,,Lyon,2026,3.7,4.183333333333334,4.633333333333334,2.0166666666666666,4.716666666666667,3.45,4.85,3.1666666666666665,5.033333333333333,4.4,4.883333333333334,1.6333333333333333,4.883333333333334,2.6333333333333333,4.8,3.683333333333333,5.766666666666667,37.49999999999999,25.166666666666668,68.43333333333332,0.2649006622516556,0.5845410628019323
clara-faustino,HYROX DOUBLES MIXED,25-29,,Lyon,2026,3.533333333333333,4.016666666666667,4.416666666666667,2.5166666666666666,4.816666666666666,3.566666666666667,4.85,2.6333333333333333,4.766666666666667,4.366666666666666,4.833333333333333,1.6333333333333333,4.866666666666666,3.466666666666667,4.733333333333333,3.3,6.283333333333333,36.81666666666666,25.499999999999996,68.6,0.273972602739726,0.7056074766355139
benjamin-roche,HYROX DOUBLES MIXED,35-39,,Lyon,2026,3.433333333333333,4.05,4.6,2.433333333333333,4.966666666666667,3.533333333333333,4.7,2.75,4.916666666666667,4.15,4.85,1.5,4.816666666666666,3.05,5.083333333333333,3.65,6.316666666666666,37.36666666666667,25.116666666666664,68.79999999999998,0.32459016393442625,0.6886792452830188
julia-rochaix,HYROX DOUBLES MIXED,30-34,,Lyon,2026,3.083333333333333,4.133333333333334,4.05,2.933333333333333,4.666666666666667,5.133333333333334,4.6,2.683333333333333,4.133333333333334,4.466666666666667,4.483333333333333,1.5333333333333334,4.666666666666667,3.5,4.416666666666667,4.383333333333334,6.033333333333333,34.1,28.76666666666667,68.89999999999999,0.3392857142857144,0.5714285714285714
loic-lautissier,HYROX DOUBLES MIXED,30-34,,Lyon,2026,3.4,4.416666666666667,4.25,2.2666666666666666,4.833333333333333,3.75,4.833333333333333,3.033333333333333,4.916666666666667,4.65,4.766666666666667,1.4833333333333334,4.75,3.0,4.95,3.85,6.033333333333333,36.7,26.450000000000003,69.18333333333334,0.31313131313131315,0.6044444444444445
mehdi-benmerabet,HYROX DOUBLES MIXED,30-34,,Lyon,2026,3.5166666666666666,4.2,4.583333333333333,2.283333333333333,4.783333333333333,3.5166666666666666,4.733333333333333,2.6166666666666667,4.883333333333334,4.266666666666667,4.866666666666666,1.55,4.733333333333333,3.0166666666666666,4.85,5.1,5.833333333333333,36.95,26.549999999999997,69.33333333333333,0.279863481228669,0.6492890995260663
julien-crochet,HYROX DOUBLES MIXED,16-24,,Lyon,2026,3.4833333333333334,4.166666666666667,4.416666666666667,2.316666666666667,4.883333333333334,3.4833333333333334,4.65,2.95,4.55,4.633333333333334,4.533333333333333,1.7666666666666666,4.6,3.35,4.7,4.283333333333333,6.716666666666667,35.81666666666668,26.950000000000003,69.48333333333335,0.2866894197952219,0.6650717703349283
hugo-morin,HYROX DOUBLES MIXED,30-34,,Lyon,2026,3.65,4.116666666666666,4.766666666666667,2.35,4.833333333333333,3.2,4.883333333333334,3.4833333333333334,4.8,4.333333333333333,4.75,1.55,4.783333333333333,3.533333333333333,4.883333333333334,3.7666666666666666,6.016666666666667,37.35,26.333333333333336,69.7,0.25255972696245743,0.734375
adele-landaud,HYROX DOUBLES MIXED,25-29,,Lyon,2026,3.716666666666667,4.133333333333334,4.55,2.55,4.7,3.85,4.566666666666666,3.083333333333333,4.616666666666666,4.75,4.633333333333334,1.6333333333333333,4.55,3.466666666666667,4.6,3.7666666666666666,6.75,35.93333333333333,27.233333333333334,69.91666666666666,0.20921985815602837,0.6623376623376622
jimmy-de-la-fuente,HYROX DOUBLES MIXED,35-39,,Lyon,2026,3.25,4.283333333333333,4.083333333333333,2.5,4.416666666666667,4.083333333333333,4.283333333333333,3.3833333333333333,4.433333333333334,4.9,4.366666666666666,2.4833333333333334,4.35,3.5,4.633333333333334,5.4,5.75,33.81666666666666,30.53333333333333,70.1,0.2985611510791368,0.6122448979591837
vanessa-dieudonne,HYROX DOUBLES MIXED,40-44,,Lyon,2026,3.683333333333333,4.283333333333333,4.433333333333334,3.15,4.466666666666667,4.733333333333333,4.516666666666667,3.3666666666666667,4.516666666666667,4.783333333333333,4.483333333333333,1.6333333333333333,4.483333333333333,3.4833333333333334,4.683333333333334,3.9166666666666665,5.7,35.266666666666666,29.350000000000005,70.31666666666666,0.21352313167259795,0.6654929577464789
nicolas-baume,HYROX DOUBLES MIXED,25-29,,Lyon,2026,3.5166666666666666,4.05,4.75,2.2333333333333334,5.216666666666667,3.7,5.0,2.6666666666666665,4.916666666666667,4.266666666666667,4.9,1.75,5.016666666666667,2.933333333333333,5.133333333333334,3.6166666666666663,6.733333333333333,38.45,25.21666666666667,70.39999999999999,0.3258785942492013,0.6036036036036035
elise-riegel,HYROX DOUBLES MIXED,25-29,,Lyon,2026,3.5166666666666666,4.3,4.366666666666666,2.3,4.866666666666666,4.25,5.15,2.9,4.916666666666667,4.666666666666667,4.833333333333333,1.5666666666666669,4.866666666666666,3.0,4.916666666666667,3.933333333333333,6.3,37.43333333333333,26.916666666666668,70.64999999999999,0.3171521035598706,0.5411764705882353
emeline-michaud,HYROX DOUBLES MIXED,40-44,,Lyon,2026,4.0,4.05,4.833333333333333,2.1666666666666665,5.166666666666667,3.2666666666666666,5.183333333333334,3.05,5.166666666666667,4.316666666666666,4.95,1.7166666666666666,4.966666666666667,3.066666666666667,5.183333333333334,3.55,6.133333333333334,39.45,25.183333333333334,70.76666666666668,0.22829581993569134,0.6632653061224489
stephanie-martin,HYROX DOUBLES MIXED,45-49,,Lyon,2026,3.583333333333333,4.05,4.433333333333334,2.566666666666667,5.2,4.283333333333333,5.116666666666666,2.2333333333333334,5.166666666666667,4.55,5.0,1.7333333333333334,4.85,3.1333333333333333,5.283333333333333,3.816666666666667,5.9,38.63333333333333,26.366666666666667,70.9,0.32176656151419564,0.5992217898832686
jules-musseau,HYROX DOUBLES MIXED,25-29,,Lyon,2026,3.683333333333333,4.283333333333333,4.516666666666667,2.6333333333333333,4.75,4.183333333333334,4.65,3.066666666666667,4.933333333333334,4.533333333333333,4.783333333333333,1.5333333333333334,4.783333333333333,3.15,4.9,3.85,6.833333333333333,37.0,27.233333333333334,71.06666666666665,0.25337837837837845,0.6294820717131474
rudolphe-affro,HYROX DOUBLES MIXED,35-39,,Lyon,2026,3.6,4.383333333333334,4.65,2.3833333333333333,4.866666666666666,3.966666666666667,4.95,3.0166666666666666,4.733333333333333,4.666666666666667,4.766666666666667,1.85,4.8,3.3666666666666667,4.916666666666667,3.95,6.333333333333333,37.28333333333333,27.583333333333336,71.19999999999999,0.27272727272727276,0.6008403361344538
valerie-mussard,HYROX DOUBLES MIXED,35-39,,Lyon,2026,3.4,4.216666666666667,4.35,3.35,4.466666666666667,3.8333333333333335,4.566666666666666,3.5,4.616666666666666,4.65,4.583333333333333,1.6333333333333333,4.616666666666666,3.9166666666666665,4.766666666666667,4.15,6.733333333333333,35.36666666666667,29.25,71.35000000000001,0.2867132867132867,0.8739130434782608
vivien-brasseur,HYROX DOUBLES MIXED,35-39,,Lyon,2026,3.55,4.116666666666666,4.566666666666666,2.45,4.75,4.216666666666667,4.666666666666667,2.65,4.9,4.483333333333333,4.8,1.65,4.766666666666667,3.85,5.433333333333334,4.133333333333334,6.533333333333333,37.43333333333334,27.55,71.51666666666668,0.3466257668711657,0.5810276679841897
samuel-lechelon,HYROX DOUBLES MIXED,35-39,,Lyon,2026,3.466666666666667,4.0,4.3,2.6,4.766666666666667,3.966666666666667,4.816666666666666,3.8666666666666663,4.766666666666667,4.416666666666667,4.833333333333333,1.8333333333333333,4.783333333333333,3.466666666666667,5.05,4.05,6.716666666666667,36.78333333333333,28.2,71.7,0.3135313531353135,0.6554621848739496
maellys-akli,HYROX DOUBLES MIXED,16-24,,Lyon,2026,3.65,3.9,4.733333333333333,2.283333333333333,4.983333333333333,3.1166666666666667,5.216666666666667,3.066666666666667,5.416666666666667,4.183333333333334,5.383333333333334,1.7833333333333334,5.783333333333333,2.7666666666666666,5.216666666666667,3.5166666666666666,6.883333333333334,40.38333333333334,24.616666666666667,71.88333333333334,0.3688760806916426,0.7326203208556149
lea-casassa,HYROX DOUBLES MIXED,35-39,,Lyon,2026,3.633333333333333,4.083333333333333,4.8,2.1166666666666667,5.133333333333334,3.45,5.15,2.583333333333333,5.3,4.6,5.25,1.55,5.2,3.3666666666666667,5.533333333333333,3.966666666666667,6.283333333333333,40.0,25.71666666666666,72.0,0.34337349397590367,0.6135265700483091
laura-hinneman,HYROX DOUBLES MIXED,35-39,,Lyon,2026,3.716666666666667,4.233333333333333,4.916666666666667,2.566666666666667,5.133333333333334,3.333333333333333,5.05,2.9833333333333334,5.116666666666666,4.65,5.033333333333333,1.75,4.95,3.183333333333333,5.333333333333333,3.633333333333333,6.516666666666667,39.25000000000001,26.333333333333332,72.10000000000001,0.3031249999999999,0.7700000000000001
chris-lobo,HYROX DOUBLES MIXED,30-34,,Lyon,2026,3.6166666666666663,4.2,4.75,2.183333333333333,4.933333333333334,3.466666666666667,5.05,2.8833333333333333,5.1,4.283333333333333,5.033333333333333,1.7833333333333334,5.116666666666666,3.716666666666667,5.416666666666667,4.2,6.683333333333334,39.016666666666666,26.716666666666665,72.41666666666667,0.3323076923076924,0.6298076923076922
frederique-tetefort,HYROX DOUBLES MIXED,35-39,,Lyon,2026,3.533333333333333,4.066666666666666,4.533333333333333,2.5166666666666666,4.883333333333334,4.616666666666666,5.133333333333334,2.7,4.816666666666666,4.583333333333333,4.716666666666667,1.45,4.866666666666666,3.533333333333333,5.15,4.75,6.7,37.63333333333333,28.21666666666666,72.55000000000001,0.31391585760517804,0.5451263537906138
solene-chaussende,HYROX DOUBLES MIXED,35-39,,Lyon,2026,3.733333333333333,4.283333333333333,4.716666666666667,2.5166666666666666,4.933333333333334,3.633333333333333,4.95,2.283333333333333,5.033333333333333,4.55,5.033333333333333,1.7333333333333334,5.233333333333333,4.15,5.25,4.2,6.4,38.88333333333333,27.349999999999998,72.63333333333333,0.288888888888889,0.6926605504587157
adrien-gilbert,HYROX DOUBLES MIXED,25-29,,Lyon,2026,3.3833333333333333,4.5,4.366666666666666,2.6166666666666667,4.75,4.333333333333333,4.683333333333334,3.55,4.75,4.533333333333333,4.533333333333333,1.55,4.816666666666666,3.783333333333333,4.583333333333333,4.85,7.25,35.86666666666667,29.71666666666667,72.83333333333333,0.29757785467128023,0.6038461538461539
tanguy-lecerf,HYROX DOUBLES MIXED,16-24,,Lyon,2026,3.8333333333333335,4.266666666666667,4.516666666666667,2.45,4.7,4.45,4.766666666666667,3.1666666666666665,4.75,4.816666666666666,4.683333333333334,1.9166666666666667,4.616666666666666,3.733333333333333,5.2,4.766666666666667,6.316666666666666,37.06666666666667,29.566666666666666,72.95,0.26282051282051283,0.550561797752809
alisson-martins,HYROX DOUBLES MIXED,40-44,,Lyon,2026,3.3666666666666667,4.15,4.316666666666666,2.966666666666667,4.616666666666666,4.75,4.683333333333334,3.333333333333333,4.8,4.716666666666667,4.733333333333333,2.033333333333333,4.75,4.3,4.983333333333333,4.283333333333333,6.266666666666667,36.25,30.53333333333333,73.05,0.32441471571906355,0.624561403508772
cendrillon-meslin,HYROX DOUBLES MIXED,35-39,,Lyon,2026,3.816666666666667,4.316666666666666,4.766666666666667,2.2333333333333334,4.966666666666667,4.05,5.133333333333334,2.716666666666667,5.0,4.933333333333334,4.883333333333334,1.5,4.933333333333334,3.4833333333333334,5.05,4.883333333333334,6.6,38.55,28.116666666666667,73.26666666666667,0.2564935064935065,0.551440329218107
emma-plechot,HYROX DOUBLES MIXED,25-29,,Lyon,2026,4.4,4.216666666666667,5.216666666666667,2.4166666666666665,5.366666666666666,3.3833333333333333,5.166666666666667,2.6333333333333333,5.266666666666667,4.3,4.966666666666667,1.65,5.066666666666666,3.0166666666666666,5.066666666666666,4.133333333333334,7.083333333333333,40.516666666666666,25.749999999999996,73.35,0.18012422360248434,0.7142857142857143
nicolas-clanet,HYROX DOUBLES MIXED,25-29,,Lyon,2026,3.4,3.966666666666667,4.5,2.2666666666666666,5.2,3.883333333333333,5.0,3.2,5.133333333333334,4.566666666666666,4.916666666666667,1.75,5.016666666666667,3.683333333333333,5.15,4.933333333333334,6.9,38.31666666666667,28.25,73.46666666666667,0.3461538461538462,0.5836909871244635
benedicte-grimm,HYROX DOUBLES MIXED,30-34,,Lyon,2026,4.233333333333333,4.266666666666667,5.1,2.05,5.2,3.4166666666666665,5.1,2.7333333333333334,5.05,4.383333333333334,5.116666666666666,1.95,5.066666666666666,3.5,5.066666666666666,5.033333333333333,6.283333333333333,39.93333333333334,27.33333333333333,73.55,0.1858974358974359,0.6
ines-guennelon,HYROX DOUBLES MIXED,16-24,,Lyon,2026,4.05,4.216666666666667,4.866666666666666,2.583333333333333,5.116666666666666,4.25,5.083333333333333,2.7,5.383333333333334,4.7,4.833333333333333,1.9833333333333332,4.866666666666666,3.333333333333333,5.033333333333333,4.05,6.583333333333333,39.23333333333333,27.816666666666666,73.63333333333334,0.24767801857585148,0.6078431372549019
pierre-demezet,HYROX DOUBLES MIXED,25-29,,Lyon,2026,4.083333333333333,4.4,4.816666666666666,2.3666666666666667,4.916666666666667,4.316666666666666,4.883333333333334,3.3666666666666667,5.05,4.716666666666667,4.916666666666667,1.6,4.95,3.333333333333333,5.083333333333333,4.5,6.45,38.7,28.6,73.75000000000001,0.19672131147540986,0.5482625482625483
laure-bayol,HYROX DOUBLES MIXED,16-24,,Lyon,2026,3.4833333333333334,4.166666666666667,4.383333333333334,2.933333333333333,4.616666666666666,5.383333333333334,4.966666666666667,3.6666666666666665,4.983333333333333,4.85,4.633333333333334,1.8666666666666667,4.5,4.116666666666666,4.75,4.25,6.366666666666666,36.31666666666667,31.233333333333334,73.91666666666666,0.3010033444816054,0.544891640866873
louna-augan,HYROX DOUBLES MIXED,16-24,,Lyon,2026,3.466666666666667,4.183333333333334,4.566666666666666,2.683333333333333,4.816666666666666,4.283333333333333,4.95,3.35,4.95,4.833333333333333,4.983333333333333,1.6166666666666667,5.05,3.6166666666666663,5.283333333333333,3.983333333333333,7.533333333333333,38.06666666666666,28.55,74.14999999999999,0.34384858044164035,0.6264591439688716
mathis-pinto,HYROX DOUBLES MIXED,16-24,,Lyon,2026,4.05,4.583333333333333,4.9,2.5166666666666666,4.9,4.266666666666667,4.983333333333333,3.1,4.95,4.633333333333334,5.066666666666666,1.7666666666666666,4.883333333333334,3.7666666666666666,5.033333333333333,4.133333333333334,6.75,38.766666666666666,28.766666666666666,74.28333333333333,0.2006578947368421,0.58984375
nathan-jaubert,HYROX DOUBLES MIXED,30-34,,Lyon,2026,3.9,4.4,5.05,2.216666666666667,5.2,4.333333333333333,5.2,3.8333333333333335,5.183333333333334,4.5,5.033333333333333,1.5166666666666666,4.933333333333334,2.7666666666666666,5.25,4.666666666666667,6.45,39.75,28.23333333333333,74.43333333333334,0.2571428571428572,0.5115384615384616
nathan-bout,HYROX DOUBLES MIXED,16-24,,Lyon,2026,3.533333333333333,4.3,4.45,2.816666666666667,4.566666666666666,4.233333333333333,4.6,4.65,4.7,4.833333333333333,4.7,1.75,4.8,4.05,4.783333333333333,4.933333333333334,6.8,36.13333333333333,31.566666666666666,74.5,0.2638888888888889,0.6653543307086615
cindy-hernandez,HYROX DOUBLES MIXED,30-34,,Lyon,2026,3.583333333333333,4.166666666666667,4.85,2.283333333333333,5.366666666666666,4.0,5.416666666666667,3.066666666666667,5.45,4.483333333333333,5.366666666666666,1.6666666666666667,5.383333333333334,3.283333333333333,5.566666666666666,4.1,6.566666666666666,40.983333333333334,27.050000000000004,74.6,0.35628742514970063,0.5708333333333333
gregoire-vaudoin,HYROX DOUBLES MIXED,25-29,,Lyon,2026,3.8666666666666663,4.2,4.516666666666667,2.6333333333333333,4.633333333333334,3.85,4.833333333333333,3.033333333333333,4.833333333333333,4.666666666666667,4.85,2.216666666666667,4.866666666666666,4.066666666666666,5.016666666666667,4.65,7.983333333333333,37.416666666666664,29.31666666666667,74.71666666666667,0.22923588039867118,0.6839826839826839
juliette-gascons,HYROX DOUBLES MIXED,25-29,,Lyon,2026,4.183333333333334,4.133333333333334,5.083333333333333,1.9,5.483333333333333,3.466666666666667,5.75,2.3666666666666667,6.0,4.033333333333333,5.583333333333333,1.4666666666666666,5.7,3.2,5.833333333333333,3.566666666666667,7.166666666666667,43.616666666666674,24.133333333333333,74.91666666666667,0.30277777777777776,0.548076923076923
fanny-henrion,HYROX DOUBLES MIXED,30-34,,Lyon,2026,3.683333333333333,4.283333333333333,4.716666666666667,2.1666666666666665,5.116666666666666,3.8666666666666663,5.1,3.0166666666666666,5.033333333333333,4.433333333333334,5.25,1.65,5.433333333333334,4.133333333333334,5.416666666666667,5.183333333333334,6.516666666666667,39.74999999999999,28.73333333333333,74.99999999999999,0.32208588957055223,0.560344827586207
mehdi-messoudi,HYROX DOUBLES MIXED,25-29,,Lyon,2026,3.5,4.266666666666667,4.6,2.1666666666666665,5.283333333333333,4.266666666666667,5.116666666666666,3.35,5.483333333333333,4.616666666666666,5.25,1.8,5.533333333333333,3.1,5.55,3.533333333333333,7.683333333333334,40.31666666666666,27.1,75.1,0.36936936936936937,0.5078125
kayla-deslarzes,HYROX DOUBLES MIXED,25-29,,Lyon,2026,4.15,4.216666666666667,5.0,2.3833333333333333,5.25,4.066666666666666,4.983333333333333,3.75,5.133333333333334,4.55,5.083333333333333,1.6333333333333333,5.133333333333334,3.5166666666666666,5.433333333333334,4.516666666666667,6.416666666666667,40.16666666666667,28.63333333333333,75.21666666666668,0.23619631901840488,0.5860655737704918
theo-molin,HYROX DOUBLES MIXED,25-29,,Lyon,2026,3.9166666666666665,4.033333333333333,4.916666666666667,2.5166666666666666,5.5,3.9166666666666665,5.216666666666667,3.3833333333333333,5.2,4.466666666666667,5.3,1.8333333333333333,5.583333333333333,3.466666666666667,5.416666666666667,3.816666666666667,6.883333333333334,41.05,27.433333333333334,75.36666666666666,0.29850746268656714,0.6425531914893617
lucas-tudezca,HYROX DOUBLES MIXED,30-34,,Lyon,2026,4.233333333333333,4.4,4.866666666666666,2.066666666666667,5.033333333333333,4.183333333333334,5.166666666666667,3.566666666666667,5.266666666666667,4.483333333333333,5.15,1.6,5.066666666666666,3.966666666666667,5.1,4.1,7.3,39.88333333333333,28.366666666666667,75.55,0.1962025316455696,0.4940239043824701
dylan-picault,HYROX DOUBLES MIXED,25-29,,Lyon,2026,3.6166666666666663,4.4,4.733333333333333,2.6666666666666665,5.15,4.85,5.1,4.05,4.8,5.083333333333333,4.766666666666667,1.8833333333333333,4.55,4.1,4.65,4.733333333333333,6.583333333333333,37.36666666666667,31.766666666666666,75.71666666666665,0.29773462783171534,0.5498281786941581
noemie-coubard,HYROX DOUBLES MIXED,16-24,,Lyon,2026,3.8666666666666663,4.733333333333333,4.6,2.833333333333333,5.0,4.95,4.666666666666667,3.1333333333333333,4.766666666666667,4.883333333333334,4.8,2.066666666666667,4.8,3.683333333333333,5.033333333333333,4.383333333333334,7.616666666666666,37.53333333333333,30.666666666666664,75.81666666666666,0.23178807947019875,0.5723905723905723
brunehilde-pinget,HYROX DOUBLES MIXED,25-29,,Lyon,2026,3.683333333333333,4.083333333333333,4.816666666666666,2.4,5.4,3.566666666666667,5.216666666666667,3.4166666666666665,5.483333333333333,4.4,5.133333333333334,1.95,5.05,3.466666666666667,5.416666666666667,4.366666666666666,8.083333333333334,40.199999999999996,27.65,75.93333333333332,0.32826747720364746,0.6728971962616822
daniela-durao,HYROX DOUBLES MIXED,40-44,,Lyon,2026,3.7666666666666666,4.316666666666666,4.783333333333333,2.316666666666667,5.216666666666667,4.8,4.95,3.333333333333333,5.1,4.683333333333334,5.1,1.8,4.983333333333333,3.6666666666666665,5.233333333333333,4.266666666666667,7.733333333333333,39.13333333333334,29.183333333333334,76.05000000000001,0.2802547770700637,0.48263888888888895
andrea-favard,HYROX DOUBLES MIXED,30-34,,Lyon,2026,3.85,4.25,4.983333333333333,2.7333333333333334,5.6,4.766666666666667,5.516666666666667,3.0,5.333333333333333,4.716666666666667,5.0,1.5166666666666666,5.1,3.25,5.616666666666666,3.966666666666667,6.983333333333333,41.0,28.200000000000003,76.18333333333334,0.31454005934718093,0.5734265734265734
jules-russias,HYROX DOUBLES MIXED,25-29,,Lyon,2026,3.8666666666666663,4.766666666666667,4.7,2.9166666666666665,5.016666666666667,4.45,4.933333333333334,3.066666666666667,4.85,4.633333333333334,4.866666666666666,1.7333333333333334,4.883333333333334,4.416666666666667,5.0,4.4,7.766666666666667,38.11666666666667,30.383333333333333,76.26666666666668,0.22923588039867118,0.6554307116104868
maeva-verbrugghe,HYROX DOUBLES MIXED,25-29,,Lyon,2026,4.166666666666667,4.216666666666667,4.85,2.566666666666667,5.15,3.9166666666666665,5.15,3.5,5.2,4.566666666666666,5.283333333333333,1.9,5.216666666666667,4.083333333333333,5.333333333333333,3.95,7.283333333333333,40.35,28.699999999999996,76.33333333333334,0.2187499999999999,0.6553191489361703
victoire-leclert,HYROX DOUBLES MIXED,25-29,,Lyon,2026,3.6166666666666663,4.15,4.533333333333333,2.183333333333333,5.116666666666666,4.9,4.8,3.716666666666667,4.9,4.566666666666666,5.066666666666666,1.7833333333333334,5.016666666666667,3.75,5.516666666666667,4.266666666666667,8.583333333333334,38.56666666666667,29.316666666666666,76.46666666666665,0.3444108761329306,0.44557823129251695
paul-cordahi,HYROX DOUBLES MIXED,35-39,,Lyon,2026,3.65,4.35,4.683333333333334,2.2333333333333334,5.3,3.8,5.15,3.716666666666667,5.183333333333334,5.2,5.016666666666667,1.9166666666666667,5.016666666666667,4.183333333333334,5.266666666666667,4.183333333333334,7.683333333333334,39.266666666666666,29.583333333333336,76.53333333333335,0.3113207547169811,0.5877192982456141
jimmy-pauly,HYROX DOUBLES MIXED,25-29,,Lyon,2026,3.716666666666667,4.166666666666667,4.633333333333334,2.4833333333333334,5.466666666666667,4.5,5.183333333333334,4.083333333333333,5.4,4.733333333333333,5.566666666666666,1.85,4.95,3.433333333333333,5.216666666666667,4.016666666666667,7.25,40.13333333333333,29.26666666666667,76.65,0.3323353293413173,0.5518518518518518
paul-macias,HYROX DOUBLES MIXED,30-34,,Lyon,2026,3.55,4.083333333333333,4.85,2.716666666666667,5.416666666666667,3.95,5.333333333333333,3.2666666666666666,5.366666666666666,4.733333333333333,5.233333333333333,1.7166666666666666,5.466666666666667,4.116666666666666,5.9,4.233333333333333,6.916666666666667,41.11666666666667,28.816666666666666,76.85000000000001,0.39830508474576276,0.6877637130801688
sonia-lavergne,HYROX DOUBLES MIXED,30-34,,Lyon,2026,3.716666666666667,4.3,4.833333333333333,2.8,5.15,4.316666666666666,5.4,3.45,5.516666666666667,4.766666666666667,5.283333333333333,1.85,5.516666666666667,3.6,5.516666666666667,3.8,7.083333333333333,40.93333333333333,28.883333333333336,76.89999999999999,0.3262839879154078,0.6486486486486487
camille-petit,HYROX DOUBLES MIXED,35-39,,Lyon,2026,4.033333333333333,4.266666666666667,4.916666666666667,2.7,5.066666666666666,4.116666666666666,5.066666666666666,3.1666666666666665,5.216666666666667,4.833333333333333,5.216666666666667,1.8666666666666667,5.2,4.0,5.483333333333333,4.966666666666667,6.9,40.2,29.916666666666664,77.01666666666668,0.26443768996960487,0.6558704453441296
marie-jerome-vaudan,HYROX DOUBLES MIXED,45-49,,Lyon,2026,3.583333333333333,4.283333333333333,5.033333333333333,2.5166666666666666,5.583333333333333,4.733333333333333,5.333333333333333,3.15,5.3,4.566666666666666,5.25,1.85,5.333333333333333,3.7,5.55,3.783333333333333,7.533333333333333,40.96666666666666,28.583333333333336,77.08333333333331,0.35820895522388063,0.5316901408450704
victoria-provost,HYROX DOUBLES MIXED,16-24,,Lyon,2026,4.05,4.366666666666666,4.9,2.45,5.45,4.683333333333334,5.116666666666666,2.716666666666667,5.266666666666667,4.983333333333333,4.966666666666667,1.6,5.183333333333334,4.383333333333334,5.15,4.383333333333334,7.566666666666666,40.083333333333336,29.566666666666666,77.21666666666668,0.2568807339449542,0.5231316725978647
julien-tuot,HYROX DOUBLES MIXED,25-29,,Lyon,2026,3.9,4.183333333333334,5.066666666666666,3.0,5.316666666666666,4.033333333333333,5.35,3.433333333333333,5.5,4.416666666666667,5.2,1.5333333333333334,5.116666666666666,4.05,5.7,4.5,7.1,41.15,29.150000000000002,77.39999999999998,0.31578947368421056,0.7438016528925621
stany-gallier,HYROX DOUBLES MIXED,40-44,,Lyon,2026,4.1,4.4,5.15,2.2666666666666666,5.25,4.05,5.233333333333333,3.2666666666666666,5.183333333333334,4.766666666666667,5.3,2.0166666666666666,5.366666666666666,4.316666666666666,5.6,4.2,6.983333333333333,41.18333333333334,29.28333333333333,77.45,0.26785714285714285,0.5596707818930041
fabien-andre,HYROX DOUBLES MIXED,40-44,,Lyon,2026,3.3666666666666667,4.2,4.483333333333333,3.3833333333333333,4.85,4.3,4.6,4.316666666666666,5.166666666666667,5.066666666666666,4.733333333333333,1.7333333333333334,5.0,5.35,5.183333333333334,4.783333333333333,7.033333333333333,37.38333333333334,33.13333333333333,77.55,0.35048231511254024,0.7868217054263567
desiree-wendling,HYROX DOUBLES MIXED,30-34,,Lyon,2026,4.216666666666667,4.216666666666667,5.216666666666667,2.4166666666666665,5.533333333333333,4.366666666666666,5.466666666666667,3.55,5.483333333333333,4.383333333333334,5.516666666666667,1.7333333333333334,5.483333333333333,3.3,5.766666666666667,4.233333333333333,6.75,42.68333333333333,28.200000000000003,77.63333333333333,0.26878612716763,0.5534351145038168
pablo-mir,HYROX DOUBLES MIXED,25-29,,Lyon,2026,3.566666666666667,4.333333333333333,4.566666666666666,3.25,4.866666666666666,5.65,4.816666666666666,4.2,4.766666666666667,4.883333333333334,4.85,1.9333333333333331,4.7,4.366666666666666,4.666666666666667,4.7,7.6,36.8,33.31666666666667,77.71666666666665,0.2671232876712328,0.5752212389380531
melanie-vigier,HYROX DOUBLES MIXED,25-29,,Lyon,2026,3.9,4.383333333333334,5.083333333333333,2.6166666666666667,5.7,5.266666666666667,5.383333333333334,3.1166666666666667,5.5,4.533333333333333,5.483333333333333,1.5666666666666669,5.5,3.4166666666666665,5.383333333333334,4.116666666666666,6.866666666666666,41.93333333333333,29.016666666666666,77.81666666666665,0.31578947368421056,0.4968354430379747
romain-franchi,HYROX DOUBLES MIXED,25-29,,Lyon,2026,3.433333333333333,4.133333333333334,5.016666666666667,2.316666666666667,5.433333333333334,4.866666666666666,5.383333333333334,2.7666666666666666,5.4,4.45,5.566666666666666,1.7333333333333334,5.916666666666667,2.9833333333333334,5.75,3.95,8.783333333333333,41.9,27.2,77.88333333333334,0.419718309859155,0.47602739726027404
rayan-cherifi,HYROX DOUBLES MIXED,25-29,,Lyon,2026,4.266666666666667,4.266666666666667,5.4,2.85,5.383333333333334,4.716666666666667,5.5,3.5,5.366666666666666,4.516666666666667,5.333333333333333,1.8333333333333333,5.466666666666667,3.3666666666666667,5.366666666666666,3.75,7.133333333333334,42.083333333333336,28.8,78.01666666666668,0.22424242424242424,0.6042402826855123
marion-untereiner,HYROX DOUBLES MIXED,30-34,,Lyon,2026,3.966666666666667,4.366666666666666,4.8,2.3666666666666667,5.366666666666666,3.6,5.383333333333334,3.283333333333333,5.2,4.516666666666667,5.5,1.7166666666666666,6.1,4.433333333333334,5.966666666666667,4.25,7.283333333333333,42.28333333333333,28.53333333333333,78.1,0.3497267759562841,0.6574074074074074
denys-katz,HYROX DOUBLES MIXED,40-44,,Lyon,2026,4.066666666666666,4.35,4.866666666666666,3.4,5.116666666666666,4.233333333333333,5.15,3.533333333333333,5.183333333333334,4.733333333333333,5.266666666666667,1.5666666666666669,5.183333333333334,4.333333333333333,5.383333333333334,4.3,7.483333333333333,40.21666666666667,30.45,78.15,0.24458204334365335,0.8031496062992126
alyssia-roquelle,HYROX DOUBLES MIXED,30-34,,Lyon,2026,4.366666666666666,4.483333333333333,5.433333333333334,1.9833333333333332,5.65,4.183333333333334,5.633333333333334,2.9833333333333334,5.633333333333334,4.616666666666666,5.533333333333333,1.5666666666666669,5.583333333333333,3.45,5.616666666666666,4.283333333333333,7.233333333333333,43.45,27.549999999999997,78.23333333333335,0.22713864306784673,0.47410358565737043
eugenie-fau,HYROX DOUBLES MIXED,30-34,,Lyon,2026,4.183333333333334,4.5,4.883333333333334,2.833333333333333,5.366666666666666,4.683333333333334,5.266666666666667,4.116666666666666,5.166666666666667,4.833333333333333,4.883333333333334,2.0,5.333333333333333,4.05,5.533333333333333,3.7666666666666666,6.9,40.61666666666667,30.78333333333333,78.30000000000001,0.24397590361445778,0.6049822064056939
nicolas-dos-santos,HYROX DOUBLES MIXED,40-44,,Lyon,2026,3.85,4.033333333333333,4.6,2.2666666666666666,4.95,4.516666666666667,5.166666666666667,2.933333333333333,5.266666666666667,4.8,5.316666666666666,3.8,5.233333333333333,4.35,5.566666666666666,4.166666666666667,7.583333333333333,39.95,30.86666666666667,78.39999999999999,0.30838323353293406,0.5018450184501845
candy-araujo,HYROX DOUBLES MIXED,25-29,,Lyon,2026,4.016666666666667,4.05,4.716666666666667,2.3833333333333333,5.35,3.566666666666667,5.483333333333333,4.216666666666667,5.466666666666667,4.766666666666667,5.816666666666666,1.85,5.383333333333334,3.933333333333333,5.45,4.05,8.016666666666667,41.68333333333334,28.81666666666667,78.51666666666667,0.30945558739255014,0.6682242990654205
oceane-declerieux,HYROX DOUBLES MIXED,25-29,,Lyon,2026,3.983333333333333,4.466666666666667,4.9,2.7,5.183333333333334,4.983333333333333,5.233333333333333,3.3833333333333333,5.1,4.733333333333333,5.1,1.8833333333333333,5.35,4.216666666666667,5.433333333333334,4.216666666666667,7.733333333333333,40.28333333333333,30.583333333333336,78.60000000000001,0.2668711656441719,0.5418060200668897
kevin-chatelin,HYROX DOUBLES MIXED,30-34,,Lyon,2026,3.9166666666666665,4.066666666666666,5.1,2.1333333333333333,5.583333333333333,3.466666666666667,5.833333333333333,3.283333333333333,6.05,4.466666666666667,5.85,1.5666666666666669,6.083333333333333,4.1,5.85,4.366666666666666,6.983333333333333,44.266666666666666,27.449999999999996,78.69999999999999,0.3561643835616438,0.6153846153846153
julien-pommeruel,HYROX DOUBLES MIXED,30-34,,Lyon,2026,4.4,4.083333333333333,5.466666666666667,2.45,5.533333333333333,4.45,5.4,3.1333333333333333,5.566666666666666,4.416666666666667,5.65,1.7666666666666666,5.75,4.116666666666666,5.766666666666667,3.716666666666667,7.133333333333334,43.53333333333333,28.133333333333333,78.80000000000001,0.23699421965317913,0.550561797752809
annabelle-morel,HYROX DOUBLES MIXED,35-39,,Lyon,2026,4.5,4.516666666666667,5.333333333333333,2.3666666666666667,5.416666666666667,4.15,5.4,3.05,5.416666666666667,4.533333333333333,5.433333333333334,1.75,5.383333333333334,4.333333333333333,5.75,3.95,7.733333333333333,42.63333333333333,28.65,79.01666666666667,0.21739130434782608,0.570281124497992
arnaud-saurat,HYROX DOUBLES MIXED,25-29,,Lyon,2026,4.033333333333333,4.233333333333333,4.9,2.7666666666666666,5.433333333333334,4.766666666666667,5.05,4.6,5.266666666666667,4.9,5.283333333333333,1.7833333333333334,5.266666666666667,4.083333333333333,5.7,4.083333333333333,6.9,40.93333333333334,31.216666666666665,79.05,0.2923976608187135,0.5804195804195804
bastien-gallais,HYROX DOUBLES MIXED,16-24,,Lyon,2026,3.983333333333333,4.4,5.066666666666666,2.583333333333333,5.5,3.816666666666667,5.7,3.3833333333333333,5.883333333333334,4.65,5.75,1.5333333333333334,5.916666666666667,3.8,5.85,4.166666666666667,7.15,43.65,28.33333333333334,79.13333333333334,0.3267605633802818,0.6768558951965065
virginie-simond,HYROX DOUBLES MIXED,40-44,,Lyon,2026,4.1,4.316666666666666,4.716666666666667,2.8666666666666667,5.033333333333333,4.933333333333334,5.083333333333333,3.216666666666667,5.283333333333333,4.733333333333333,5.15,1.8,5.35,4.516666666666667,5.733333333333333,4.6,7.75,40.45,30.983333333333334,79.18333333333332,0.2848837209302326,0.581081081081081
benjamin-pistoia,HYROX DOUBLES MIXED,35-39,,Lyon,2026,3.55,4.4,4.733333333333333,3.033333333333333,5.016666666666667,4.65,4.966666666666667,3.3833333333333333,5.283333333333333,4.966666666666667,5.216666666666667,2.033333333333333,5.25,5.016666666666667,5.8,4.216666666666667,7.733333333333333,39.81666666666666,31.700000000000003,79.25,0.3879310344827586,0.6523297491039426
nicolas-clerc,HYROX DOUBLES MIXED,40-44,,Lyon,2026,4.216666666666667,4.3,5.166666666666667,2.333333333333333,5.25,4.366666666666666,5.316666666666666,3.566666666666667,5.516666666666667,4.9,5.666666666666667,1.75,5.4,4.1,5.433333333333334,4.316666666666666,7.716666666666667,41.96666666666667,29.633333333333336,79.31666666666666,0.2558823529411765,0.5343511450381679
gaetan-tardy,HYROX DOUBLES MIXED,25-29,,Lyon,2026,3.8,4.183333333333334,4.85,2.2333333333333334,5.216666666666667,4.083333333333333,5.433333333333334,3.333333333333333,5.433333333333334,4.766666666666667,5.6,1.8333333333333333,5.616666666666666,4.083333333333333,5.816666666666666,4.233333333333333,8.883333333333333,41.766666666666666,28.749999999999996,79.4,0.34670487106017195,0.5469387755102041
yoan-peyre,HYROX DOUBLES MIXED,35-39,,Lyon,2026,3.966666666666667,4.35,5.1,2.55,5.066666666666666,4.033333333333333,5.15,3.45,5.15,7.866666666666666,5.316666666666666,1.6666666666666667,5.233333333333333,4.2,5.5,3.733333333333333,7.166666666666667,40.48333333333333,31.85,79.5,0.27878787878787875,0.6322314049586777
philippe-mathevet,HYROX DOUBLES MIXED,35-39,,Lyon,2026,4.433333333333334,4.1,5.4,3.1666666666666665,5.483333333333333,4.766666666666667,5.566666666666666,3.883333333333333,5.466666666666667,4.483333333333333,5.466666666666667,1.6666666666666667,5.333333333333333,4.183333333333334,5.25,3.966666666666667,7.016666666666667,42.400000000000006,30.21666666666667,79.63333333333334,0.2035928143712574,0.6643356643356643
sabrina-durand,HYROX DOUBLES MIXED,45-49,,Lyon,2026,3.883333333333333,4.233333333333333,5.15,2.95,5.7,5.3,5.55,3.083333333333333,5.45,4.816666666666666,5.5,1.95,5.466666666666667,4.483333333333333,5.35,4.3,6.55,42.050000000000004,31.116666666666667,79.71666666666667,0.3187134502923978,0.5566037735849058
guy-de-lauriere,HYROX DOUBLES MIXED,35-39,,Lyon,2026,4.416666666666667,4.316666666666666,5.483333333333333,2.65,5.516666666666667,3.933333333333333,5.416666666666667,3.633333333333333,5.666666666666667,4.433333333333334,5.516666666666667,1.9166666666666667,5.383333333333334,4.333333333333333,5.533333333333333,4.133333333333334,7.533333333333333,42.93333333333334,29.35,79.81666666666666,0.22058823529411764,0.673728813559322
laura-ansermet,HYROX DOUBLES MIXED,25-29,,Lyon,2026,3.8,3.983333333333333,5.166666666666667,2.316666666666667,5.9,3.8333333333333335,6.366666666666666,3.183333333333333,6.033333333333333,4.333333333333333,5.783333333333333,1.55,6.166666666666667,3.55,6.15,4.283333333333333,7.516666666666667,45.36666666666666,27.03333333333333,79.91666666666666,0.4031413612565445,0.6043478260869566
emma-noel-mollaret,HYROX DOUBLES MIXED,25-29,,Lyon,2026,4.2,4.233333333333333,5.133333333333334,2.433333333333333,5.25,4.75,5.266666666666667,3.8333333333333335,5.25,4.75,5.383333333333334,1.9333333333333331,5.366666666666666,4.85,5.533333333333333,4.75,7.05,41.38333333333333,31.53333333333333,79.96666666666665,0.2409638554216867,0.5122807017543859
thomas-bilski,HYROX DOUBLES MIXED,30-34,,Lyon,2026,4.35,4.1,5.166666666666667,2.0166666666666666,5.65,3.4833333333333334,5.716666666666667,3.066666666666667,5.683333333333334,4.716666666666667,5.6,1.6166666666666667,5.35,4.383333333333334,5.95,5.05,8.116666666666667,43.46666666666667,28.433333333333334,80.01666666666668,0.2689075630252102,0.5789473684210527
arnaud-jacquet,HYROX DOUBLES MIXED,25-29,,Lyon,2026,4.183333333333334,4.083333333333333,5.483333333333333,2.0166666666666666,5.933333333333334,4.316666666666666,5.966666666666667,3.333333333333333,6.0,4.483333333333333,5.933333333333334,1.8333333333333333,5.85,3.466666666666667,5.65,4.116666666666666,7.483333333333333,45.0,27.65,80.13333333333334,0.30277777777777776,0.4671814671814672
maxence-fauche,HYROX DOUBLES MIXED,25-29,,Lyon,2026,4.083333333333333,4.316666666666666,4.916666666666667,2.466666666666667,5.383333333333334,4.533333333333333,5.5,3.8,5.55,4.85,5.6,1.9333333333333331,5.383333333333334,4.433333333333334,5.35,4.866666666666666,7.233333333333333,41.766666666666666,31.200000000000003,80.19999999999999,0.2708333333333333,0.5441176470588236
morgane-jacques,HYROX DOUBLES MIXED,25-29,,Lyon,2026,4.266666666666667,4.55,5.366666666666666,3.216666666666667,5.316666666666666,4.416666666666667,5.566666666666666,3.2333333333333334,5.583333333333333,4.85,5.316666666666666,1.8333333333333333,5.266666666666667,4.433333333333334,5.5,4.133333333333334,7.416666666666667,42.18333333333333,30.666666666666664,80.26666666666668,0.23582089552238802,0.7283018867924528
romain-nicolas,HYROX DOUBLES MIXED,35-39,,Lyon,2026,4.183333333333334,4.216666666666667,5.183333333333334,2.816666666666667,5.583333333333333,4.333333333333333,5.633333333333334,3.0166666666666666,5.683333333333334,4.4,5.783333333333333,1.6333333333333333,5.983333333333333,3.216666666666667,6.083333333333333,4.133333333333334,8.466666666666667,44.11666666666667,27.766666666666666,80.35000000000002,0.3123287671232876,0.6500000000000001
marine-benoit-kemler,HYROX DOUBLES MIXED,35-39,,Lyon,2026,4.366666666666666,4.183333333333334,5.35,2.6,5.566666666666666,3.783333333333333,5.766666666666667,3.2333333333333334,5.716666666666667,4.5,5.866666666666666,1.9333333333333331,5.9,3.533333333333333,5.95,4.433333333333334,7.75,44.483333333333334,28.2,80.43333333333334,0.2661064425770309,0.6872246696035242
quentin-bernard,HYROX DOUBLES MIXED,40-44,,Lyon,2026,4.433333333333334,4.3,5.45,2.716666666666667,6.3,4.366666666666666,5.816666666666666,2.9,5.816666666666666,4.483333333333333,5.766666666666667,1.5333333333333334,5.866666666666666,3.15,5.65,4.383333333333334,7.6,45.1,27.833333333333332,80.53333333333335,0.2962962962962962,0.6221374045801528
kelly-charrot,HYROX DOUBLES MIXED,25-29,,Lyon,2026,4.016666666666667,4.283333333333333,5.266666666666667,2.5,5.85,4.633333333333334,5.816666666666666,3.05,6.0,4.616666666666666,5.9,1.45,5.8,3.283333333333333,5.883333333333334,4.2,8.066666666666666,44.53333333333333,28.01666666666667,80.61666666666666,0.33055555555555555,0.539568345323741
jeremie-sallez,HYROX DOUBLES MIXED,40-44,,Lyon,2026,3.633333333333333,4.383333333333334,4.5,2.816666666666667,5.033333333333333,4.366666666666666,4.95,3.533333333333333,4.95,5.0,5.033333333333333,1.75,4.966666666666667,3.933333333333333,5.55,8.183333333333334,8.033333333333333,38.61666666666667,33.96666666666667,80.61666666666667,0.3453453453453454,0.6450381679389314
melissandre-de-boucherville,HYROX DOUBLES MIXED,30-34,,Lyon,2026,4.016666666666667,4.55,5.333333333333333,2.5,5.5,4.433333333333334,5.533333333333333,3.3,5.583333333333333,4.9,5.6,1.8833333333333333,5.733333333333333,4.15,6.033333333333333,4.15,7.533333333333333,43.33333333333333,29.866666666666667,80.73333333333333,0.3342541436464088,0.5639097744360902
tifenn-boissonnot,HYROX DOUBLES MIXED,25-29,,Lyon,2026,4.116666666666666,4.533333333333333,5.016666666666667,2.65,5.15,4.383333333333334,5.5,3.4833333333333334,5.35,4.833333333333333,5.283333333333333,1.9666666666666663,5.35,4.033333333333333,5.516666666666667,6.233333333333333,7.45,41.28333333333333,32.11666666666667,80.85000000000001,0.2537764350453173,0.6045627376425855
florian-blin,HYROX DOUBLES MIXED,25-29,,Lyon,2026,3.95,4.416666666666667,5.216666666666667,2.3,5.45,3.75,5.35,4.75,5.583333333333333,5.433333333333334,5.6,1.6,5.75,3.8666666666666663,5.583333333333333,4.666666666666667,7.666666666666667,42.483333333333334,30.783333333333335,80.93333333333332,0.31304347826086953,0.6133333333333333
sophie-boutemy,HYROX DOUBLES MIXED,30-34,,Lyon,2026,3.8,4.216666666666667,4.9,3.9166666666666665,5.566666666666666,5.166666666666667,5.266666666666667,4.183333333333334,5.216666666666667,4.683333333333334,5.3,1.9166666666666667,5.2,4.166666666666667,5.333333333333333,4.366666666666666,7.85,40.583333333333336,32.61666666666667,81.05,0.31736526946107785,0.7580645161290321
loic-robert,HYROX DOUBLES MIXED,25-29,,Lyon,2026,4.2,4.25,5.0,2.716666666666667,5.583333333333333,4.3,5.433333333333334,3.7666666666666666,5.583333333333333,4.766666666666667,5.566666666666666,1.6333333333333333,5.416666666666667,3.816666666666667,5.666666666666667,4.5,8.933333333333334,42.449999999999996,29.749999999999996,81.13333333333333,0.25882352941176473,0.6317829457364341
sara-pecchinotti,HYROX DOUBLES MIXED,25-29,,Lyon,2026,4.166666666666667,4.25,5.333333333333333,2.716666666666667,5.65,3.533333333333333,5.65,3.033333333333333,5.683333333333334,4.583333333333333,5.833333333333333,2.35,5.616666666666666,4.016666666666667,6.066666666666666,4.083333333333333,8.616666666666667,44.0,28.566666666666666,81.18333333333334,0.31318681318681313,0.768867924528302
maeva-perret,HYROX DOUBLES MIXED,30-34,,Lyon,2026,3.683333333333333,3.966666666666667,4.8,2.7666666666666666,5.5,4.55,5.483333333333333,4.45,5.483333333333333,4.716666666666667,5.333333333333333,2.1,5.416666666666667,4.5,5.7,4.816666666666666,8.0,41.4,31.86666666666667,81.26666666666667,0.35380116959064334,0.6080586080586081
caroline-jacquier,HYROX DOUBLES MIXED,35-39,,Lyon,2026,3.216666666666667,4.05,4.8,3.3666666666666667,5.766666666666667,5.216666666666667,5.3,3.75,5.716666666666667,4.95,5.133333333333334,1.85,5.6,4.65,5.866666666666666,4.266666666666667,7.8,41.4,32.1,81.3,0.4517045454545454,0.645367412140575
samantha-deschamps,HYROX DOUBLES MIXED,16-24,,Lyon,2026,3.883333333333333,4.266666666666667,4.966666666666667,2.4166666666666665,5.766666666666667,6.0,5.116666666666666,4.15,5.416666666666667,4.483333333333333,5.383333333333334,1.7166666666666666,4.983333333333333,3.7,5.5,4.65,9.033333333333331,41.016666666666666,31.383333333333333,81.43333333333334,0.32658959537572263,0.40277777777777773
markus-blombacke,HYROX DOUBLES MIXED,30-34,,Lyon,2026,4.283333333333333,4.5,5.166666666666667,2.3666666666666667,5.75,4.15,5.95,3.55,5.616666666666666,4.983333333333333,5.483333333333333,2.083333333333333,5.683333333333334,4.0,5.783333333333333,4.933333333333334,7.25,43.71666666666667,30.566666666666666,81.53333333333333,0.28011204481792723,0.570281124497992
michael-barateau,HYROX DOUBLES MIXED,30-34,,Lyon,2026,4.05,4.716666666666667,4.8,3.3666666666666667,4.933333333333334,6.183333333333334,4.816666666666666,4.2,5.0,4.95,4.95,2.1,4.783333333333333,5.033333333333333,4.866666666666666,5.5,7.35,38.2,36.050000000000004,81.60000000000001,0.19000000000000003,0.5444743935309972
anthony-pot,HYROX DOUBLES MIXED,35-39,,Lyon,2026,3.8666666666666663,4.283333333333333,5.1,2.783333333333333,5.283333333333333,4.883333333333334,5.316666666666666,3.6666666666666665,5.25,5.083333333333333,5.15,1.8333333333333333,5.216666666666667,4.416666666666667,5.516666666666667,6.316666666666666,7.766666666666667,40.699999999999996,33.266666666666666,81.73333333333332,0.29909365558912393,0.5699658703071672
bastien-poujade,HYROX DOUBLES MIXED,50-54,,Lyon,2026,3.783333333333333,4.316666666666666,4.85,2.8,5.3,5.333333333333333,5.316666666666666,3.966666666666667,5.25,5.0,5.316666666666666,1.85,5.116666666666666,5.216666666666667,5.433333333333334,5.7,7.216666666666667,40.36666666666666,34.18333333333334,81.76666666666667,0.3036809815950921,0.525
marion-sauzade,HYROX DOUBLES MIXED,35-39,,Lyon,2026,4.1,4.333333333333333,5.433333333333334,2.533333333333333,5.75,3.9,5.733333333333333,3.4166666666666665,5.916666666666667,4.3,6.05,2.216666666666667,6.4,3.8333333333333335,6.35,3.783333333333333,7.85,45.733333333333334,28.316666666666663,81.89999999999999,0.3593750000000001,0.6495726495726496
kevin-goncalves,HYROX DOUBLES MIXED,25-29,,Lyon,2026,4.116666666666666,4.1,5.816666666666666,2.3833333333333333,6.733333333333333,3.35,6.516666666666667,2.9,6.416666666666667,4.55,6.15,1.65,6.1,3.066666666666667,6.116666666666666,4.066666666666666,7.933333333333334,47.96666666666667,26.066666666666663,81.96666666666667,0.3886138613861387,0.7114427860696517
gwendoline-souvannavong,HYROX DOUBLES MIXED,35-39,,Lyon,2026,3.733333333333333,4.2,5.433333333333334,2.966666666666667,5.733333333333333,5.05,5.366666666666666,3.033333333333333,5.266666666666667,4.683333333333334,5.616666666666666,1.8666666666666667,5.466666666666667,4.433333333333334,5.633333333333334,5.366666666666666,8.183333333333334,42.25,31.6,82.03333333333333,0.34883720930232565,0.5874587458745875
sebastien-chalamet,HYROX DOUBLES MIXED,50-54,,Lyon,2026,3.75,4.183333333333334,4.8,3.583333333333333,4.883333333333334,6.0,4.866666666666666,4.066666666666666,4.933333333333334,4.633333333333334,4.9,1.85,6.9,4.516666666666667,5.75,4.733333333333333,7.733333333333333,40.78333333333333,33.56666666666666,82.08333333333334,0.4565217391304348,0.5972222222222222
laetitia-fourmaux,HYROX DOUBLES MIXED,30-34,,Lyon,2026,4.133333333333334,4.75,5.316666666666666,2.716666666666667,5.25,4.716666666666667,5.316666666666666,3.183333333333333,5.6,5.2,5.583333333333333,2.216666666666667,5.333333333333333,4.333333333333333,5.566666666666666,5.466666666666667,7.466666666666667,42.099999999999994,32.58333333333333,82.14999999999999,0.2619047619047618,0.5759717314487632
maxence-brevet,HYROX DOUBLES MIXED,25-29,,Lyon,2026,4.35,4.133333333333334,5.733333333333333,2.5,6.0,4.433333333333334,6.2,3.2666666666666666,6.083333333333333,4.583333333333333,6.166666666666667,1.6833333333333331,6.066666666666666,3.4833333333333334,6.033333333333333,4.133333333333334,7.416666666666667,46.633333333333326,28.216666666666665,82.26666666666667,0.2983870967741936,0.5639097744360902
benjamin-coste,HYROX DOUBLES MIXED,35-39,,Lyon,2026,3.983333333333333,4.05,5.05,2.433333333333333,6.05,3.933333333333333,6.433333333333334,3.5,6.35,4.166666666666667,6.033333333333333,1.7166666666666666,6.55,3.733333333333333,6.316666666666666,3.683333333333333,8.4,46.766666666666666,27.216666666666665,82.38333333333334,0.3918575063613232,0.6186440677966102
lauriane-heintz,HYROX DOUBLES MIXED,35-39,,Lyon,2026,4.466666666666667,4.65,5.216666666666667,2.7,5.35,5.1,5.416666666666667,0.1166666666666666,5.683333333333334,5.016666666666667,5.65,1.7333333333333334,5.616666666666666,4.183333333333334,6.0,4.533333333333333,11.033333333333331,43.4,28.03333333333333,82.46666666666667,0.25555555555555554,0.5294117647058825
mila-cesbron,HYROX DOUBLES MIXED,16-24,,Lyon,2026,4.183333333333334,4.2,5.5,2.7333333333333334,5.65,4.966666666666667,5.816666666666666,4.15,5.866666666666666,4.75,5.716666666666667,1.5333333333333334,5.783333333333333,3.8666666666666663,6.033333333333333,3.816666666666667,8.0,44.55,30.01666666666667,82.56666666666665,0.3066298342541436,0.5503355704697986
lola-ruiz,HYROX DOUBLES MIXED,25-29,,Lyon,2026,4.433333333333334,4.033333333333333,5.733333333333333,2.4,5.716666666666667,3.683333333333333,5.45,3.85,5.633333333333334,4.716666666666667,5.683333333333334,2.0166666666666666,5.583333333333333,4.516666666666667,6.083333333333333,4.0,9.083333333333334,44.31666666666668,29.216666666666665,82.61666666666667,0.2712328767123287,0.6515837104072398
emma-pillot,HYROX DOUBLES MIXED,25-29,,Lyon,2026,4.0,4.433333333333334,4.95,2.2333333333333334,5.6,4.75,5.633333333333334,3.5166666666666666,5.583333333333333,4.966666666666667,5.416666666666667,1.8666666666666667,5.55,4.65,6.25,5.133333333333334,8.166666666666666,42.983333333333334,31.549999999999997,82.70000000000002,0.36,0.47017543859649125
julien-decoux,HYROX DOUBLES MIXED,30-34,,Lyon,2026,4.2,4.266666666666667,5.3,2.7666666666666666,5.533333333333333,4.566666666666666,5.483333333333333,3.15,5.866666666666666,4.55,5.866666666666666,3.783333333333333,5.7,3.8,5.55,5.083333333333333,7.333333333333333,43.5,31.96666666666667,82.79999999999998,0.284090909090909,0.6058394160583942
bryan-lorphelin,HYROX DOUBLES MIXED,25-29,,Lyon,2026,4.25,4.316666666666666,5.316666666666666,2.3833333333333333,5.916666666666667,4.4,5.95,3.6666666666666665,6.0,4.75,5.85,1.7,5.783333333333333,4.166666666666667,6.066666666666666,4.033333333333333,8.366666666666667,45.133333333333326,29.416666666666664,82.91666666666666,0.29945054945054944,0.5416666666666666
lucien-vaudan,HYROX DOUBLES MIXED,40-44,,Lyon,2026,3.9,4.466666666666667,5.183333333333334,3.2333333333333334,5.45,5.2,5.25,3.783333333333333,5.4,4.966666666666667,5.416666666666667,1.6666666666666667,5.266666666666667,5.416666666666667,5.45,5.4,7.583333333333333,41.31666666666668,34.13333333333333,83.03333333333336,0.28440366972477066,0.6217948717948718
louane-metayer,HYROX DOUBLES MIXED,35-39,,Lyon,2026,3.983333333333333,4.35,5.133333333333334,3.1,5.55,4.416666666666667,5.6,4.3,5.5,5.016666666666667,5.633333333333334,1.8333333333333333,5.533333333333333,4.833333333333333,5.383333333333334,4.883333333333334,8.1,42.31666666666666,32.733333333333334,83.14999999999999,0.2928994082840238,0.7018867924528301
laure-macraigne,HYROX DOUBLES MIXED,30-34,,Lyon,2026,4.933333333333334,4.25,5.9,2.1166666666666667,6.05,4.75,5.75,3.75,6.1,5.066666666666666,5.8,1.7833333333333334,5.566666666666666,3.6,5.666666666666667,4.0,8.216666666666667,45.76666666666666,29.31666666666667,83.29999999999998,0.1912568306010928,0.4456140350877193
jeanne-bacouel,HYROX DOUBLES MIXED,16-24,,Lyon,2026,5.3,3.8666666666666663,6.466666666666667,2.15,6.516666666666667,2.75,6.4,3.033333333333333,7.1,4.15,6.283333333333333,1.8333333333333333,6.0,3.433333333333333,5.716666666666667,3.9166666666666665,8.466666666666667,49.78333333333333,25.133333333333333,83.38333333333334,0.2535211267605634,0.7818181818181817
gabriel-clement,HYROX DOUBLES MIXED,30-34,,Lyon,2026,4.133333333333334,4.516666666666667,4.966666666666667,2.9,5.15,4.233333333333333,5.433333333333334,5.15,5.583333333333333,4.866666666666666,5.4,2.066666666666667,5.55,5.033333333333333,5.45,5.2,7.9,41.66666666666667,33.96666666666667,83.53333333333335,0.25970149253731334,0.6850393700787402
pauline-cornil,HYROX DOUBLES MIXED,25-29,,Lyon,2026,4.833333333333333,4.183333333333334,5.966666666666667,2.333333333333333,5.916666666666667,5.183333333333334,5.816666666666666,3.55,6.016666666666667,4.566666666666666,6.25,1.7,5.616666666666666,3.8333333333333335,5.633333333333334,4.416666666666667,7.783333333333333,46.05,29.766666666666666,83.6,0.2266666666666667,0.45016077170418
florent-veret,HYROX DOUBLES MIXED,35-39,,Lyon,2026,7.233333333333333,4.433333333333334,5.233333333333333,2.8,5.266666666666667,4.266666666666667,5.333333333333333,3.333333333333333,5.483333333333333,4.666666666666667,5.383333333333334,1.9833333333333332,5.583333333333333,5.083333333333333,5.7,4.25,7.683333333333334,45.216666666666676,30.816666666666666,83.71666666666667,0.2764976958525346,0.65625
clara-castello,HYROX DOUBLES MIXED,30-34,,Lyon,2026,4.166666666666667,4.466666666666667,5.55,3.0166666666666666,5.65,4.683333333333334,5.633333333333334,3.083333333333333,5.883333333333334,4.833333333333333,5.85,2.0,5.633333333333334,4.633333333333334,6.033333333333333,5.25,7.416666666666667,44.4,31.966666666666665,83.78333333333335,0.3093922651933701,0.6441281138790035
charlene-michaud,HYROX DOUBLES MIXED,35-39,,Lyon,2026,4.0,4.233333333333333,5.25,2.4,5.683333333333334,3.95,5.816666666666666,3.8333333333333335,6.15,4.666666666666667,6.05,1.75,6.233333333333333,4.2,6.316666666666666,5.733333333333333,7.6,45.5,30.766666666666666,83.86666666666667,0.366754617414248,0.6075949367088607
florian-rivollier,HYROX DOUBLES MIXED,16-24,,Lyon,2026,3.65,4.766666666666667,5.0,2.566666666666667,5.666666666666667,4.45,5.883333333333334,2.783333333333333,6.083333333333333,5.466666666666667,6.0,1.95,6.116666666666666,3.966666666666667,6.7,4.5,8.416666666666666,45.1,30.450000000000003,83.96666666666668,0.45522388059701496,0.5767790262172285
muriel-cuvilliez,HYROX DOUBLES MIXED,45-49,,Lyon,2026,4.466666666666667,4.633333333333334,5.4,2.8833333333333333,5.6,4.616666666666666,5.733333333333333,3.7666666666666666,5.816666666666666,4.9,5.8,1.7166666666666666,6.066666666666666,4.083333333333333,6.166666666666667,5.266666666666667,7.15,45.04999999999999,31.86666666666666,84.06666666666666,0.2756756756756757,0.624548736462094
daniela-pepper-wilken,HYROX DOUBLES MIXED,25-29,,Lyon,2026,4.8,4.166666666666667,5.8,2.15,6.1,4.1,6.016666666666667,3.8,6.1,4.6,5.783333333333333,1.8333333333333333,5.816666666666666,4.033333333333333,6.283333333333333,4.75,8.0,46.69999999999999,29.43333333333333,84.13333333333331,0.2360742705570292,0.524390243902439
mathieu-galichet,HYROX DOUBLES MIXED,16-24,,Lyon,2026,4.65,4.316666666666666,5.866666666666666,2.9166666666666665,6.283333333333333,4.133333333333334,6.283333333333333,2.533333333333333,6.566666666666666,4.483333333333333,6.45,1.8833333333333333,6.416666666666667,3.25,6.283333333333333,4.383333333333334,7.516666666666667,48.79999999999999,27.9,84.21666666666667,0.2918781725888324,0.7056451612903225
vincent-soquet,HYROX DOUBLES MIXED,45-49,,Lyon,2026,4.65,4.266666666666667,5.616666666666666,2.466666666666667,5.933333333333334,3.733333333333333,5.966666666666667,3.066666666666667,6.3,4.75,6.233333333333333,1.75,6.3,3.683333333333333,6.783333333333333,5.183333333333334,7.666666666666667,47.783333333333324,28.9,84.35000000000001,0.31449631449631443,0.6607142857142858
maxence-lassus,HYROX DOUBLES MIXED,30-34,,Lyon,2026,4.266666666666667,4.333333333333333,5.383333333333334,2.5,5.75,4.483333333333333,5.85,3.333333333333333,6.016666666666667,4.6,5.9,1.8666666666666667,5.95,4.4,6.6,5.266666666666667,7.933333333333334,45.71666666666667,30.78333333333333,84.43333333333334,0.35353535353535354,0.5576208178438662
loana-durand,HYROX DOUBLES MIXED,35-39,,Lyon,2026,3.95,4.483333333333333,5.25,2.7,5.45,5.666666666666667,5.633333333333334,4.25,5.683333333333334,5.0,5.5,1.8333333333333333,5.616666666666666,3.95,5.55,5.633333333333334,8.35,42.633333333333326,33.516666666666666,84.49999999999999,0.30498533724340177,0.47647058823529415
melanie-petitier,HYROX DOUBLES MIXED,25-29,,Lyon,2026,4.266666666666667,4.433333333333334,5.183333333333334,2.85,5.3,5.05,5.283333333333333,4.95,5.483333333333333,4.833333333333333,5.466666666666667,1.65,5.533333333333333,4.633333333333334,6.166666666666667,5.066666666666666,8.383333333333333,42.68333333333333,33.46666666666666,84.53333333333333,0.3081081081081081,0.5643564356435644
cleo-chene,HYROX DOUBLES MIXED,16-24,,Lyon,2026,4.266666666666667,4.35,5.9,2.3833333333333333,6.0,4.266666666666667,6.1,3.15,6.133333333333334,4.75,6.1,1.8333333333333333,6.316666666666666,3.8333333333333335,6.4,4.55,8.35,47.21666666666666,29.116666666666664,84.68333333333331,0.33333333333333337,0.55859375
maud-majeres,HYROX DOUBLES MIXED,45-49,,Lyon,2026,4.2,4.0,5.266666666666667,2.7,5.416666666666667,4.3,5.483333333333333,4.4,5.666666666666667,4.883333333333334,5.633333333333334,1.9833333333333332,5.966666666666667,5.45,6.866666666666666,4.733333333333333,7.8,44.5,32.45,84.75,0.38834951456310673,0.6279069767441862
romain-durieux,HYROX DOUBLES MIXED,40-44,,Lyon,2026,3.933333333333333,4.333333333333333,5.1,2.35,5.733333333333333,4.766666666666667,5.533333333333333,4.033333333333333,5.6,5.0,5.683333333333334,1.8166666666666669,5.616666666666666,4.483333333333333,5.6,6.5,8.733333333333333,42.8,33.28333333333333,84.81666666666666,0.3139534883720931,0.493006993006993
thierry-dupraz,HYROX DOUBLES MIXED,45-49,,Lyon,2026,4.583333333333333,4.3,5.316666666666666,2.816666666666667,5.416666666666667,4.783333333333333,5.683333333333334,4.2,5.95,4.716666666666667,6.0,1.85,5.816666666666666,4.066666666666666,6.233333333333333,4.833333333333333,8.333333333333334,45.0,31.56666666666667,84.89999999999998,0.26470588235294124,0.5888501742160279
jonathan-zutter,HYROX DOUBLES MIXED,25-29,,Lyon,2026,4.516666666666667,4.466666666666667,5.583333333333333,2.6,5.733333333333333,4.383333333333334,5.916666666666667,3.3666666666666667,6.116666666666666,4.85,6.116666666666666,1.6333333333333333,5.916666666666667,4.516666666666667,6.016666666666667,5.033333333333333,8.233333333333333,45.916666666666664,30.849999999999994,85.0,0.2615803814713896,0.5931558935361216
jean-baptiste-caroff,HYROX DOUBLES MIXED,25-29,,Lyon,2026,4.8,4.583333333333333,5.966666666666667,2.816666666666667,5.983333333333333,4.266666666666667,5.983333333333333,4.016666666666667,6.016666666666667,4.833333333333333,5.933333333333334,1.8833333333333333,6.0,4.066666666666666,5.883333333333334,4.8,7.233333333333333,46.56666666666667,31.266666666666666,85.06666666666668,0.20221606648199447,0.6601562500000001
lu-ann-collin,HYROX DOUBLES MIXED,25-29,,Lyon,2026,4.35,4.466666666666667,5.8,3.066666666666667,5.9,4.983333333333333,5.883333333333334,3.4166666666666665,5.866666666666666,4.816666666666666,6.083333333333333,1.8833333333333333,6.0,4.15,5.966666666666667,4.083333333333333,8.466666666666667,45.85,30.866666666666664,85.18333333333335,0.2849315068493151,0.6153846153846154
vanessa-estrada,HYROX DOUBLES MIXED,50-54,,Lyon,2026,4.0,4.8,5.116666666666666,3.4166666666666665,5.683333333333334,5.683333333333334,5.75,3.65,5.883333333333334,5.15,5.55,2.333333333333333,5.733333333333333,4.966666666666667,5.7,4.833333333333333,7.016666666666667,43.41666666666667,34.833333333333336,85.26666666666665,0.3201133144475921,0.6011730205278591
julien-vye,HYROX DOUBLES MIXED,30-34,,Lyon,2026,4.466666666666667,4.366666666666666,5.666666666666667,2.816666666666667,5.883333333333334,5.5,5.733333333333333,3.3,5.416666666666667,4.866666666666666,5.666666666666667,1.8,5.6,4.566666666666666,5.633333333333334,5.35,8.75,44.06666666666667,32.56666666666667,85.38333333333333,0.2407932011331445,0.5121212121212122
adrien-dubarry,HYROX DOUBLES MIXED,30-34,,Lyon,2026,3.966666666666667,4.5,4.983333333333333,2.9,5.716666666666667,5.383333333333334,5.333333333333333,4.15,5.583333333333333,5.05,5.366666666666666,1.9333333333333331,5.483333333333333,5.2,5.816666666666666,5.883333333333334,8.233333333333333,42.25,35.00000000000001,85.48333333333335,0.31805157593123207,0.5386996904024767
ruoqian-cai,HYROX DOUBLES MIXED,30-34,,Lyon,2026,4.216666666666667,4.116666666666666,5.183333333333334,2.216666666666667,5.5,5.133333333333334,5.65,3.566666666666667,5.716666666666667,5.1,5.95,2.2666666666666666,5.633333333333334,5.466666666666667,5.85,4.866666666666666,9.116666666666667,43.7,32.733333333333334,85.55000000000001,0.2913165266106443,0.4318181818181818
enzo-barbara,HYROX DOUBLES MIXED,30-34,,Lyon,2026,5.066666666666666,4.466666666666667,6.15,2.283333333333333,6.383333333333334,4.533333333333333,6.25,2.9166666666666665,6.45,4.733333333333333,6.216666666666667,1.65,6.5,3.466666666666667,6.3,4.1,8.216666666666667,49.31666666666666,28.15,85.68333333333332,0.22051282051282056,0.5036764705882353
coralie-monicault,HYROX DOUBLES MIXED,30-34,,Lyon,2026,4.0,4.116666666666666,5.366666666666666,2.683333333333333,5.55,4.666666666666667,5.866666666666666,4.066666666666666,6.133333333333334,4.9,6.133333333333334,2.05,6.266666666666667,4.55,6.516666666666667,4.916666666666667,8.066666666666666,45.833333333333336,31.95,85.85,0.38618925831202044,0.575
priscilla-bernardes,HYROX DOUBLES MIXED,35-39,,Lyon,2026,4.116666666666666,4.166666666666667,5.616666666666666,2.466666666666667,5.916666666666667,4.55,5.95,2.783333333333333,5.9,4.6,6.0,2.033333333333333,6.166666666666667,4.533333333333333,6.716666666666667,5.7,8.683333333333334,46.38333333333333,30.833333333333332,85.89999999999999,0.38709677419354843,0.5421245421245422
caroline-marietti,HYROX DOUBLES MIXED,30-34,,Lyon,2026,4.616666666666666,4.616666666666666,5.333333333333333,2.533333333333333,5.883333333333334,5.416666666666667,5.9,3.216666666666667,5.916666666666667,4.916666666666667,5.933333333333334,1.9333333333333331,5.683333333333334,4.783333333333333,5.766666666666667,4.916666666666667,8.616666666666667,45.03333333333333,32.33333333333333,85.98333333333335,0.22191011235955066,0.46769230769230763
laura-beaulieu,HYROX DOUBLES MIXED,30-34,,Lyon,2026,4.483333333333333,4.5,5.533333333333333,3.4,5.633333333333334,4.75,5.483333333333333,4.45,5.466666666666667,4.8,5.75,2.0,5.483333333333333,5.1,5.75,5.1,8.416666666666666,43.583333333333336,34.1,86.1,0.22028985507246376,0.7157894736842105
mimoun-el-boumyaoui,HYROX DOUBLES MIXED,45-49,,Lyon,2026,3.9166666666666665,4.583333333333333,5.05,3.05,5.666666666666667,5.3,5.733333333333333,3.65,5.583333333333333,5.05,5.683333333333334,1.55,7.366666666666666,3.783333333333333,6.166666666666667,5.783333333333333,8.35,45.166666666666664,32.75,86.26666666666665,0.4683257918552036,0.5754716981132075
florian-escudier,HYROX DOUBLES MIXED,25-29,,Lyon,2026,4.333333333333333,4.316666666666666,5.75,2.2666666666666666,5.733333333333333,4.583333333333333,5.716666666666667,4.366666666666666,5.716666666666667,4.9,5.716666666666667,2.2333333333333334,5.983333333333333,5.133333333333334,6.0,5.033333333333333,8.566666666666666,44.95,32.83333333333333,86.35000000000001,0.27777777777777785,0.49454545454545457
corentin-somont,HYROX DOUBLES MIXED,25-29,,Lyon,2026,5.3,5.0,6.4,2.316666666666667,6.516666666666667,3.7,6.383333333333334,2.533333333333333,6.366666666666666,4.833333333333333,6.483333333333333,1.5,6.633333333333334,3.65,6.35,4.666666666666667,7.85,50.43333333333333,28.2,86.48333333333333,0.2010050251256282,0.6261261261261262
leo-dominici,HYROX DOUBLES MIXED,25-29,,Lyon,2026,4.883333333333334,3.983333333333333,6.016666666666667,2.05,6.4,3.683333333333333,6.616666666666666,2.75,6.5,4.316666666666666,6.683333333333334,1.7166666666666666,6.45,3.6,6.55,4.05,10.283333333333331,50.1,26.15,86.53333333333332,0.26932668329177056,0.5565610859728507
emma-farinet,HYROX DOUBLES MIXED,25-29,,Lyon,2026,4.8,4.6,5.616666666666666,3.466666666666667,5.583333333333333,4.95,5.766666666666667,3.2,5.966666666666667,4.7,5.833333333333333,2.066666666666667,5.966666666666667,4.3,6.333333333333333,5.016666666666667,8.466666666666667,45.866666666666674,32.3,86.63333333333334,0.24210526315789474,0.7003367003367004
corentin-lesueur,HYROX DOUBLES MIXED,25-29,,Lyon,2026,4.716666666666667,4.716666666666667,5.583333333333333,2.3666666666666667,5.916666666666667,4.366666666666666,6.316666666666666,4.016666666666667,6.133333333333334,4.75,6.033333333333333,1.8,6.216666666666667,4.933333333333334,6.366666666666666,5.133333333333334,7.35,47.28333333333334,32.083333333333336,86.71666666666667,0.2591623036649214,0.5419847328244275
julien-talbourdet,HYROX DOUBLES MIXED,35-39,,Lyon,2026,4.133333333333334,4.216666666666667,6.633333333333334,2.966666666666667,5.6,6.283333333333333,5.633333333333334,4.166666666666667,5.733333333333333,5.233333333333333,5.8,1.6166666666666667,5.833333333333333,4.25,5.933333333333334,4.0,8.783333333333333,45.3,32.733333333333334,86.81666666666665,0.37688442211055273,0.4721485411140584
montel-ludovic,HYROX DOUBLES MIXED,35-39,,Lyon,2026,4.516666666666667,4.183333333333334,5.75,2.583333333333333,6.15,6.433333333333334,5.983333333333333,2.933333333333333,6.216666666666667,4.733333333333333,6.366666666666666,2.1166666666666667,6.05,4.083333333333333,6.416666666666667,4.216666666666667,8.183333333333334,47.449999999999996,31.28333333333333,86.91666666666664,0.29610389610389615,0.40155440414507765
prescilla-ermel,HYROX DOUBLES MIXED,25-29,,Lyon,2026,4.066666666666666,4.766666666666667,5.416666666666667,3.55,5.566666666666666,4.95,5.5,4.25,5.65,5.416666666666667,5.416666666666667,1.8833333333333333,5.583333333333333,4.95,6.1,5.4,8.516666666666667,43.300000000000004,35.166666666666664,86.98333333333335,0.3333333333333333,0.7171717171717171
pauline-roby,HYROX DOUBLES MIXED,25-29,,Lyon,2026,4.65,4.6,5.7,3.15,5.883333333333334,5.333333333333333,6.016666666666667,4.033333333333333,6.066666666666666,4.75,6.15,2.0166666666666666,6.283333333333333,4.25,6.433333333333334,4.266666666666667,7.516666666666667,47.18333333333334,32.4,87.10000000000001,0.2772020725388601,0.5906250000000001
hugo-jacob,HYROX DOUBLES MIXED,16-24,,Lyon,2026,4.55,4.35,5.566666666666666,2.583333333333333,5.833333333333333,4.783333333333333,5.75,3.8,5.666666666666667,5.066666666666666,5.516666666666667,2.0,5.816666666666666,4.8,7.916666666666667,5.783333333333333,7.433333333333334,46.61666666666667,33.166666666666664,87.21666666666667,0.4252631578947369,0.5400696864111498
fleur-peraro,HYROX DOUBLES MIXED,30-34,,Lyon,2026,4.316666666666666,4.333333333333333,5.383333333333334,2.583333333333333,5.7,4.883333333333334,5.766666666666667,4.516666666666667,5.983333333333333,5.266666666666667,6.15,1.9333333333333331,5.933333333333334,3.8333333333333335,6.1,4.316666666666666,10.283333333333331,45.333333333333336,31.666666666666664,87.28333333333333,0.29810298102981037,0.5290102389078497
ivan-bertholet,HYROX DOUBLES MIXED,25-29,,Lyon,2026,4.716666666666667,4.6,6.0,2.583333333333333,6.15,5.283333333333333,6.15,3.3666666666666667,6.15,4.716666666666667,6.133333333333334,2.316666666666667,6.083333333333333,3.75,5.583333333333333,5.816666666666666,7.983333333333333,46.96666666666667,32.43333333333333,87.38333333333333,0.23306233062330625,0.48895899053627756
aureline-galuchot,HYROX DOUBLES MIXED,30-34,,Lyon,2026,4.916666666666667,4.25,7.183333333333334,2.9,6.183333333333334,4.25,6.383333333333334,3.2666666666666666,6.5,4.733333333333333,6.116666666666666,1.35,6.333333333333333,4.0,6.616666666666666,4.683333333333334,7.816666666666666,50.233333333333334,29.433333333333337,87.48333333333333,0.31554524361948955,0.6823529411764706
simon-bourroux,HYROX DOUBLES MIXED,30-34,,Lyon,2026,4.866666666666666,4.016666666666667,5.766666666666667,2.466666666666667,5.933333333333334,3.583333333333333,6.066666666666666,4.6,6.25,4.35,6.2,2.0166666666666666,6.016666666666667,5.416666666666667,6.416666666666667,5.016666666666667,8.566666666666666,47.516666666666666,31.466666666666665,87.55,0.24155844155844167,0.6883720930232559
jonathan-robert,HYROX DOUBLES MIXED,40-44,,Lyon,2026,4.283333333333333,4.05,5.633333333333334,2.3666666666666667,5.85,4.433333333333334,5.833333333333333,4.85,6.033333333333333,4.6,6.25,2.1166666666666667,6.233333333333333,4.366666666666666,6.75,5.266666666666667,8.816666666666666,46.86666666666667,32.05,87.73333333333332,0.3654320987654321,0.5338345864661654
charlyne-convert,HYROX DOUBLES MIXED,35-39,,Lyon,2026,4.466666666666667,4.4,5.533333333333333,2.85,5.933333333333334,4.5,6.066666666666666,4.433333333333334,6.166666666666667,5.05,6.2,1.9,6.066666666666666,4.216666666666667,6.733333333333333,4.683333333333334,8.583333333333334,47.16666666666667,32.03333333333333,87.78333333333335,0.3366336633663366,0.6333333333333333
eunice-menant,HYROX DOUBLES MIXED,30-34,,Lyon,2026,4.3,4.516666666666667,5.85,2.7,6.233333333333333,4.383333333333334,5.966666666666667,3.85,6.233333333333333,4.866666666666666,5.766666666666667,2.1166666666666667,5.933333333333334,4.183333333333334,6.633333333333334,5.333333333333333,9.016666666666667,46.916666666666664,31.95,87.88333333333333,0.3517587939698493,0.6159695817490494
anais-koussoukila,HYROX DOUBLES MIXED,16-24,,Lyon,2026,4.283333333333333,4.466666666666667,5.05,3.033333333333333,5.75,5.966666666666667,5.75,3.6,6.033333333333333,5.266666666666667,5.933333333333334,1.8,6.066666666666666,4.516666666666667,6.1,6.3,8.116666666666667,44.96666666666666,34.949999999999996,88.03333333333333,0.2978142076502732,0.5083798882681564
theo-tessier,HYROX DOUBLES MIXED,25-29,,Lyon,2026,5.233333333333333,4.65,6.45,1.95,6.616666666666666,4.216666666666667,6.433333333333334,4.35,6.433333333333334,5.016666666666667,6.2,1.3833333333333333,6.083333333333333,4.083333333333333,6.2,4.433333333333334,8.4,49.650000000000006,30.083333333333332,88.13333333333335,0.2090680100755667,0.4624505928853755
maxime-deligne,HYROX DOUBLES MIXED,30-34,,Lyon,2026,4.333333333333333,4.95,5.45,2.433333333333333,5.533333333333333,4.966666666666667,5.683333333333334,4.15,6.05,5.216666666666667,6.0,1.8166666666666669,5.95,4.916666666666667,6.466666666666667,4.883333333333334,9.416666666666666,45.46666666666667,33.333333333333336,88.21666666666668,0.3298969072164949,0.4899328859060402
amelie-albert,HYROX DOUBLES MIXED,16-24,,Lyon,2026,4.133333333333334,4.6,5.433333333333334,3.35,6.316666666666666,4.833333333333333,6.6,2.833333333333333,6.9,4.683333333333334,6.35,2.1666666666666665,6.466666666666667,3.4166666666666665,6.733333333333333,4.333333333333333,9.2,48.93333333333334,30.216666666666665,88.35000000000002,0.4009661835748792,0.6931034482758621
alan-coadou,HYROX DOUBLES MIXED,30-34,,Lyon,2026,4.166666666666667,4.316666666666666,5.316666666666666,2.933333333333333,5.766666666666667,6.65,5.65,5.033333333333333,5.666666666666667,5.033333333333333,5.733333333333333,1.9,5.8,4.3,6.0,4.6,9.6,44.099999999999994,34.766666666666666,88.46666666666664,0.3055555555555555,0.4411027568922305
zoe-schmitt,HYROX DOUBLES MIXED,25-29,,Lyon,2026,4.366666666666666,4.433333333333334,5.916666666666667,3.5166666666666666,6.033333333333333,5.216666666666667,6.316666666666666,2.833333333333333,6.383333333333334,4.716666666666667,6.35,2.283333333333333,6.583333333333333,4.733333333333333,6.733333333333333,4.116666666666666,8.05,48.68333333333334,31.85,88.58333333333333,0.3514851485148516,0.6741214057507987
maddalena-ricciarelli,HYROX DOUBLES MIXED,35-39,,Lyon,2026,4.733333333333333,4.483333333333333,5.616666666666666,2.566666666666667,6.166666666666667,4.966666666666667,6.2,3.066666666666667,6.516666666666667,5.083333333333333,6.433333333333334,1.8833333333333333,6.25,3.75,6.616666666666666,5.066666666666666,9.283333333333331,48.53333333333333,30.866666666666667,88.68333333333334,0.2846347607052896,0.5167785234899329
camille-courcier,HYROX DOUBLES MIXED,40-44,,Lyon,2026,4.933333333333334,4.433333333333334,5.666666666666667,3.083333333333333,5.983333333333333,4.433333333333334,6.033333333333333,4.166666666666667,6.216666666666667,4.65,6.233333333333333,1.9833333333333332,6.466666666666667,5.333333333333333,6.6,4.716666666666667,7.833333333333333,48.13333333333334,32.8,88.76666666666668,0.25252525252525243,0.6954887218045112
leonie-gauthier,HYROX DOUBLES MIXED,16-24,,Lyon,2026,4.5,4.383333333333334,6.016666666666667,2.783333333333333,6.25,5.216666666666667,6.133333333333334,3.3,6.366666666666666,4.616666666666666,6.7,1.7,6.166666666666667,4.066666666666666,6.2,4.116666666666666,10.4,48.333333333333336,30.183333333333334,88.91666666666666,0.3283582089552239,0.5335463258785942
rekia-mekhfi,HYROX DOUBLES MIXED,25-29,,Lyon,2026,3.8,4.466666666666667,5.55,2.966666666666667,6.016666666666667,4.9,5.983333333333333,6.15,5.883333333333334,4.733333333333333,6.116666666666666,1.7166666666666666,5.783333333333333,5.333333333333333,5.883333333333334,5.633333333333334,8.1,45.016666666666666,35.9,89.01666666666667,0.3787465940054496,0.6054421768707483
alexane-hebert,HYROX DOUBLES MIXED,25-29,,Lyon,2026,4.766666666666667,4.216666666666667,5.716666666666667,2.6,6.033333333333333,4.266666666666667,5.916666666666667,3.2333333333333334,6.55,4.716666666666667,8.333333333333334,2.05,5.816666666666666,4.1,7.35,4.133333333333334,9.383333333333333,50.48333333333334,29.316666666666663,89.18333333333334,0.42800000000000005,0.609375
gwenoline-curtat,HYROX DOUBLES MIXED,30-34,,Lyon,2026,4.8,4.483333333333333,5.833333333333333,2.783333333333333,5.916666666666667,5.066666666666666,5.916666666666667,3.533333333333333,6.15,5.066666666666666,6.116666666666666,1.9333333333333331,6.183333333333334,5.716666666666667,6.216666666666667,5.233333333333333,8.383333333333333,47.13333333333334,33.81666666666666,89.33333333333334,0.2278820375335121,0.5493421052631579
lisa-croiset,HYROX DOUBLES MIXED,30-34,,Lyon,2026,4.183333333333334,4.45,5.6,3.6666666666666665,5.816666666666666,5.516666666666667,6.05,4.566666666666666,6.183333333333334,5.05,6.183333333333334,2.2666666666666666,6.166666666666667,4.433333333333334,6.283333333333333,4.8,8.233333333333333,46.46666666666666,34.75,89.44999999999999,0.3342175066312997,0.6646525679758308
mathis-charbonneau,HYROX DOUBLES MIXED,25-29,,Lyon,2026,4.083333333333333,4.316666666666666,5.516666666666667,3.283333333333333,5.9,4.6,6.183333333333334,4.666666666666667,6.116666666666666,5.283333333333333,6.066666666666666,2.05,6.05,5.133333333333334,6.583333333333333,5.233333333333333,8.516666666666667,46.5,34.56666666666666,89.58333333333333,0.379746835443038,0.713768115942029
armand-darbellay,HYROX DOUBLES MIXED,16-24,,Lyon,2026,5.066666666666666,4.666666666666667,6.183333333333334,2.933333333333333,6.55,4.133333333333334,6.55,3.683333333333333,6.283333333333333,5.016666666666667,6.216666666666667,1.7333333333333334,6.083333333333333,5.5,5.866666666666666,4.483333333333333,8.85,48.800000000000004,32.15,89.8,0.22646310432569977,0.7096774193548386
gaetan-ehret,HYROX DOUBLES MIXED,35-39,,Lyon,2026,4.766666666666667,4.533333333333333,6.166666666666667,3.2333333333333334,6.183333333333334,5.833333333333333,6.016666666666667,3.433333333333333,6.066666666666666,4.916666666666667,6.133333333333334,2.0,6.05,4.616666666666666,6.766666666666667,5.083333333333333,8.216666666666667,48.15,33.65,90.01666666666667,0.2955665024630542,0.5542857142857143
leo-francois-sarry,HYROX DOUBLES MIXED,30-34,,Lyon,2026,5.133333333333334,4.633333333333334,6.15,3.683333333333333,5.933333333333334,5.216666666666667,5.833333333333333,4.4,5.85,4.883333333333334,5.8,1.7,6.0,4.416666666666667,6.2,5.716666666666667,8.633333333333333,46.9,34.65,90.18333333333334,0.17204301075268813,0.7060702875399361
mareva-gallois,HYROX DOUBLES MIXED,25-29,,Lyon,2026,5.083333333333333,4.55,5.866666666666666,3.316666666666667,6.333333333333333,5.183333333333334,6.2,3.9166666666666665,6.116666666666666,4.9,5.733333333333333,1.8,6.016666666666667,4.733333333333333,6.483333333333333,4.8,9.25,47.83333333333333,33.2,90.28333333333333,0.21593830334190237,0.639871382636656
jean-francois-lippi,HYROX DOUBLES MIXED,25-29,,Lyon,2026,4.016666666666667,4.55,5.316666666666666,3.5166666666666666,5.816666666666666,5.75,5.733333333333333,5.3,5.85,5.433333333333334,5.583333333333333,1.6333333333333333,5.883333333333334,4.8,6.466666666666667,6.766666666666667,7.983333333333333,44.66666666666667,37.75,90.4,0.37886597938144334,0.6115942028985507
vincent-adam,HYROX DOUBLES MIXED,16-24,,Lyon,2026,4.633333333333334,4.3,6.066666666666666,2.3833333333333333,6.533333333333333,3.7666666666666666,6.716666666666667,3.216666666666667,6.45,4.766666666666667,7.05,1.7,7.6,4.533333333333333,6.8,5.116666666666666,8.883333333333333,51.85,29.78333333333333,90.51666666666665,0.3903508771929824,0.6327433628318584
victor-dreyer,HYROX DOUBLES MIXED,25-29,,Lyon,2026,4.816666666666666,4.583333333333333,5.95,4.0,5.983333333333333,4.716666666666667,5.933333333333334,5.083333333333333,6.2,4.666666666666667,6.183333333333334,2.4166666666666665,6.233333333333333,4.3,6.433333333333334,4.916666666666667,8.233333333333333,47.733333333333334,34.68333333333334,90.65000000000002,0.2512953367875648,0.8480565371024735
audrey-morelle,HYROX DOUBLES MIXED,45-49,,Lyon,2026,4.466666666666667,4.683333333333334,5.583333333333333,3.316666666666667,5.883333333333334,6.366666666666666,5.933333333333334,4.333333333333333,6.1,5.15,5.95,1.7833333333333334,5.85,5.116666666666666,6.05,6.083333333333333,8.133333333333333,45.81666666666667,36.833333333333336,90.78333333333333,0.26775956284153,0.5209424083769634
vincent-verona,HYROX DOUBLES MIXED,25-29,,Lyon,2026,4.85,4.5,6.316666666666666,2.9166666666666665,6.583333333333333,4.033333333333333,6.483333333333333,3.9,6.6,5.133333333333334,6.383333333333334,1.75,6.6,5.2,6.633333333333334,4.183333333333334,8.8,50.45,31.616666666666667,90.86666666666667,0.26884422110552775,0.7231404958677686
loic-blanc,HYROX DOUBLES MIXED,30-34,,Lyon,2026,4.783333333333333,4.883333333333334,5.7,3.5,5.916666666666667,5.466666666666667,5.9,4.666666666666667,5.95,5.383333333333334,5.95,2.333333333333333,5.883333333333334,4.983333333333333,6.233333333333333,4.766666666666667,8.666666666666666,46.31666666666667,35.983333333333334,90.96666666666668,0.232620320855615,0.6402439024390244
jessy-arbona,HYROX DOUBLES MIXED,30-34,,Lyon,2026,4.433333333333334,5.0,5.533333333333333,3.816666666666667,6.333333333333333,4.783333333333333,6.333333333333333,3.716666666666667,6.366666666666666,5.2,6.216666666666667,2.316666666666667,6.183333333333334,4.016666666666667,6.916666666666667,4.566666666666666,9.433333333333334,48.31666666666667,33.416666666666664,91.16666666666667,0.35903614457831323,0.7979094076655053
charles-mussard,HYROX DOUBLES MIXED,45-49,,Lyon,2026,4.65,4.333333333333333,5.95,2.6,6.166666666666667,5.133333333333334,5.966666666666667,4.116666666666666,6.066666666666666,4.716666666666667,6.616666666666666,1.9166666666666667,6.1,5.183333333333334,6.933333333333334,4.716666666666667,10.066666666666666,48.45,32.71666666666667,91.23333333333335,0.3293269230769231,0.5064935064935064
cindy-vignassoules,HYROX DOUBLES MIXED,40-44,,Lyon,2026,4.333333333333333,4.333333333333333,5.466666666666667,2.8666666666666667,5.716666666666667,4.216666666666667,5.916666666666667,4.466666666666667,6.65,4.9,5.833333333333333,2.0,5.533333333333333,6.516666666666667,5.916666666666667,6.7,10.0,45.36666666666667,36.0,91.36666666666667,0.34837092731829583,0.6798418972332015
farah-garci,HYROX DOUBLES MIXED,40-44,,Lyon,2026,4.55,4.4,5.766666666666667,3.816666666666667,6.15,4.783333333333333,6.216666666666667,4.133333333333334,6.466666666666667,5.0,6.216666666666667,2.05,6.383333333333334,5.033333333333333,7.083333333333333,4.633333333333334,8.766666666666667,48.83333333333334,33.85,91.45000000000002,0.35764705882352943,0.7979094076655053
christophe-baiao-ramos,HYROX DOUBLES MIXED,35-39,,Lyon,2026,4.316666666666666,4.333333333333333,5.383333333333334,3.083333333333333,6.0,5.083333333333333,6.1,4.333333333333333,6.183333333333334,7.9,6.2,2.1,6.083333333333333,4.5,6.266666666666667,5.066666666666666,8.616666666666667,46.53333333333333,36.400000000000006,91.55000000000001,0.31117021276595747,0.6065573770491803
emma-fraimbault,HYROX DOUBLES MIXED,25-29,,Lyon,2026,4.583333333333333,4.616666666666666,5.85,3.1,6.366666666666666,5.45,6.266666666666667,3.95,6.366666666666666,4.9,6.133333333333334,2.1333333333333333,6.266666666666667,5.283333333333333,6.583333333333333,5.233333333333333,8.683333333333334,48.41666666666667,34.666666666666664,91.7666666666667,0.3037974683544304,0.5688073394495413
emeline-papon,HYROX DOUBLES MIXED,35-39,,Lyon,2026,5.3,4.166666666666667,6.883333333333334,2.2666666666666666,6.95,4.45,6.966666666666667,3.683333333333333,6.966666666666667,4.266666666666667,6.8,2.3,6.85,3.966666666666667,6.883333333333334,4.266666666666667,9.05,53.6,29.366666666666667,92.01666666666667,0.23923444976076558,0.5093632958801497
baptiste-raux,HYROX DOUBLES MIXED,40-44,,Lyon,2026,5.266666666666667,4.35,6.2,3.2,6.266666666666667,4.633333333333334,6.15,4.516666666666667,6.216666666666667,4.8,6.083333333333333,2.083333333333333,6.25,5.85,6.366666666666666,4.5,9.4,48.800000000000004,33.93333333333333,92.13333333333334,0.1727748691099476,0.6906474820143884
chloe-vernadat,HYROX DOUBLES MIXED,30-34,,Lyon,2026,4.516666666666667,4.416666666666667,5.883333333333334,2.783333333333333,6.7,5.45,6.683333333333334,3.8666666666666663,6.366666666666666,5.0,6.183333333333334,1.7833333333333334,6.25,5.633333333333334,6.633333333333334,5.416666666666667,8.65,49.21666666666667,34.35,92.21666666666668,0.32587064676616917,0.5107033639143731
anne-sophie-viger,HYROX DOUBLES MIXED,35-39,,Lyon,2026,4.35,4.45,5.4,3.25,5.566666666666666,6.516666666666667,5.533333333333333,3.566666666666667,5.566666666666666,4.933333333333334,5.65,2.283333333333333,7.633333333333334,6.15,6.483333333333333,5.65,9.466666666666669,46.18333333333334,36.8,92.45000000000002,0.4301310043668123,0.49872122762148335
isabelle-lucas,HYROX DOUBLES MIXED,50-54,,Lyon,2026,4.533333333333333,4.383333333333334,5.55,3.566666666666667,5.633333333333334,6.25,5.633333333333334,4.833333333333333,5.783333333333333,5.1,5.666666666666667,2.35,5.816666666666666,6.116666666666666,6.066666666666666,5.633333333333334,9.583333333333334,44.68333333333332,38.233333333333334,92.49999999999999,0.25274725274725274,0.5706666666666667
lea-sonzogni,HYROX DOUBLES MIXED,16-24,,Lyon,2026,5.083333333333333,4.75,5.95,2.933333333333333,6.1,6.05,6.1,5.116666666666666,6.083333333333333,5.25,5.8,2.45,5.766666666666667,4.766666666666667,6.033333333333333,5.933333333333334,8.466666666666667,46.916666666666664,37.25,92.63333333333333,0.16666666666666666,0.4848484848484848
alix-bourrounet,HYROX DOUBLES MIXED,25-29,,Lyon,2026,4.55,4.883333333333334,5.333333333333333,2.9,5.566666666666666,6.066666666666666,5.716666666666667,5.283333333333333,5.783333333333333,5.183333333333334,5.616666666666666,1.65,5.733333333333333,6.916666666666667,6.3,6.683333333333334,8.666666666666666,44.599999999999994,39.56666666666666,92.83333333333334,0.2777777777777778,0.47802197802197804
audrey-rochette,HYROX DOUBLES MIXED,40-44,,Lyon,2026,5.233333333333333,4.083333333333333,6.566666666666666,2.65,6.8,4.083333333333333,6.716666666666667,4.083333333333333,6.95,4.533333333333333,6.883333333333334,1.75,6.733333333333333,4.516666666666667,6.916666666666667,5.383333333333334,9.2,52.800000000000004,31.08333333333333,93.08333333333334,0.2470023980815348,0.6489795918367347
antoine-dajon,HYROX DOUBLES MIXED,16-24,,Lyon,2026,5.166666666666667,4.466666666666667,6.216666666666667,3.7666666666666666,6.483333333333333,5.0,6.633333333333334,3.0,6.8,4.75,6.616666666666666,2.2666666666666666,6.6,4.4,7.0,4.35,9.716666666666669,51.516666666666666,32.0,93.23333333333333,0.26190476190476186,0.7533333333333333
raymond-auriol,HYROX DOUBLES MIXED,45-49,,Lyon,2026,4.666666666666667,4.666666666666667,5.716666666666667,3.5,5.916666666666667,5.783333333333333,5.8,4.766666666666667,5.95,5.183333333333334,5.95,1.9166666666666667,5.783333333333333,6.5,6.1,6.483333333333333,8.633333333333333,45.88333333333333,38.800000000000004,93.31666666666666,0.23497267759562832,0.6051873198847262
yannick-villaret,HYROX DOUBLES MIXED,35-39,,Lyon,2026,3.983333333333333,4.45,5.666666666666667,2.833333333333333,6.1,5.4,6.316666666666666,3.9166666666666665,6.25,5.05,6.166666666666667,1.7333333333333334,6.35,6.65,6.45,7.0,9.183333333333334,47.28333333333334,37.03333333333334,93.50000000000001,0.38242894056847554,0.5246913580246912
yoann-boujard,HYROX DOUBLES MIXED,25-29,,Lyon,2026,5.016666666666667,4.8,6.216666666666667,2.6,6.316666666666666,4.583333333333333,6.383333333333334,4.033333333333333,6.6,5.033333333333333,6.216666666666667,2.066666666666667,6.216666666666667,4.483333333333333,6.633333333333334,7.216666666666667,9.166666666666666,49.6,34.81666666666666,93.58333333333334,0.24371859296482418,0.5672727272727274
bilal-ozer,HYROX DOUBLES MIXED,30-34,,Lyon,2026,4.75,4.15,6.133333333333334,2.283333333333333,6.583333333333333,3.9,6.433333333333334,4.666666666666667,6.633333333333334,4.866666666666666,6.516666666666667,2.183333333333333,6.483333333333333,4.8,7.283333333333333,5.6,10.416666666666666,50.81666666666666,32.45,93.68333333333332,0.34782608695652173,0.5854700854700855
luke-allosio,HYROX DOUBLES MIXED,25-29,,Lyon,2026,4.6,4.616666666666666,6.0,3.15,6.3,6.266666666666667,5.983333333333333,4.266666666666667,6.15,5.066666666666666,6.25,2.333333333333333,6.35,5.25,6.733333333333333,6.066666666666666,8.383333333333333,48.36666666666667,37.016666666666666,93.76666666666665,0.3168316831683169,0.5026595744680851
victoria-delory,HYROX DOUBLES MIXED,30-34,,Lyon,2026,4.316666666666666,4.633333333333334,5.65,3.0166666666666666,6.05,5.616666666666666,5.966666666666667,4.1,6.283333333333333,5.433333333333334,6.05,2.05,6.016666666666667,6.0,6.1,6.466666666666667,10.15,46.43333333333333,37.31666666666667,93.9,0.3129973474801061,0.5370919881305638
alexis-maricot,HYROX DOUBLES MIXED,25-29,,Lyon,2026,4.516666666666667,4.7,5.95,3.083333333333333,6.3,5.033333333333333,6.283333333333333,4.7,6.366666666666666,5.033333333333333,6.383333333333334,1.9,6.45,5.1,6.783333333333333,6.133333333333334,9.45,49.03333333333333,35.68333333333333,94.16666666666667,0.33415233415233414,0.6125827814569536
charlotte-prat,HYROX DOUBLES MIXED,25-29,,Lyon,2026,4.866666666666666,4.916666666666667,6.35,2.966666666666667,6.566666666666666,5.316666666666666,6.566666666666666,3.466666666666667,6.316666666666666,4.833333333333333,6.5,1.7166666666666666,5.833333333333333,5.266666666666667,6.033333333333333,5.516666666666667,11.266666666666667,49.03333333333333,33.99999999999999,94.3,0.2588832487309645,0.5579937304075235
olivia-cheval,HYROX DOUBLES MIXED,45-49,,Lyon,2026,5.516666666666667,4.9,6.133333333333334,3.4166666666666665,6.0,5.966666666666667,6.016666666666667,4.766666666666667,6.066666666666666,5.183333333333334,6.266666666666667,2.1666666666666665,6.316666666666666,4.816666666666666,6.55,5.316666666666666,9.033333333333331,48.86666666666666,36.53333333333333,94.43333333333332,0.15776081424936386,0.5726256983240223
majid-hakkar,HYROX DOUBLES MIXED,40-44,,Lyon,2026,4.683333333333334,4.466666666666667,5.933333333333334,2.933333333333333,5.9,5.516666666666667,6.283333333333333,4.55,6.716666666666667,5.3,6.266666666666667,2.066666666666667,6.166666666666667,4.933333333333334,6.733333333333333,5.533333333333333,10.583333333333334,48.68333333333333,35.300000000000004,94.56666666666665,0.30445544554455445,0.5317220543806647
julien-vaur,HYROX DOUBLES MIXED,35-39,,Lyon,2026,4.916666666666667,4.583333333333333,6.166666666666667,2.716666666666667,6.65,5.35,6.783333333333333,3.9166666666666665,6.833333333333333,4.766666666666667,6.433333333333334,1.9833333333333332,6.766666666666667,4.983333333333333,7.133333333333334,4.516666666666667,10.316666666666666,51.68333333333333,32.81666666666667,94.81666666666666,0.3107476635514019,0.5077881619937695
eva-farrugia,HYROX DOUBLES MIXED,25-29,,Lyon,2026,5.266666666666667,4.666666666666667,6.25,3.066666666666667,6.383333333333334,5.1,6.4,4.766666666666667,6.966666666666667,4.983333333333333,6.75,2.183333333333333,6.583333333333333,4.983333333333333,6.583333333333333,4.583333333333333,9.516666666666667,51.18333333333334,34.333333333333336,95.03333333333333,0.24401913875598089,0.6013071895424837
eva-lopez,HYROX DOUBLES MIXED,30-34,,Lyon,2026,5.116666666666666,4.633333333333334,6.666666666666667,2.8833333333333333,6.883333333333334,4.533333333333333,6.75,3.6666666666666665,6.75,4.733333333333333,6.666666666666667,2.1,6.733333333333333,4.916666666666667,6.533333333333333,6.566666666666666,9.016666666666667,52.1,34.03333333333333,95.15,0.2566585956416466,0.6360294117647058
marine-montailler,HYROX DOUBLES MIXED,40-44,,Lyon,2026,5.183333333333334,4.6,6.116666666666666,3.4,6.35,4.966666666666667,6.55,3.733333333333333,6.8,5.166666666666667,6.983333333333333,2.533333333333333,7.1,5.35,6.7,4.916666666666667,8.866666666666667,51.78333333333334,34.666666666666664,95.31666666666666,0.26995305164319244,0.6845637583892618
lili-blanchard,HYROX DOUBLES MIXED,35-39,,Lyon,2026,4.433333333333334,4.7,5.55,2.8666666666666667,6.033333333333333,5.933333333333334,5.866666666666666,5.116666666666666,6.233333333333333,4.85,6.066666666666666,2.2,5.933333333333334,5.35,6.55,8.216666666666667,9.633333333333333,46.66666666666667,39.233333333333334,95.53333333333333,0.3231552162849872,0.4831460674157303
nina-prevot,HYROX DOUBLES MIXED,25-29,,Lyon,2026,4.1,4.666666666666667,5.633333333333334,3.4166666666666665,6.65,5.883333333333334,6.516666666666667,5.083333333333333,6.633333333333334,5.233333333333333,6.2,2.0166666666666666,6.633333333333334,5.0,7.033333333333333,5.2,9.966666666666669,49.4,36.5,95.86666666666666,0.4170616113744076,0.5807365439093484
nicolas-castel,HYROX DOUBLES MIXED,50-54,,Lyon,2026,4.916666666666667,4.333333333333333,6.233333333333333,2.9833333333333334,6.883333333333334,5.05,6.75,4.433333333333334,6.95,5.016666666666667,6.833333333333333,1.8666666666666667,6.966666666666667,4.966666666666667,7.383333333333334,4.633333333333334,9.75,52.91666666666667,33.28333333333333,95.95000000000002,0.33408577878103835,0.5907590759075908
remi-locquin,HYROX DOUBLES MIXED,25-29,,Lyon,2026,4.133333333333334,4.383333333333334,5.416666666666667,3.433333333333333,6.8,6.166666666666667,6.533333333333333,4.416666666666667,6.433333333333334,4.583333333333333,6.116666666666666,2.066666666666667,5.6,4.7,7.066666666666666,5.9,12.55,48.099999999999994,35.65,96.29999999999998,0.4150943396226414,0.5567567567567567
melissa-leroy,HYROX DOUBLES MIXED,40-44,,Lyon,2026,4.616666666666666,4.85,5.883333333333334,3.35,6.1,6.216666666666667,5.85,4.266666666666667,5.833333333333333,5.25,5.983333333333333,1.9166666666666667,5.816666666666666,5.983333333333333,6.25,9.766666666666667,8.7,46.33333333333333,41.6,96.63333333333334,0.2613333333333334,0.5388739946380697
cecile-feraud,HYROX DOUBLES MIXED,30-34,,Lyon,2026,4.766666666666667,4.9,6.3,3.083333333333333,6.583333333333333,5.6,6.766666666666667,4.816666666666666,7.05,4.983333333333333,6.833333333333333,2.1166666666666667,6.55,4.8,6.833333333333333,6.033333333333333,8.766666666666667,51.68333333333333,36.333333333333336,96.78333333333332,0.3238770685579196,0.550595238095238
theo-carre-pistollet,HYROX DOUBLES MIXED,16-24,,Lyon,2026,4.583333333333333,4.6,5.7,3.633333333333333,6.7,4.783333333333333,6.35,3.3666666666666667,6.983333333333333,5.0,6.6,1.8,6.966666666666667,4.733333333333333,7.383333333333334,8.733333333333333,9.216666666666669,51.26666666666667,36.65,97.13333333333334,0.37923250564334093,0.7595818815331009
aymeric-guerin,HYROX DOUBLES MIXED,25-29,,Lyon,2026,4.7,4.4,6.533333333333333,3.25,6.6,5.533333333333333,6.616666666666666,5.033333333333333,6.716666666666667,5.083333333333333,6.733333333333333,1.8,6.866666666666666,5.866666666666666,7.35,6.133333333333334,8.1,52.116666666666674,37.1,97.31666666666666,0.3605442176870748,0.5873493975903614
laura-adloff,HYROX DOUBLES MIXED,30-34,,Lyon,2026,4.0,4.416666666666667,6.533333333333333,3.316666666666667,7.0,5.166666666666667,7.183333333333334,3.1666666666666665,7.55,4.75,7.933333333333334,1.3166666666666669,7.5,3.883333333333333,7.533333333333333,6.366666666666666,10.033333333333331,55.233333333333334,32.38333333333333,97.64999999999999,0.4957983193277311,0.6419354838709678
annick-acosta,HYROX DOUBLES MIXED,35-39,,Lyon,2026,5.2,4.666666666666667,6.533333333333333,3.1166666666666667,7.266666666666667,4.233333333333333,7.066666666666666,4.116666666666666,7.433333333333334,4.75,7.483333333333333,1.95,7.85,4.516666666666667,8.35,3.9166666666666665,9.483333333333333,57.18333333333334,31.266666666666666,97.93333333333334,0.3772455089820359,0.7362204724409449
garrett-olson,HYROX DOUBLES MIXED,35-39,,Lyon,2026,4.45,4.966666666666667,5.65,3.4833333333333334,6.383333333333334,7.333333333333333,5.866666666666666,4.55,5.816666666666666,5.15,5.683333333333334,1.9833333333333332,5.583333333333333,5.05,6.25,11.516666666666667,8.466666666666667,45.68333333333334,44.03333333333333,98.18333333333335,0.3028720626631854,0.47500000000000003
fanny-dumont,HYROX DOUBLES MIXED,40-44,,Lyon,2026,5.316666666666666,5.0,6.283333333333333,3.8,6.433333333333334,6.05,6.316666666666666,5.3,6.166666666666667,5.266666666666667,6.2,2.2333333333333334,6.133333333333334,5.8,6.516666666666667,5.2,10.533333333333331,49.36666666666667,38.650000000000006,98.55,0.1841432225063939,0.628099173553719
emeline-ouik,HYROX DOUBLES MIXED,40-44,,Lyon,2026,4.316666666666666,4.716666666666667,5.466666666666667,3.3833333333333333,5.35,7.133333333333334,5.85,5.933333333333334,6.333333333333333,5.25,6.133333333333334,1.9666666666666663,5.95,5.916666666666667,6.466666666666667,9.6,8.95,45.866666666666674,43.9,98.71666666666668,0.33247422680412375,0.4742990654205607
valentin-mouteaux,HYROX DOUBLES MIXED,35-39,,Lyon,2026,5.016666666666667,5.133333333333334,6.066666666666666,3.05,6.266666666666667,5.166666666666667,6.6,4.9,6.466666666666667,4.65,6.533333333333333,2.25,6.65,5.266666666666667,7.666666666666667,6.266666666666667,11.2,51.26666666666666,36.68333333333333,99.15,0.34565217391304354,0.5903225806451612
christophe-dao,HYROX DOUBLES MIXED,40-44,,Lyon,2026,5.416666666666667,5.233333333333333,6.166666666666667,3.3666666666666667,6.383333333333334,5.716666666666667,6.133333333333334,3.9,6.4,5.633333333333334,6.35,2.45,6.166666666666667,5.266666666666667,6.766666666666667,8.8,9.183333333333334,49.78333333333333,40.36666666666666,99.33333333333334,0.19950738916256153,0.5889212827988338
jeremy-pastor,HYROX DOUBLES MIXED,40-44,,Lyon,2026,4.633333333333334,4.75,5.916666666666667,2.6333333333333333,6.633333333333334,5.966666666666667,6.483333333333333,5.85,6.533333333333333,5.583333333333333,6.133333333333334,2.3,6.283333333333333,6.15,7.3,6.716666666666667,9.733333333333333,49.916666666666664,39.95,99.6,0.36529680365296796,0.441340782122905
maxime-grosjean,HYROX DOUBLES MIXED,30-34,,Lyon,2026,5.083333333333333,4.133333333333334,6.566666666666666,3.0,7.05,5.016666666666667,7.533333333333333,4.116666666666666,7.566666666666666,4.4,7.233333333333333,1.8833333333333333,7.383333333333334,4.4,7.766666666666667,4.95,11.85,56.18333333333333,31.899999999999995,99.93333333333334,0.3454935622317597,0.5980066445182725
camille-evain,HYROX DOUBLES MIXED,25-29,,Lyon,2026,4.283333333333333,4.716666666666667,9.45,3.433333333333333,6.05,5.466666666666667,6.233333333333333,6.566666666666666,6.2,5.316666666666666,5.933333333333334,2.3,5.9,5.983333333333333,6.5,6.616666666666666,9.266666666666667,50.550000000000004,40.4,100.21666666666665,0.54673721340388,0.6280487804878049
aurelien-le-maux,HYROX DOUBLES MIXED,30-34,,Lyon,2026,4.45,4.8,5.516666666666667,4.016666666666667,6.383333333333334,8.333333333333334,6.033333333333333,4.866666666666666,6.316666666666666,5.533333333333333,6.166666666666667,2.4833333333333334,6.316666666666666,5.316666666666666,7.75,6.1,10.116666666666667,48.93333333333334,41.449999999999996,100.49999999999997,0.4258064516129032,0.482
jean-charles-delacour,HYROX DOUBLES MIXED,30-34,,Lyon,2026,4.966666666666667,4.683333333333334,6.183333333333334,4.0,6.5,5.516666666666667,6.55,5.183333333333334,7.083333333333333,4.966666666666667,7.25,2.1666666666666665,7.0,5.283333333333333,6.983333333333333,5.95,10.516666666666667,52.516666666666666,37.75000000000001,100.78333333333335,0.31494252873563217,0.7250755287009063
noemie-berthelot,HYROX DOUBLES MIXED,25-29,,Lyon,2026,4.816666666666666,4.883333333333334,5.75,4.25,6.05,10.366666666666667,5.933333333333334,4.966666666666667,6.05,6.016666666666667,6.033333333333333,2.2,6.15,5.233333333333333,6.183333333333334,6.75,9.533333333333331,46.96666666666667,44.66666666666667,101.16666666666667,0.2210242587601079,0.40996784565916394
marina-da-silva,HYROX DOUBLES MIXED,35-39,,Lyon,2026,5.133333333333334,4.666666666666667,6.25,3.283333333333333,6.433333333333334,6.733333333333333,6.5,5.85,6.766666666666667,5.283333333333333,6.583333333333333,2.183333333333333,6.55,5.566666666666666,7.3,6.95,9.45,51.51666666666666,40.516666666666666,101.48333333333332,0.29680365296803646,0.4876237623762376
thomas-ulric,HYROX DOUBLES MIXED,30-34,,Lyon,2026,4.666666666666667,4.583333333333333,5.683333333333334,3.183333333333333,6.15,5.4,6.416666666666667,4.866666666666666,7.533333333333333,4.883333333333334,7.766666666666667,2.083333333333333,8.0,4.7,8.883333333333333,5.4,11.633333333333333,55.1,35.099999999999994,101.83333333333334,0.47467166979362097,0.5895061728395061
stephane-moineau,HYROX DOUBLES MIXED,35-39,,Lyon,2026,4.566666666666666,4.75,5.583333333333333,3.566666666666667,7.183333333333334,7.066666666666666,6.283333333333333,3.333333333333333,6.45,5.4,6.266666666666667,2.2666666666666666,5.85,4.35,11.183333333333334,7.0,11.0,53.366666666666674,37.733333333333334,102.10000000000001,0.5916542473919524,0.5047169811320755
alexandre-fontao,HYROX DOUBLES MIXED,35-39,,Lyon,2026,3.8,4.6,6.133333333333334,3.75,6.233333333333333,6.383333333333334,6.35,5.4,6.316666666666666,5.416666666666667,6.466666666666667,2.5166666666666666,6.416666666666667,6.366666666666666,7.05,9.2,10.05,48.76666666666666,43.633333333333326,102.44999999999999,0.46099290780141844,0.5874673629242819
nathalie-cahouet,HYROX DOUBLES MIXED,45-49,,Lyon,2026,4.883333333333334,4.666666666666667,6.883333333333334,3.1,7.05,6.233333333333333,7.25,5.866666666666666,6.683333333333334,5.133333333333334,6.733333333333333,2.15,7.266666666666667,6.033333333333333,7.6,6.516666666666667,8.633333333333333,54.35,39.699999999999996,102.68333333333334,0.3574561403508771,0.49732620320855614
fiona-visco,HYROX DOUBLES MIXED,30-34,,Lyon,2026,5.2,4.816666666666666,6.616666666666666,3.5,7.516666666666667,5.5,8.116666666666667,3.35,8.166666666666666,4.8,8.166666666666666,2.55,8.0,4.516666666666667,7.966666666666667,5.166666666666667,9.416666666666666,59.75,34.2,103.36666666666666,0.3632653061224489,0.6363636363636364
phillippe-cohen,HYROX DOUBLES MIXED,40-44,,Lyon,2026,3.733333333333333,4.583333333333333,5.183333333333334,4.233333333333333,7.733333333333333,8.533333333333333,4.316666666666666,6.666666666666667,4.633333333333334,5.933333333333334,4.866666666666666,1.9333333333333331,5.033333333333333,6.933333333333334,5.733333333333333,13.55,10.15,41.233333333333334,52.366666666666674,103.75000000000001,0.5172413793103449,0.49609375
cedric-lacour,HYROX DOUBLES MIXED,45-49,,Lyon,2026,4.933333333333334,4.683333333333334,6.666666666666667,2.65,7.0,6.5,7.083333333333333,6.916666666666667,7.333333333333333,4.883333333333334,7.5,1.5666666666666669,7.383333333333334,5.95,7.733333333333333,6.266666666666667,9.183333333333334,55.63333333333333,39.416666666666664,104.23333333333335,0.3620689655172414,0.4076923076923077
vanessa-guffroy,HYROX DOUBLES MIXED,40-44,,Lyon,2026,5.066666666666666,4.383333333333334,6.566666666666666,2.566666666666667,6.833333333333333,3.8,6.966666666666667,5.683333333333334,7.083333333333333,8.116666666666667,7.666666666666667,2.25,7.6,6.483333333333333,8.3,5.483333333333333,10.016666666666667,56.08333333333333,38.766666666666666,104.86666666666666,0.389558232931727,0.6754385964912282
nathan-fouilleul-chevalier,HYROX DOUBLES MIXED,25-29,,Lyon,2026,6.266666666666667,4.266666666666667,7.8,2.75,8.333333333333334,4.616666666666666,8.25,4.316666666666666,8.233333333333333,4.85,8.383333333333333,1.9,8.233333333333333,3.966666666666667,8.166666666666666,4.15,10.666666666666666,63.666666666666664,30.816666666666663,105.15,0.2524850894632206,0.5956678700361011
nawel-dahbi,HYROX DOUBLES MIXED,40-44,,Lyon,2026,5.45,4.533333333333333,6.866666666666666,2.95,7.416666666666667,5.566666666666666,7.683333333333334,5.0,7.85,5.466666666666667,7.65,2.2666666666666666,7.633333333333334,5.2,8.133333333333333,4.883333333333334,11.033333333333331,58.68333333333333,35.86666666666667,105.58333333333333,0.3299180327868852,0.5299401197604791
magali-pelletier,HYROX DOUBLES MIXED,45-49,,Lyon,2026,5.233333333333333,4.433333333333334,6.516666666666667,4.366666666666666,6.816666666666666,6.4,6.983333333333333,5.533333333333333,7.383333333333334,5.3,7.166666666666667,2.716666666666667,7.1,5.733333333333333,7.466666666666667,7.55,9.5,54.66666666666667,42.03333333333333,106.2,0.29910714285714285,0.6822916666666665
pierre-andre-pascal,HYROX DOUBLES MIXED,16-24,,Lyon,2026,4.683333333333334,4.5,6.433333333333334,3.6666666666666665,8.016666666666667,5.216666666666667,7.466666666666667,4.466666666666667,7.516666666666667,4.866666666666666,7.416666666666667,2.55,7.666666666666667,5.316666666666666,8.016666666666667,5.433333333333334,13.5,57.21666666666666,36.016666666666666,106.73333333333332,0.4158004158004158,0.7028753993610223
martinez-romain,HYROX DOUBLES MIXED,25-29,,Lyon,2026,5.733333333333333,5.083333333333333,7.133333333333334,3.55,7.416666666666667,6.1,7.316666666666666,4.516666666666667,7.65,5.566666666666666,7.033333333333333,2.1166666666666667,7.133333333333334,6.416666666666667,7.433333333333334,6.733333333333333,10.566666666666666,56.849999999999994,40.083333333333336,107.49999999999999,0.2505446623093682,0.5819672131147541
anaelle-ple,HYROX DOUBLES MIXED,16-24,,Lyon,2026,4.55,4.916666666666667,5.933333333333334,3.566666666666667,6.433333333333334,8.166666666666666,6.466666666666667,5.933333333333334,6.433333333333334,6.416666666666667,6.65,2.65,6.633333333333334,5.75,6.716666666666667,10.366666666666667,10.733333333333333,49.81666666666667,47.766666666666666,108.31666666666668,0.32258064516129037,0.4367346938775511
antoine-fevrier,HYROX DOUBLES MIXED,16-24,,Lyon,2026,5.0,4.066666666666666,6.9,3.9,7.216666666666667,4.933333333333334,7.3,4.883333333333334,7.366666666666666,4.85,7.183333333333334,2.6,7.416666666666667,7.0,8.05,9.333333333333334,10.85,56.43333333333334,41.56666666666667,108.85,0.3788819875776398,0.7905405405405405
nathalie-redon,HYROX DOUBLES MIXED,45-49,,Lyon,2026,4.783333333333333,4.966666666666667,5.95,3.2333333333333334,6.683333333333334,8.316666666666666,6.616666666666666,8.133333333333333,7.033333333333333,5.933333333333334,6.7,2.6166666666666667,6.8,6.166666666666667,8.166666666666666,7.616666666666666,9.883333333333333,52.733333333333334,46.98333333333333,109.6,0.41428571428571426,0.38877755511022044
laurie-perricone,HYROX DOUBLES MIXED,35-39,,Lyon,2026,5.033333333333333,5.066666666666666,6.416666666666667,4.066666666666666,7.15,6.833333333333333,7.316666666666666,6.05,6.4,5.783333333333333,7.166666666666667,2.4,7.683333333333334,6.983333333333333,9.383333333333333,5.95,10.533333333333331,56.550000000000004,43.13333333333333,110.21666666666667,0.4635879218472469,0.5951219512195122
alexis-torbaty,HYROX DOUBLES MIXED,35-39,,Lyon,2026,5.616666666666666,4.583333333333333,7.666666666666667,2.6,7.85,4.633333333333334,8.15,4.633333333333334,8.483333333333333,4.883333333333334,8.733333333333333,2.3,9.15,2.3,9.633333333333333,5.233333333333333,14.466666666666669,65.28333333333333,31.166666666666668,110.91666666666667,0.41695501730103807,0.5611510791366906
eloise-gornes,HYROX DOUBLES MIXED,35-39,,Lyon,2026,5.316666666666666,4.783333333333333,7.033333333333333,3.083333333333333,7.833333333333333,5.583333333333333,8.0,5.1,8.4,5.166666666666667,8.133333333333333,2.3,8.183333333333334,5.083333333333333,8.716666666666667,4.933333333333334,14.066666666666666,61.616666666666674,36.03333333333333,111.71666666666665,0.3900573613766731,0.5522388059701492
adeline-forno,HYROX DOUBLES MIXED,40-44,,Lyon,2026,5.0,4.816666666666666,6.533333333333333,3.2,6.55,4.683333333333334,7.05,7.65,8.15,5.416666666666667,7.75,2.1333333333333333,7.533333333333333,6.283333333333333,7.95,7.216666666666667,14.633333333333333,56.516666666666666,41.400000000000006,112.55000000000001,0.3865030674846626,0.6832740213523132
quentin-gonzalez,HYROX DOUBLES MIXED,25-29,,Lyon,2026,5.666666666666667,4.833333333333333,7.55,3.216666666666667,8.083333333333334,5.166666666666667,7.9,5.833333333333333,8.083333333333334,4.816666666666666,7.966666666666667,1.9666666666666663,7.816666666666666,5.75,8.416666666666666,8.533333333333333,11.8,61.48333333333334,40.11666666666667,113.4,0.32673267326732663,0.6225806451612903
margaux-cambay,HYROX DOUBLES MIXED,35-39,,Lyon,2026,6.316666666666666,5.133333333333334,7.566666666666666,3.683333333333333,8.083333333333334,5.466666666666667,8.066666666666666,4.433333333333334,8.6,5.516666666666667,8.133333333333333,2.15,8.383333333333333,5.666666666666667,7.75,7.716666666666667,11.983333333333333,62.9,39.766666666666666,114.65000000000002,0.2655038759689922,0.673780487804878
lucie-thepot,HYROX DOUBLES MIXED,25-29,,Lyon,2026,5.15,5.633333333333334,6.45,3.7666666666666666,6.516666666666667,7.1,6.483333333333333,6.35,6.716666666666667,5.533333333333333,6.35,2.283333333333333,6.383333333333334,4.866666666666666,6.75,19.23333333333333,10.333333333333334,50.800000000000004,54.766666666666666,115.89999999999998,0.237037037037037,0.5305164319248826
elea-pizzetta,HYROX DOUBLES MIXED,25-29,,Lyon,2026,4.933333333333334,4.85,6.35,4.733333333333333,8.45,6.45,8.183333333333334,5.3,8.066666666666666,5.716666666666667,7.733333333333333,2.316666666666667,7.35,6.216666666666667,8.283333333333333,9.85,12.95,59.35,45.43333333333333,117.73333333333333,0.41617357001972377,0.7338501291989664
fabrice-goncalves,HYROX DOUBLES MIXED,50-54,,Lyon,2026,5.966666666666667,4.966666666666667,7.55,3.566666666666667,7.866666666666666,6.383333333333334,7.716666666666667,7.516666666666667,7.766666666666667,5.35,7.833333333333333,2.6333333333333333,8.0,6.4,8.366666666666667,9.85,11.3,61.06666666666667,46.666666666666664,119.03333333333333,0.2868525896414343,0.5587467362924282
thomas-cavasino,HYROX DOUBLES MIXED,40-44,,Lyon,2026,5.65,5.0,7.2,4.783333333333333,7.533333333333333,7.316666666666666,7.6,5.883333333333334,7.716666666666667,5.816666666666666,7.95,2.7666666666666666,7.683333333333334,6.766666666666667,8.683333333333334,10.5,12.133333333333333,60.01666666666668,48.833333333333336,120.98333333333335,0.3493282149712092,0.6537585421412301
elisa-iliev,HYROX DOUBLES MIXED,25-29,,Lyon,2026,5.4,4.75,6.916666666666667,2.95,9.783333333333331,5.383333333333334,8.5,5.816666666666666,8.933333333333334,5.716666666666667,8.416666666666666,3.6666666666666665,8.466666666666667,6.583333333333333,8.683333333333334,12.7,13.7,65.1,47.56666666666666,126.36666666666667,0.4480408858603065,0.5479876160990712
dylan-morvan,HYROX DOUBLES MIXED,25-29,,Lyon,2026,4.583333333333333,5.4,5.733333333333333,10.3,8.683333333333334,11.016666666666667,7.65,6.866666666666666,7.7,5.85,7.666666666666667,2.566666666666667,7.283333333333333,4.033333333333333,8.266666666666667,10.05,17.466666666666665,57.56666666666666,56.08333333333334,131.11666666666665,0.47216890595009603,0.9349470499243571
christian-nzedieu,HYROX DOUBLES MIXED,35-39,,Lyon,2026,6.916666666666667,4.366666666666666,9.15,3.15,9.366666666666667,3.95,9.683333333333334,7.716666666666667,9.966666666666669,5.7,10.283333333333331,2.583333333333333,10.55,16.816666666666666,10.666666666666666,11.0,18.683333333333334,76.58333333333334,55.28333333333333,150.55,0.35156249999999994,0.7974683544303797
mare-claeys,HYROX DOUBLES MIXED,30-39,,Mechelen,2025,6.4,4.466666666666667,4.4,1.3333333333333333,4.85,3.9,4.75,3.8,5.0,4.833333333333333,5.083333333333333,1.8,5.1,3.533333333333333,5.433333333333334,3.683333333333333,9.533333333333331,41.016666666666666,27.349999999999998,77.9,0.3125,0.3418803418803419
marnix-kaspers,HYROX DOUBLES MIXED,40-49,,Mechelen,2025,4.883333333333334,3.966666666666667,3.4,1.7833333333333334,3.633333333333333,3.316666666666667,3.6166666666666663,2.45,3.6,4.7,3.55,1.45,3.533333333333333,2.716666666666667,3.883333333333333,3.6666666666666665,6.85,30.1,24.05,61.000000000000014,0.3037542662116042,0.5376884422110553
eilidh-boyd,HYROX DOUBLES MIXED,16-29,,Mechelen,2025,5.583333333333333,3.9166666666666665,3.566666666666667,1.5333333333333334,3.7,3.1666666666666665,3.8,2.75,3.816666666666667,4.083333333333333,3.7,1.4666666666666666,3.75,3.083333333333333,4.1,3.466666666666667,6.683333333333334,32.016666666666666,23.46666666666666,62.16666666666667,0.3611940298507462,0.48421052631578954
tessa-rood,HYROX DOUBLES MIXED,16-29,,Mechelen,2025,5.85,3.633333333333333,3.8,1.55,4.216666666666667,2.783333333333333,4.1,2.2333333333333334,4.083333333333333,4.35,4.15,1.2666666666666666,4.133333333333334,2.55,4.216666666666667,3.4166666666666665,7.35,34.55,21.783333333333335,63.68333333333332,0.3504273504273504,0.5568862275449102
ginger-jesson-macduff,HYROX DOUBLES MIXED,30-39,,Mechelen,2025,5.35,4.166666666666667,3.6,1.75,3.816666666666667,3.316666666666667,3.783333333333333,3.216666666666667,3.85,4.333333333333333,3.85,1.5833333333333333,3.783333333333333,3.3833333333333333,4.116666666666666,3.7666666666666666,7.566666666666666,32.15,25.516666666666666,65.23333333333333,0.3271028037383177,0.5276381909547738
miriam-slot,HYROX DOUBLES MIXED,40-49,,Mechelen,2025,6.4,3.8333333333333335,4.016666666666667,1.35,4.216666666666667,2.6333333333333333,4.366666666666666,2.4166666666666665,4.333333333333333,4.133333333333334,4.55,1.4166666666666667,4.466666666666667,2.6333333333333333,4.616666666666666,3.1666666666666665,7.85,36.96666666666667,21.583333333333336,66.39999999999999,0.37239583333333337,0.5126582278481013
willem-maas,HYROX DOUBLES MIXED,16-29,,Mechelen,2025,5.966666666666667,3.816666666666667,3.9,1.6333333333333333,4.266666666666667,3.183333333333333,4.1,2.833333333333333,4.383333333333334,4.533333333333333,4.25,1.4166666666666667,4.266666666666667,2.75,4.466666666666667,3.533333333333333,7.916666666666667,35.6,23.699999999999996,67.21666666666667,0.3463687150837989,0.5130890052356021
melissa-evenepoel,HYROX DOUBLES MIXED,30-39,,Mechelen,2025,6.016666666666667,3.933333333333333,4.15,1.2333333333333334,4.516666666666667,3.15,4.483333333333333,2.316666666666667,4.416666666666667,4.166666666666667,4.433333333333334,1.3833333333333333,4.583333333333333,2.6666666666666665,4.75,3.316666666666667,8.616666666666667,37.35,22.166666666666668,68.13333333333333,0.3102493074792243,0.39153439153439157
hugo-dias,HYROX DOUBLES MIXED,16-29,,Mechelen,2025,5.65,4.05,3.933333333333333,1.5666666666666669,4.383333333333334,3.4833333333333334,4.5,2.933333333333333,4.4,4.283333333333333,4.333333333333333,1.3666666666666667,4.283333333333333,3.05,4.533333333333333,4.3,8.083333333333334,36.016666666666666,25.03333333333334,69.13333333333333,0.3038348082595871,0.4497607655502393
lissa-van-brande,HYROX DOUBLES MIXED,30-39,,Mechelen,2025,6.583333333333333,4.15,4.116666666666666,1.7,4.216666666666667,3.1333333333333333,4.166666666666667,2.966666666666667,4.316666666666666,4.25,4.466666666666667,1.7166666666666666,4.35,3.2333333333333334,4.566666666666666,3.583333333333333,8.133333333333333,36.78333333333333,24.733333333333334,69.65,0.3746835443037975,0.5425531914893617
imogen-ashley,HYROX DOUBLES MIXED,16-29,,Mechelen,2025,6.433333333333334,3.933333333333333,4.1,1.5666666666666669,4.216666666666667,3.05,4.466666666666667,2.466666666666667,4.666666666666667,4.566666666666666,4.733333333333333,1.5166666666666666,4.683333333333334,3.3,5.0,3.733333333333333,7.716666666666667,38.300000000000004,24.133333333333336,70.15,0.3626943005181348,0.5136612021857925
adje-van-etten,HYROX DOUBLES MIXED,30-39,,Mechelen,2025,6.183333333333334,4.083333333333333,4.0,1.4833333333333334,4.083333333333333,3.55,4.25,3.533333333333333,4.2,4.483333333333333,4.283333333333333,1.5,4.316666666666666,3.633333333333333,4.633333333333334,4.5,8.116666666666667,35.95,26.766666666666666,70.83333333333334,0.3530997304582211,0.4178403755868545
frederique-hebant,HYROX DOUBLES MIXED,30-39,,Mechelen,2025,6.3,4.533333333333333,4.1,1.6,4.416666666666667,3.316666666666667,4.3,3.2666666666666666,4.366666666666666,4.3,4.3,1.6666666666666667,4.316666666666666,3.566666666666667,4.55,4.166666666666667,8.7,36.65,26.416666666666668,71.76666666666667,0.34920634920634924,0.4824120603015075
loris-kranich,HYROX DOUBLES MIXED,16-29,,Mechelen,2025,6.7,4.016666666666667,4.183333333333334,2.316666666666667,4.716666666666667,3.5166666666666666,4.533333333333333,2.583333333333333,4.733333333333333,4.266666666666667,4.5,1.6333333333333333,4.383333333333334,3.1166666666666667,4.683333333333334,3.55,8.95,38.43333333333334,25.0,72.38333333333334,0.37562189054726364,0.6587677725118484
thomas-bos,HYROX DOUBLES MIXED,16-29,,Mechelen,2025,6.25,4.133333333333334,4.166666666666667,1.5166666666666666,4.333333333333333,3.583333333333333,4.383333333333334,3.283333333333333,4.466666666666667,4.583333333333333,4.633333333333334,1.8333333333333333,4.45,3.4166666666666665,4.816666666666666,3.583333333333333,9.3,37.5,25.933333333333334,72.73333333333333,0.33333333333333326,0.4232558139534884
kelly-tieken,HYROX DOUBLES MIXED,16-29,,Mechelen,2025,6.933333333333334,4.016666666666667,4.533333333333333,1.4666666666666666,4.666666666666667,2.9,4.55,2.7333333333333334,4.683333333333334,4.533333333333333,4.583333333333333,1.85,4.533333333333333,3.066666666666667,4.816666666666666,3.983333333333333,9.583333333333334,39.3,24.55,73.43333333333334,0.3461538461538462,0.5057471264367815
eva-schmitz,HYROX DOUBLES MIXED,30-39,,Mechelen,2025,6.333333333333333,4.033333333333333,4.283333333333333,1.6666666666666667,4.683333333333334,3.466666666666667,4.65,3.3666666666666667,4.566666666666666,4.433333333333334,4.666666666666667,1.3,4.733333333333333,3.316666666666667,5.05,3.8666666666666663,9.416666666666666,38.96666666666667,25.450000000000003,73.83333333333334,0.3236842105263158,0.4807692307692308
fintan-maher,HYROX DOUBLES MIXED,50-59,,Mechelen,2025,6.466666666666667,4.266666666666667,4.25,1.7833333333333334,4.433333333333334,3.633333333333333,4.466666666666667,3.333333333333333,4.65,4.733333333333333,4.533333333333333,1.7666666666666666,4.5,4.033333333333333,4.933333333333334,4.0,8.65,38.233333333333334,27.549999999999997,74.43333333333334,0.3427835051546392,0.4908256880733946
manon-dewattinne,HYROX DOUBLES MIXED,30-39,,Mechelen,2025,6.333333333333333,4.25,4.416666666666667,1.85,4.616666666666666,3.733333333333333,4.5,3.05,4.566666666666666,4.583333333333333,4.683333333333334,1.7166666666666666,4.75,3.883333333333333,5.066666666666666,3.816666666666667,8.95,38.93333333333334,26.88333333333333,74.76666666666668,0.30263157894736836,0.49553571428571436
holly-pickles,HYROX DOUBLES MIXED,30-39,,Mechelen,2025,6.95,3.6666666666666665,4.95,1.8166666666666669,4.933333333333334,3.183333333333333,4.85,3.4,4.916666666666667,4.283333333333333,4.6,1.6666666666666667,4.583333333333333,3.1666666666666665,4.85,3.883333333333333,9.3,40.63333333333334,25.06666666666667,74.99999999999999,0.34052757793764993,0.5706806282722514
bram-de-wispelaere,HYROX DOUBLES MIXED,30-39,,Mechelen,2025,6.133333333333334,4.383333333333334,4.2,1.8666666666666667,4.383333333333334,4.4,4.366666666666666,4.066666666666666,4.416666666666667,4.433333333333334,4.533333333333333,1.85,4.383333333333334,4.033333333333333,4.616666666666666,4.383333333333334,8.916666666666666,37.03333333333334,29.416666666666664,75.36666666666667,0.31521739130434784,0.4242424242424242
thomas-coppe,HYROX DOUBLES MIXED,30-39,,Mechelen,2025,6.883333333333334,4.233333333333333,4.383333333333334,1.6333333333333333,4.75,3.3,4.95,2.95,5.183333333333334,4.533333333333333,5.633333333333334,1.8666666666666667,4.866666666666666,2.683333333333333,4.866666666666666,3.65,9.166666666666666,41.516666666666666,24.849999999999998,75.53333333333333,0.3631961259079903,0.494949494949495
cedric-bodart,HYROX DOUBLES MIXED,16-29,,Mechelen,2025,6.666666666666667,4.25,4.25,2.35,4.45,4.066666666666666,4.3,3.45,4.5,5.066666666666666,4.433333333333334,1.9166666666666667,4.816666666666666,3.883333333333333,4.9,3.8666666666666663,8.883333333333333,38.31666666666667,28.85,76.04999999999998,0.36250000000000004,0.5778688524590164
katie-oldroyd,HYROX DOUBLES MIXED,30-39,,Mechelen,2025,6.5,4.533333333333333,4.15,1.75,4.25,3.316666666666667,4.45,4.383333333333334,4.65,5.333333333333333,4.55,1.75,4.55,4.433333333333334,4.833333333333333,4.666666666666667,8.266666666666667,37.93333333333334,30.166666666666668,76.36666666666667,0.3615384615384615,0.5276381909547738
antonio-moreira,HYROX DOUBLES MIXED,40-49,,Mechelen,2025,6.833333333333333,3.8333333333333335,4.966666666666667,1.4166666666666667,5.283333333333333,3.033333333333333,5.216666666666667,3.25,5.266666666666667,4.266666666666667,5.266666666666667,1.4833333333333334,5.533333333333333,3.1333333333333333,5.633333333333334,3.4833333333333334,8.883333333333333,44.0,23.900000000000002,76.78333333333333,0.27317073170731704,0.4670329670329671
victoria-de-laminne,HYROX DOUBLES MIXED,16-29,,Mechelen,2025,6.7,4.083333333333333,4.6,1.3833333333333333,4.883333333333334,3.9166666666666665,4.866666666666666,3.4166666666666665,5.0,4.633333333333334,4.883333333333334,1.7333333333333334,4.833333333333333,3.35,5.233333333333333,3.966666666666667,9.75,41.0,26.483333333333334,77.23333333333333,0.3134328358208956,0.35319148936170214
alexandra-kosmadaki,HYROX DOUBLES MIXED,30-39,,Mechelen,2025,6.7,4.1,4.45,1.7333333333333334,4.966666666666667,3.25,4.866666666666666,3.6666666666666665,4.9,4.583333333333333,4.9,1.8,4.85,4.716666666666667,5.2,4.1,8.766666666666667,40.833333333333336,27.950000000000003,77.55,0.33582089552238803,0.5333333333333333
joost-noteboom,HYROX DOUBLES MIXED,40-49,,Mechelen,2025,6.4,4.483333333333333,4.283333333333333,2.05,4.416666666666667,4.2,4.483333333333333,3.283333333333333,4.683333333333334,4.85,4.6,1.9333333333333331,4.85,3.966666666666667,5.3,4.616666666666666,9.3,39.016666666666666,29.383333333333333,77.69999999999999,0.33072916666666674,0.488095238095238
samantha-storchart,HYROX DOUBLES MIXED,40-49,,Mechelen,2025,6.8,4.25,4.65,1.6666666666666667,4.983333333333333,3.3,4.85,3.05,4.85,4.7,4.55,1.7333333333333334,4.733333333333333,4.366666666666666,5.2,4.216666666666667,10.116666666666667,40.61666666666667,27.28333333333333,78.01666666666665,0.33088235294117646,0.5050505050505051
koen-van-leemputten,HYROX DOUBLES MIXED,40-49,,Mechelen,2025,7.083333333333333,4.05,4.483333333333333,1.6833333333333331,4.416666666666667,4.066666666666666,4.4,4.55,4.5,4.6,4.516666666666667,1.7,4.516666666666667,4.55,4.866666666666666,3.8333333333333335,10.6,38.78333333333333,29.033333333333328,78.41666666666666,0.3788235294117646,0.41393442622950816
brandon-conlon,HYROX DOUBLES MIXED,16-29,,Mechelen,2025,6.766666666666667,4.0,4.633333333333334,1.6166666666666667,4.766666666666667,3.733333333333333,4.9,3.583333333333333,4.916666666666667,4.883333333333334,5.033333333333333,1.9833333333333332,4.9,3.933333333333333,5.25,4.4,9.466666666666669,41.16666666666667,28.133333333333333,78.76666666666668,0.3152709359605911,0.43303571428571436
hadrien-cuvelier,HYROX DOUBLES MIXED,16-29,,Mechelen,2025,14.3,4.45,4.566666666666666,1.7666666666666666,4.733333333333333,3.1333333333333333,4.666666666666667,2.4833333333333334,4.7,4.366666666666666,4.433333333333334,1.7166666666666666,4.366666666666666,2.683333333333333,4.666666666666667,3.85,8.183333333333334,46.43333333333334,24.45,79.06666666666668,0.6946386946386947,0.5638297872340425
mohamed-rhanjati,HYROX DOUBLES MIXED,30-39,,Mechelen,2025,6.916666666666667,4.166666666666667,4.783333333333333,1.8833333333333333,4.683333333333334,3.8,4.866666666666666,3.716666666666667,4.933333333333334,4.666666666666667,5.083333333333333,1.85,4.933333333333334,3.6,5.333333333333333,3.9,10.283333333333331,41.53333333333334,27.583333333333336,79.4,0.3228915662650602,0.49561403508771934
brigith-van-der-hoek,HYROX DOUBLES MIXED,30-39,,Mechelen,2025,6.816666666666666,4.183333333333334,4.583333333333333,1.75,4.816666666666666,3.883333333333333,4.733333333333333,4.233333333333333,4.7,4.766666666666667,4.816666666666666,1.9666666666666663,4.833333333333333,4.383333333333334,5.3,4.083333333333333,9.8,40.599999999999994,29.249999999999996,79.64999999999999,0.3276283618581907,0.4506437768240344
jermaine-hasper,HYROX DOUBLES MIXED,30-39,,Mechelen,2025,7.016666666666667,4.583333333333333,4.616666666666666,2.066666666666667,4.7,2.95,4.733333333333333,3.2,4.8,4.866666666666666,4.883333333333334,1.8666666666666667,4.916666666666667,3.8,5.466666666666667,4.25,11.283333333333331,41.13333333333333,27.583333333333336,80.00000000000001,0.3420427553444181,0.7005649717514124
goele-bosmans,HYROX DOUBLES MIXED,30-39,,Mechelen,2025,6.933333333333334,3.95,4.566666666666666,1.6,5.0,3.533333333333333,5.3,3.783333333333333,5.466666666666667,4.65,5.266666666666667,1.8333333333333333,5.416666666666667,4.416666666666667,5.733333333333333,4.133333333333334,8.983333333333333,43.68333333333333,27.9,80.56666666666668,0.3413461538461539,0.45283018867924535
danielle-kragtwijk,HYROX DOUBLES MIXED,30-39,,Mechelen,2025,6.85,4.016666666666667,4.9,1.5666666666666669,5.333333333333333,3.566666666666667,5.533333333333333,3.966666666666667,5.533333333333333,4.616666666666666,5.15,1.6666666666666667,5.216666666666667,4.066666666666666,5.733333333333333,3.966666666666667,9.433333333333334,44.25,27.433333333333337,81.11666666666667,0.28467153284671526,0.4392523364485982
christian-laudage,HYROX DOUBLES MIXED,30-39,,Mechelen,2025,7.033333333333333,3.983333333333333,4.616666666666666,1.95,4.933333333333334,3.9166666666666665,4.916666666666667,4.666666666666667,4.883333333333334,4.5,4.933333333333334,1.3666666666666667,4.883333333333334,4.8,5.25,4.916666666666667,9.966666666666669,41.45,30.1,81.51666666666668,0.3436018957345972,0.4978723404255319
jessica-de-coninck,HYROX DOUBLES MIXED,16-29,,Mechelen,2025,7.05,4.45,4.35,2.1666666666666665,4.4,4.85,4.516666666666667,3.9166666666666665,4.833333333333333,5.0,4.783333333333333,1.95,4.683333333333334,4.366666666666666,5.25,4.083333333333333,11.216666666666669,39.86666666666666,30.78333333333333,81.86666666666666,0.3829787234042554,0.44673539518900346
tammy-knopjes,HYROX DOUBLES MIXED,40-49,,Mechelen,2025,7.083333333333333,4.366666666666666,4.866666666666666,2.1333333333333333,5.083333333333333,3.633333333333333,5.25,3.716666666666667,5.266666666666667,4.5,5.266666666666667,1.5833333333333333,5.233333333333333,3.966666666666667,5.75,3.9166666666666665,10.416666666666666,43.8,27.816666666666666,82.03333333333335,0.3129411764705883,0.5871559633027523
dominique-aerens,HYROX DOUBLES MIXED,40-49,,Mechelen,2025,7.316666666666666,4.366666666666666,4.933333333333334,1.7333333333333334,5.35,3.966666666666667,5.3,3.6,5.3,4.65,5.4,1.6166666666666667,5.316666666666666,3.45,5.666666666666667,4.066666666666666,10.483333333333333,44.583333333333336,27.45,82.51666666666667,0.3257403189066059,0.4369747899159664
margot-gutscoven,HYROX DOUBLES MIXED,30-39,,Mechelen,2025,5.966666666666667,4.45,4.266666666666667,1.4666666666666666,5.683333333333334,3.983333333333333,8.366666666666667,3.983333333333333,4.733333333333333,4.933333333333334,4.85,1.45,4.683333333333334,3.2333333333333334,5.333333333333333,4.233333333333333,11.183333333333334,43.88333333333333,27.733333333333334,82.80000000000001,0.4900398406374502,0.3682008368200837
stuart-murray,HYROX DOUBLES MIXED,50-59,,Mechelen,2025,6.683333333333334,4.45,4.666666666666667,1.9166666666666667,4.933333333333334,5.283333333333333,4.9,3.316666666666667,5.116666666666666,4.916666666666667,5.183333333333334,1.65,5.15,4.366666666666666,5.533333333333333,4.233333333333333,10.733333333333333,42.16666666666667,30.133333333333333,83.03333333333333,0.3017456359102244,0.3627760252365931
jarne-bruggeman,HYROX DOUBLES MIXED,16-29,,Mechelen,2025,7.766666666666667,4.65,4.8,2.2333333333333334,4.9,3.933333333333333,5.083333333333333,3.4833333333333334,5.216666666666667,4.983333333333333,5.25,1.9166666666666667,5.1,5.116666666666666,5.383333333333334,4.116666666666666,9.75,43.5,30.433333333333337,83.68333333333332,0.38197424892703863,0.5677966101694916
katrien-molenberghs,HYROX DOUBLES MIXED,40-49,,Mechelen,2025,7.633333333333334,4.133333333333334,4.983333333333333,2.2333333333333334,5.266666666666667,4.383333333333334,5.683333333333334,3.3833333333333333,5.383333333333334,4.616666666666666,5.216666666666667,1.75,4.983333333333333,3.883333333333333,5.566666666666666,4.0,10.933333333333334,44.71666666666667,28.383333333333333,84.03333333333333,0.3471615720524018,0.5095057034220531
georges-welliquet,HYROX DOUBLES MIXED,16-29,,Mechelen,2025,6.983333333333333,4.55,4.75,2.0,5.15,4.433333333333334,5.25,2.9833333333333334,5.216666666666667,5.15,5.116666666666666,2.316666666666667,5.15,4.683333333333334,5.666666666666667,5.45,9.566666666666666,43.28333333333333,31.566666666666666,84.41666666666667,0.3198090692124105,0.45112781954887216
monique-van-dort,HYROX DOUBLES MIXED,40-49,,Mechelen,2025,7.433333333333334,4.283333333333333,4.883333333333334,1.55,5.383333333333334,3.1333333333333333,5.45,3.8,5.666666666666667,4.6,5.516666666666667,1.65,5.733333333333333,4.533333333333333,6.416666666666667,4.6,10.166666666666666,46.483333333333334,28.15,84.8,0.3430493273542601,0.4946808510638298
margaux-vant-westeinde,HYROX DOUBLES MIXED,30-39,,Mechelen,2025,11.383333333333333,4.0,4.8,2.0,5.033333333333333,3.966666666666667,5.216666666666667,3.2333333333333334,5.333333333333333,4.35,5.266666666666667,1.7666666666666666,5.283333333333333,3.533333333333333,5.766666666666667,3.966666666666667,10.316666666666666,48.083333333333336,26.816666666666663,85.21666666666667,0.5783308931185944,0.5042016806722689
marjorie-longree,HYROX DOUBLES MIXED,30-39,,Mechelen,2025,7.483333333333333,4.5,4.816666666666666,1.85,5.533333333333333,4.816666666666666,5.233333333333333,3.6,5.383333333333334,4.85,5.366666666666666,1.8166666666666669,5.416666666666667,4.0,6.2,4.416666666666667,10.216666666666669,45.43333333333334,29.85,85.50000000000001,0.356347438752784,0.384083044982699
abby-courtney,HYROX DOUBLES MIXED,16-29,,Mechelen,2025,7.116666666666666,4.65,4.85,1.9666666666666663,4.966666666666667,4.3,5.033333333333333,3.35,4.983333333333333,5.2,5.1,1.8833333333333333,5.166666666666667,4.9,5.633333333333334,5.433333333333334,11.2,42.849999999999994,31.683333333333334,85.73333333333335,0.3185011709601874,0.45736434108527124
gabriel-mastrangelo,HYROX DOUBLES MIXED,16-29,,Mechelen,2025,7.316666666666666,4.55,5.183333333333334,1.8166666666666669,5.7,4.183333333333334,5.533333333333333,3.35,5.783333333333333,5.183333333333334,5.666666666666667,1.95,5.683333333333334,4.266666666666667,5.9,3.85,10.35,46.76666666666666,29.150000000000002,86.26666666666665,0.2915717539863325,0.4342629482071713
mathilde-huberlant,HYROX DOUBLES MIXED,16-29,,Mechelen,2025,7.4,4.383333333333334,5.15,1.9333333333333331,5.6,3.75,5.516666666666667,3.933333333333333,5.883333333333334,4.65,5.783333333333333,1.7,5.583333333333333,4.733333333333333,5.783333333333333,4.15,10.95,46.699999999999996,29.233333333333334,86.88333333333334,0.30405405405405406,0.5155555555555555
clara-cromie,HYROX DOUBLES MIXED,16-29,,Mechelen,2025,8.1,4.466666666666667,5.133333333333334,2.05,5.483333333333333,3.7,5.433333333333334,4.483333333333333,5.533333333333333,4.866666666666666,5.5,1.8166666666666669,5.333333333333333,5.45,5.783333333333333,4.366666666666666,10.0,46.300000000000004,31.2,87.5,0.36625514403292175,0.554054054054054
simon-day,HYROX DOUBLES MIXED,30-39,,Mechelen,2025,7.566666666666666,4.333333333333333,4.833333333333333,1.5833333333333333,5.166666666666667,3.75,5.216666666666667,5.283333333333333,5.433333333333334,4.95,5.433333333333334,2.083333333333333,5.266666666666667,4.483333333333333,5.766666666666667,3.9,12.683333333333334,44.68333333333333,30.366666666666664,87.73333333333333,0.3612334801762115,0.4222222222222222
alexa-galant,HYROX DOUBLES MIXED,16-29,,Mechelen,2025,8.0,4.166666666666667,5.4,2.1,5.4,4.266666666666667,5.616666666666666,4.183333333333334,5.75,4.65,5.616666666666666,2.066666666666667,5.65,4.616666666666666,6.083333333333333,4.55,9.933333333333334,47.516666666666666,30.6,88.05,0.32499999999999996,0.4921875
t-ika-delbaere,HYROX DOUBLES MIXED,30-39,,Mechelen,2025,7.983333333333333,4.116666666666666,5.533333333333333,2.0166666666666666,5.533333333333333,4.616666666666666,5.55,4.066666666666666,5.716666666666667,4.783333333333333,5.616666666666666,1.8666666666666667,5.666666666666667,3.95,6.466666666666667,4.833333333333333,10.433333333333334,48.06666666666666,30.25,88.74999999999999,0.30688935281837165,0.43682310469314084
aurelie-reynaert,HYROX DOUBLES MIXED,16-29,,Mechelen,2025,8.433333333333334,4.533333333333333,5.25,1.9333333333333331,5.483333333333333,4.383333333333334,5.416666666666667,3.35,5.483333333333333,5.133333333333334,6.266666666666667,1.6666666666666667,5.666666666666667,4.833333333333333,5.716666666666667,3.933333333333333,11.816666666666666,47.71666666666667,29.76666666666667,89.3,0.37747035573122534,0.44106463878326985
sercan-ayhan,HYROX DOUBLES MIXED,30-39,,Mechelen,2025,6.35,4.55,4.4,2.316666666666667,5.033333333333333,4.216666666666667,5.616666666666666,4.55,5.45,4.883333333333334,5.183333333333334,1.8333333333333333,5.6,7.733333333333333,6.233333333333333,4.4,11.633333333333333,43.86666666666667,34.483333333333334,89.98333333333335,0.30708661417322825,0.549407114624506
esther-horst,HYROX DOUBLES MIXED,16-29,,Mechelen,2025,7.6,4.816666666666666,5.066666666666666,2.1,5.666666666666667,4.6,5.616666666666666,4.383333333333334,5.483333333333333,5.25,5.466666666666667,2.2,5.35,4.016666666666667,5.966666666666667,5.1,11.85,46.21666666666667,32.46666666666666,90.53333333333333,0.3333333333333333,0.4565217391304348
amy-daniels,HYROX DOUBLES MIXED,16-29,,Mechelen,2025,6.716666666666667,4.266666666666667,5.566666666666666,1.7833333333333334,5.883333333333334,4.433333333333334,5.983333333333333,3.7666666666666666,5.866666666666666,5.266666666666667,5.833333333333333,1.9166666666666667,5.533333333333333,3.7666666666666666,6.666666666666667,4.116666666666666,13.666666666666666,48.05,29.316666666666666,91.03333333333333,0.17617866004962782,0.40225563909774437
dennis-dits,HYROX DOUBLES MIXED,30-39,,Mechelen,2025,7.683333333333334,4.366666666666666,5.216666666666667,2.0166666666666666,5.566666666666666,4.116666666666666,5.5,4.35,5.633333333333334,5.333333333333333,5.65,2.683333333333333,5.95,4.933333333333334,6.133333333333334,5.8,11.116666666666667,47.333333333333336,33.6,92.05000000000001,0.3210412147505423,0.4898785425101215
claudia-van-loon,HYROX DOUBLES MIXED,30-39,,Mechelen,2025,8.0,4.383333333333334,5.25,1.8,5.833333333333333,5.116666666666666,5.833333333333333,4.583333333333333,5.966666666666667,4.933333333333334,5.85,2.35,5.783333333333333,4.916666666666667,6.5,4.05,11.583333333333334,49.016666666666666,32.13333333333333,92.73333333333332,0.34375,0.35179153094462545
ibrahim-sewidan,HYROX DOUBLES MIXED,16-29,,Mechelen,2025,7.55,4.966666666666667,5.083333333333333,2.3666666666666667,5.766666666666667,4.816666666666666,5.75,5.833333333333333,6.033333333333333,5.116666666666666,5.916666666666667,1.7,6.066666666666666,5.0,6.3,4.183333333333334,11.433333333333334,48.466666666666654,33.983333333333334,93.88333333333333,0.32671081677704195,0.49134948096885817
marino-marinou,HYROX DOUBLES MIXED,30-39,,Mechelen,2025,7.85,4.333333333333333,5.35,2.5,5.816666666666666,5.166666666666667,5.616666666666666,5.15,5.683333333333334,5.3,5.5,2.3,5.466666666666667,5.45,6.116666666666666,4.666666666666667,12.316666666666666,47.4,34.86666666666667,94.58333333333333,0.3184713375796179,0.48387096774193544
clara-lebrun,HYROX DOUBLES MIXED,16-29,,Mechelen,2025,7.483333333333333,4.45,5.316666666666666,1.9666666666666663,5.733333333333333,6.916666666666667,5.583333333333333,6.1,5.633333333333334,4.816666666666666,5.483333333333333,1.8,5.466666666666667,5.116666666666666,6.033333333333333,4.966666666666667,12.15,46.733333333333334,36.13333333333333,95.01666666666667,0.289532293986637,0.2843373493975903
jonathan-lequeux,HYROX DOUBLES MIXED,30-39,,Mechelen,2025,7.666666666666667,4.166666666666667,5.066666666666666,2.283333333333333,5.633333333333334,4.166666666666667,5.783333333333333,4.966666666666667,6.283333333333333,4.95,6.55,1.9333333333333331,6.633333333333334,5.3,7.033333333333333,4.183333333333334,13.4,50.64999999999999,31.950000000000003,96.0,0.33913043478260874,0.5479999999999999
gauthier-eloy,HYROX DOUBLES MIXED,30-39,,Mechelen,2025,7.883333333333334,4.4,5.15,1.8166666666666669,5.583333333333333,5.3,5.6,5.0,6.0,5.066666666666666,6.4,2.216666666666667,6.55,5.866666666666666,6.7,4.533333333333333,13.15,49.86666666666667,34.199999999999996,97.21666666666665,0.346723044397463,0.3427672955974843
steffie-lenaers,HYROX DOUBLES MIXED,16-29,,Mechelen,2025,8.066666666666666,4.666666666666667,5.55,1.5666666666666669,5.666666666666667,3.9,5.833333333333333,5.133333333333334,6.216666666666667,5.766666666666667,5.933333333333334,2.2666666666666666,6.3,6.016666666666667,6.766666666666667,5.116666666666666,15.0,50.33333333333333,34.43333333333333,99.76666666666665,0.3119834710743802,0.4017094017094018
michel-vanmeerbeek,HYROX DOUBLES MIXED,50-59,,Mechelen,2025,8.866666666666667,4.866666666666666,5.883333333333334,1.9333333333333331,6.2,5.466666666666667,6.183333333333334,5.066666666666666,6.283333333333333,5.166666666666667,6.266666666666667,1.9333333333333331,6.6,6.566666666666666,7.15,4.616666666666666,13.3,53.43333333333333,35.61666666666667,102.34999999999998,0.3364661654135338,0.35365853658536583
thomas-malter,HYROX DOUBLES MIXED,16-29,,Mechelen,2025,9.616666666666667,4.783333333333333,6.383333333333334,2.2333333333333334,6.683333333333334,5.216666666666667,6.8,4.2,7.05,4.866666666666666,7.116666666666666,2.1333333333333333,6.9,5.366666666666666,7.416666666666667,5.833333333333333,12.633333333333333,57.96666666666666,34.63333333333333,105.23333333333332,0.3362218370883882,0.4281150159744409
christian-haves,HYROX DOUBLES MIXED,30-39,,Mechelen,2025,8.683333333333334,4.583333333333333,6.066666666666666,1.9833333333333332,6.283333333333333,4.5,6.35,7.216666666666667,6.383333333333334,5.3,6.233333333333333,2.0166666666666666,6.333333333333333,7.85,7.85,7.65,14.583333333333334,54.18333333333334,41.099999999999994,109.86666666666666,0.3013435700575816,0.4407407407407407
ellen-boudenoodt,HYROX DOUBLES MIXED,40-49,,Mechelen,2025,9.883333333333333,4.716666666666667,7.316666666666666,2.15,7.85,4.583333333333333,7.7,7.766666666666667,7.683333333333334,5.45,8.183333333333334,2.583333333333333,8.516666666666667,6.9,9.05,5.783333333333333,17.083333333333332,66.18333333333334,39.93333333333333,123.2,0.2596964586846543,0.4690909090909091
beomseok-hong,HYROX DOUBLES MIXED,30-34,,Osaka,2026,2.1,4.016666666666667,3.8666666666666663,1.7166666666666666,3.983333333333333,2.7,4.05,1.8666666666666667,4.066666666666666,4.033333333333333,4.0,1.35,4.05,2.3,3.1166666666666667,3.2666666666666666,4.883333333333334,29.233333333333334,21.25,55.36666666666667,0.4836065573770491,0.6358024691358024
juseon-gim,HYROX DOUBLES MIXED,25-29,,Osaka,2026,2.6333333333333333,4.016666666666667,4.383333333333334,1.8666666666666667,4.55,2.683333333333333,4.65,1.8666666666666667,4.633333333333334,4.083333333333333,4.566666666666666,1.5,4.7,2.066666666666667,3.433333333333333,3.4,5.516666666666667,33.55,21.48333333333333,60.55,0.4397163120567376,0.6956521739130436
mei-ying-zhong-cun,HYROX DOUBLES MIXED,16-24,,Osaka,2026,2.65,4.533333333333333,4.55,2.1,4.65,3.533333333333333,4.733333333333333,1.8,4.7,4.3,4.733333333333333,1.2,4.666666666666667,2.5,3.45,3.55,5.5,34.13333333333333,23.516666666666666,63.14999999999999,0.44014084507042256,0.5943396226415095
sana-choi,HYROX DOUBLES MIXED,25-29,,Osaka,2026,2.533333333333333,4.5,4.45,2.05,4.766666666666667,3.5,4.883333333333334,2.2,4.983333333333333,4.283333333333333,4.916666666666667,1.4,5.033333333333333,2.5166666666666666,3.6166666666666663,3.633333333333333,5.683333333333334,35.18333333333334,24.08333333333333,64.95,0.49668874172185434,0.5857142857142856
jihyo-gim,HYROX DOUBLES MIXED,25-29,,Osaka,2026,2.716666666666667,3.966666666666667,5.283333333333333,1.6833333333333331,5.2,3.4166666666666665,4.916666666666667,2.466666666666667,4.916666666666667,4.083333333333333,5.15,1.3833333333333333,5.3,3.033333333333333,3.55,3.45,6.233333333333333,37.03333333333333,23.48333333333333,66.75,0.4874213836477987,0.49268292682926823
erika-ookubo,HYROX DOUBLES MIXED,45-49,,Osaka,2026,2.9166666666666665,4.266666666666667,4.85,2.066666666666667,4.833333333333333,3.683333333333333,4.766666666666667,2.75,4.783333333333333,4.383333333333334,4.833333333333333,1.8333333333333333,4.733333333333333,3.55,3.566666666666667,3.5166666666666666,7.283333333333333,35.28333333333333,26.05,68.61666666666666,0.3986254295532646,0.5610859728506788
taiyo-nakamura,HYROX DOUBLES MIXED,25-29,,Osaka,2026,3.1666666666666665,4.433333333333334,5.3,1.8833333333333333,5.233333333333333,2.833333333333333,5.366666666666666,2.033333333333333,5.216666666666667,4.0,5.35,1.3333333333333333,5.45,2.8,4.05,3.566666666666667,7.516666666666667,39.13333333333333,22.883333333333333,69.53333333333333,0.4189602446483181,0.6647058823529413
zhu-li-song-jing,HYROX DOUBLES MIXED,25-29,,Osaka,2026,2.55,4.1,4.733333333333333,2.033333333333333,4.783333333333333,3.6666666666666665,4.6,2.6666666666666665,4.933333333333334,4.45,4.816666666666666,3.6666666666666665,4.833333333333333,3.333333333333333,3.466666666666667,4.383333333333334,7.216666666666667,34.71666666666666,28.299999999999997,70.23333333333332,0.48310810810810817,0.5545454545454546
michelle-van-de-sande,HYROX DOUBLES MIXED,25-29,,Osaka,2026,2.8833333333333333,4.083333333333333,5.2,2.0166666666666666,5.366666666666666,2.966666666666667,5.416666666666667,3.25,5.516666666666667,4.3,5.45,1.4666666666666666,5.3,3.55,3.983333333333333,4.083333333333333,6.583333333333333,39.11666666666667,25.716666666666665,71.41666666666666,0.4773413897280967,0.6797752808988764
brennan-townsend,HYROX DOUBLES MIXED,35-39,,Osaka,2026,2.9833333333333334,4.266666666666667,4.816666666666666,1.65,5.066666666666666,3.4,5.116666666666666,2.966666666666667,5.316666666666666,4.683333333333334,5.333333333333333,1.4833333333333334,5.2,3.433333333333333,5.2,4.283333333333333,6.983333333333333,39.03333333333334,26.16666666666667,72.18333333333334,0.44062499999999993,0.4852941176470588
juhyeon-i,HYROX DOUBLES MIXED,25-29,,Osaka,2026,3.0166666666666666,4.216666666666667,5.216666666666667,2.216666666666667,5.566666666666666,3.65,5.45,2.95,5.566666666666666,4.316666666666666,5.55,1.8666666666666667,5.616666666666666,3.1166666666666667,4.283333333333333,3.533333333333333,6.966666666666667,40.266666666666666,25.866666666666667,73.10000000000001,0.4629080118694362,0.6073059360730594
jun-kurokawa,HYROX DOUBLES MIXED,30-34,,Osaka,2026,2.816666666666667,4.2,4.916666666666667,1.9,5.3,4.016666666666667,5.116666666666666,3.183333333333333,5.216666666666667,4.666666666666667,5.2,1.9,5.166666666666667,4.15,3.816666666666667,4.9,7.1,37.550000000000004,28.916666666666664,73.56666666666666,0.4685534591194968,0.4730290456431535
gong-ben-ai,HYROX DOUBLES MIXED,25-29,,Osaka,2026,2.8833333333333333,4.85,5.05,1.6833333333333331,5.283333333333333,3.6,5.233333333333333,3.3,5.5,4.7,5.333333333333333,1.9333333333333331,5.65,3.45,4.1,4.7,7.183333333333334,39.03333333333333,28.216666666666665,74.43333333333334,0.4896755162241888,0.4675925925925925
ruriko-saito,HYROX DOUBLES MIXED,35-39,,Osaka,2026,2.8,4.233333333333333,5.15,2.15,5.516666666666667,4.35,5.766666666666667,3.033333333333333,6.016666666666667,4.6,5.85,1.7333333333333334,5.833333333333333,3.4,4.116666666666666,3.816666666666667,7.183333333333334,41.050000000000004,27.316666666666666,75.55000000000001,0.5346260387811634,0.4942528735632184
bumjoon-kim,HYROX DOUBLES MIXED,40-44,,Osaka,2026,3.05,4.216666666666667,5.666666666666667,2.3833333333333333,5.733333333333333,3.65,5.8,2.65,5.85,4.566666666666666,5.716666666666667,1.75,5.833333333333333,3.433333333333333,4.5,3.75,7.3,42.150000000000006,26.400000000000002,75.85000000000001,0.47863247863247865,0.6529680365296804
jinseok-yun,HYROX DOUBLES MIXED,40-44,,Osaka,2026,2.683333333333333,4.35,5.216666666666667,2.533333333333333,5.516666666666667,4.366666666666666,5.383333333333334,3.3666666666666667,5.516666666666667,4.85,5.566666666666666,1.8666666666666667,5.45,3.55,4.2,4.883333333333334,7.35,39.53333333333334,29.76666666666667,76.65,0.5179640718562875,0.5801526717557253
veronica-luman,HYROX DOUBLES MIXED,25-29,,Osaka,2026,2.6333333333333333,4.383333333333334,5.366666666666666,2.6666666666666665,6.65,3.7666666666666666,5.55,2.8,5.65,4.616666666666666,5.733333333333333,2.0166666666666666,5.716666666666667,4.2,4.083333333333333,4.433333333333334,7.316666666666666,41.38333333333334,28.883333333333333,77.58333333333333,0.6040100250626568,0.7079646017699115
luca-maselli,HYROX DOUBLES MIXED,35-39,,Osaka,2026,3.783333333333333,4.116666666666666,6.466666666666667,1.6166666666666667,6.35,3.0,6.7,2.35,6.233333333333333,4.266666666666667,6.216666666666667,1.5333333333333334,6.45,2.783333333333333,4.483333333333333,4.05,8.033333333333333,46.68333333333334,23.716666666666665,78.43333333333334,0.43532338308457713,0.5388888888888889
yume-okabayashi,HYROX DOUBLES MIXED,16-24,,Osaka,2026,3.566666666666667,4.75,5.6,2.25,5.966666666666667,3.883333333333333,6.0,2.433333333333333,5.95,4.466666666666667,5.8,1.9833333333333332,6.016666666666667,3.533333333333333,4.466666666666667,3.816666666666667,8.6,43.36666666666667,27.116666666666664,79.08333333333333,0.40720221606648194,0.5793991416309013
sari-nakanishi,HYROX DOUBLES MIXED,16-24,,Osaka,2026,3.15,4.483333333333333,5.266666666666667,2.05,5.8,4.0,5.733333333333333,3.05,6.333333333333333,4.966666666666667,6.016666666666667,1.75,5.683333333333334,3.65,4.25,4.966666666666667,8.533333333333333,42.233333333333334,28.916666666666664,79.68333333333334,0.5026315789473684,0.5125
nabeel-gootee,HYROX DOUBLES MIXED,25-29,,Osaka,2026,3.2,4.633333333333334,5.733333333333333,2.9833333333333334,6.183333333333334,4.766666666666667,5.783333333333333,2.533333333333333,6.016666666666667,4.6,5.666666666666667,2.1166666666666667,5.833333333333333,3.566666666666667,4.166666666666667,3.7666666666666666,8.583333333333334,42.58333333333333,28.966666666666665,80.13333333333331,0.4824797843665768,0.6258741258741259
kasumi-takenomae,HYROX DOUBLES MIXED,30-34,,Osaka,2026,3.6,4.683333333333334,5.85,2.066666666666667,6.233333333333333,3.466666666666667,6.083333333333333,2.6,6.416666666666667,4.683333333333334,5.85,1.9666666666666663,6.016666666666667,3.1,4.383333333333334,4.25,9.266666666666667,44.43333333333333,26.816666666666666,80.51666666666667,0.438961038961039,0.5961538461538461
milint-wintrasiri,HYROX DOUBLES MIXED,35-39,,Osaka,2026,3.05,4.433333333333334,5.233333333333333,2.816666666666667,5.216666666666667,5.55,5.366666666666666,3.1333333333333333,5.9,5.05,5.8,1.7833333333333334,6.116666666666666,3.7,4.966666666666667,4.9,8.316666666666666,41.65,31.366666666666667,81.33333333333333,0.5013623978201635,0.5075075075075076
eiji-pereira,HYROX DOUBLES MIXED,30-34,,Osaka,2026,3.2666666666666666,4.566666666666666,5.766666666666667,2.0,6.2,3.6,6.35,3.55,6.516666666666667,4.466666666666667,6.266666666666667,1.4333333333333331,6.85,4.016666666666667,4.716666666666667,4.25,8.016666666666667,45.93333333333334,27.88333333333333,81.83333333333333,0.5231143552311436,0.5555555555555556
kanaka-stella,HYROX DOUBLES MIXED,25-29,,Osaka,2026,3.3666666666666667,4.416666666666667,6.083333333333333,2.2333333333333334,6.216666666666667,3.5,6.15,2.533333333333333,6.516666666666667,4.5,6.35,1.8,6.416666666666667,4.3,4.85,4.716666666666667,8.383333333333333,45.949999999999996,28.0,82.33333333333331,0.4833759590792839,0.6380952380952382
ho-yin-lam,HYROX DOUBLES MIXED,40-44,,Osaka,2026,3.533333333333333,4.633333333333334,6.166666666666667,2.25,6.566666666666666,3.85,6.383333333333334,2.716666666666667,6.55,4.4,6.45,1.5333333333333334,6.766666666666667,3.75,4.85,4.383333333333334,8.2,47.266666666666666,27.51666666666667,82.98333333333335,0.47783251231527096,0.5844155844155844
haruka-nishikawa,HYROX DOUBLES MIXED,30-34,,Osaka,2026,3.15,4.533333333333333,7.6,2.1166666666666667,7.216666666666667,4.433333333333334,6.483333333333333,3.633333333333333,5.616666666666666,4.966666666666667,5.383333333333334,2.0166666666666666,5.266666666666667,4.0,4.216666666666667,4.316666666666666,8.533333333333333,44.93333333333334,30.016666666666666,83.48333333333332,0.5855263157894737,0.4774436090225564
wei-jin-teng,HYROX DOUBLES MIXED,25-29,,Osaka,2026,3.2666666666666666,4.883333333333334,5.766666666666667,2.3,5.85,5.083333333333333,5.716666666666667,3.733333333333333,5.8,5.1,5.783333333333333,1.7166666666666666,5.766666666666667,5.216666666666667,4.366666666666666,4.766666666666667,8.816666666666666,42.31666666666667,32.8,83.93333333333334,0.44159544159544156,0.4524590163934426
reira-tajima,HYROX DOUBLES MIXED,30-34,,Osaka,2026,3.1166666666666667,4.233333333333333,5.45,2.2,6.083333333333333,3.433333333333333,6.083333333333333,3.2,6.4,4.516666666666667,6.283333333333333,3.95,6.3,3.7666666666666666,6.383333333333334,3.7666666666666666,9.05,46.099999999999994,29.066666666666663,84.21666666666665,0.5130208333333334,0.6407766990291263
jun-ye-qian-wei,HYROX DOUBLES MIXED,25-29,,Osaka,2026,3.4,4.666666666666667,5.983333333333333,2.35,5.816666666666666,4.95,5.9,3.716666666666667,6.1,5.55,5.883333333333334,2.083333333333333,5.733333333333333,3.7666666666666666,4.35,4.983333333333333,9.65,43.16666666666667,32.06666666666666,84.88333333333334,0.4426229508196721,0.47474747474747475
sonia-cafarella,HYROX DOUBLES MIXED,35-39,,Osaka,2026,3.75,5.0,6.433333333333334,2.2666666666666666,6.55,3.25,6.983333333333333,3.2333333333333334,7.05,4.866666666666666,6.983333333333333,1.8,6.416666666666667,3.4833333333333334,4.533333333333333,4.333333333333333,8.5,48.699999999999996,28.233333333333334,85.43333333333332,0.46808510638297873,0.6974358974358974
azusa-jiu-bao-tian,HYROX DOUBLES MIXED,30-34,,Osaka,2026,2.95,4.566666666666666,5.783333333333333,2.533333333333333,5.966666666666667,4.366666666666666,5.916666666666667,5.25,5.833333333333333,5.2,5.816666666666666,1.9833333333333332,5.983333333333333,3.9166666666666665,4.533333333333333,6.133333333333334,8.95,42.78333333333333,33.95,85.68333333333334,0.5069637883008357,0.5801526717557253
kazuyasu-hongo,HYROX DOUBLES MIXED,45-49,,Osaka,2026,3.6166666666666663,5.0,6.016666666666667,2.066666666666667,6.466666666666667,4.583333333333333,6.366666666666666,3.283333333333333,6.416666666666667,4.783333333333333,6.166666666666667,1.6666666666666667,6.333333333333333,3.9,6.45,4.283333333333333,9.033333333333331,47.83333333333334,29.566666666666663,86.43333333333335,0.4407216494845362,0.450909090909091
amanda-solven,HYROX DOUBLES MIXED,35-39,,Osaka,2026,3.883333333333333,4.333333333333333,5.75,1.8166666666666669,6.2,4.333333333333333,6.1,4.266666666666667,6.283333333333333,4.566666666666666,7.75,1.9,7.7,4.266666666666667,4.65,4.333333333333333,9.05,48.31666666666666,29.816666666666663,87.18333333333334,0.49892473118279573,0.4192307692307693
sherly-meilisa,HYROX DOUBLES MIXED,30-34,,Osaka,2026,3.1166666666666667,4.866666666666666,5.816666666666666,2.966666666666667,5.916666666666667,4.4,6.0,3.3833333333333333,6.366666666666666,5.2,6.15,2.0,6.433333333333334,4.15,4.95,5.366666666666666,10.416666666666666,44.75,32.333333333333336,87.5,0.5155440414507773,0.6742424242424242
punyawee-pleumpanupat,HYROX DOUBLES MIXED,25-29,,Osaka,2026,3.75,4.783333333333333,6.15,2.566666666666667,6.066666666666666,5.05,6.083333333333333,4.433333333333334,5.866666666666666,4.85,6.05,2.3,6.016666666666667,4.083333333333333,4.433333333333334,5.25,10.516666666666667,44.41666666666667,33.31666666666666,88.24999999999999,0.3902439024390244,0.5082508250825083
akina-kinja,HYROX DOUBLES MIXED,16-24,,Osaka,2026,3.9,4.383333333333334,6.916666666666667,1.7666666666666666,7.3,3.2666666666666666,7.483333333333333,2.316666666666667,7.833333333333333,4.683333333333334,7.4,2.0166666666666666,7.933333333333334,3.183333333333333,5.0,5.333333333333333,8.233333333333333,53.766666666666666,26.95,88.95,0.5084033613445378,0.5408163265306123
yuusei-hatakeyama,HYROX DOUBLES MIXED,25-29,,Osaka,2026,3.1,4.55,5.6,2.783333333333333,7.633333333333334,6.183333333333334,5.916666666666667,3.7666666666666666,6.05,4.95,6.0,1.8166666666666669,6.1,4.383333333333334,6.066666666666666,5.35,9.3,46.46666666666667,33.78333333333333,89.55,0.593886462882096,0.45013477088948783
lorenz-insam,HYROX DOUBLES MIXED,30-34,,Osaka,2026,3.633333333333333,4.8,6.1,2.8,6.25,5.283333333333333,6.133333333333334,3.2333333333333334,6.25,5.05,6.116666666666666,2.1166666666666667,5.983333333333333,4.2,4.45,5.266666666666667,12.466666666666669,44.91666666666667,32.75,90.13333333333333,0.41866666666666674,0.529968454258675
junichi-kato,HYROX DOUBLES MIXED,50-54,,Osaka,2026,3.4833333333333334,5.033333333333333,6.0,2.15,6.716666666666667,5.85,8.0,3.2666666666666666,6.733333333333333,5.166666666666667,6.733333333333333,2.216666666666667,6.733333333333333,4.033333333333333,4.95,4.433333333333334,9.35,49.35000000000001,32.150000000000006,90.85000000000001,0.5645833333333333,0.36752136752136755
ryosuke-yokoyama,HYROX DOUBLES MIXED,45-49,,Osaka,2026,3.6166666666666663,5.216666666666667,5.5,3.433333333333333,5.483333333333333,5.066666666666666,5.316666666666666,4.35,5.333333333333333,5.783333333333333,5.166666666666667,2.4166666666666665,5.216666666666667,7.05,4.133333333333334,8.383333333333333,9.983333333333333,39.766666666666666,41.7,91.45,0.3424242424242425,0.6776315789473684
ryo-saeba,HYROX DOUBLES MIXED,25-29,,Osaka,2026,5.166666666666667,5.4,5.75,2.2333333333333334,5.733333333333333,5.016666666666667,5.833333333333333,4.816666666666666,6.216666666666667,5.783333333333333,6.05,1.8166666666666669,6.25,4.066666666666666,4.816666666666666,8.133333333333333,8.983333333333333,45.81666666666666,37.266666666666666,92.06666666666665,0.22933333333333336,0.4451827242524917
mohd-azrul-mohd-nor,HYROX DOUBLES MIXED,35-39,,Osaka,2026,3.25,4.583333333333333,6.05,3.35,6.316666666666666,4.366666666666666,6.016666666666667,5.016666666666667,7.833333333333333,5.016666666666667,6.066666666666666,2.1,6.2,6.6,6.166666666666667,6.45,7.533333333333333,47.9,37.483333333333334,92.91666666666666,0.5851063829787234,0.7671755725190841
ray-kato,HYROX DOUBLES MIXED,25-29,,Osaka,2026,3.883333333333333,5.366666666666666,6.583333333333333,2.6,6.766666666666667,5.233333333333333,6.683333333333334,3.6166666666666663,6.666666666666667,4.783333333333333,6.75,1.7333333333333334,6.6,5.166666666666667,4.95,5.283333333333333,11.0,48.88333333333333,33.78333333333334,93.66666666666667,0.42610837438423654,0.4968152866242038
andreas-bueel,HYROX DOUBLES MIXED,35-39,,Osaka,2026,4.066666666666666,5.25,6.166666666666667,3.716666666666667,6.866666666666666,4.916666666666667,6.766666666666667,4.65,6.95,4.716666666666667,6.933333333333334,1.6,7.1,4.416666666666667,5.166666666666667,6.55,8.7,50.016666666666666,35.81666666666667,94.53333333333333,0.4272300469483568,0.7559322033898305
makiko-yabe,HYROX DOUBLES MIXED,45-49,,Osaka,2026,3.716666666666667,5.45,6.216666666666667,2.25,6.533333333333333,4.883333333333334,6.766666666666667,3.783333333333333,6.716666666666667,5.483333333333333,6.85,1.9166666666666667,6.833333333333333,4.75,5.5,7.283333333333333,10.666666666666666,49.13333333333334,35.800000000000004,95.60000000000002,0.4574209245742092,0.4607508532423208
tai-zhi-shi-jing,HYROX DOUBLES MIXED,40-44,,Osaka,2026,3.9,5.666666666666667,7.283333333333333,2.966666666666667,7.65,5.55,6.366666666666666,5.633333333333334,6.033333333333333,5.416666666666667,5.866666666666666,2.1166666666666667,5.733333333333333,4.983333333333333,4.7,6.766666666666667,9.933333333333334,47.53333333333334,39.1,96.56666666666668,0.4901960784313726,0.5345345345345346
mei-sui-zhi-tian,HYROX DOUBLES MIXED,45-49,,Osaka,2026,3.316666666666667,5.216666666666667,5.633333333333334,2.45,5.983333333333333,5.916666666666667,6.033333333333333,4.016666666666667,6.183333333333334,5.7,5.9,1.9,6.583333333333333,5.766666666666667,5.483333333333333,11.316666666666666,9.75,45.116666666666674,42.28333333333333,97.15,0.49620253164556954,0.4140845070422535
ai-li-shi-qi,HYROX DOUBLES MIXED,35-39,,Osaka,2026,3.55,4.983333333333333,6.116666666666666,3.55,6.466666666666667,5.066666666666666,6.883333333333334,3.783333333333333,6.966666666666667,5.433333333333334,6.85,2.083333333333333,7.533333333333333,5.433333333333334,7.416666666666667,6.316666666666666,9.85,51.78333333333333,36.65,98.28333333333332,0.5287610619469026,0.7006578947368421
tatsuhiko-okushi,HYROX DOUBLES MIXED,35-39,,Osaka,2026,4.116666666666666,5.016666666666667,6.433333333333334,2.2333333333333334,6.8,4.05,6.533333333333333,3.216666666666667,7.133333333333334,5.283333333333333,8.15,1.4833333333333334,6.716666666666667,3.6166666666666663,5.033333333333333,9.166666666666666,15.066666666666666,50.916666666666664,34.06666666666667,100.04999999999998,0.49488752556237225,0.551440329218107
marine-delattre,HYROX DOUBLES MIXED,30-34,,Osaka,2026,3.983333333333333,4.566666666666666,7.1,3.1166666666666667,7.5,4.233333333333333,7.783333333333333,4.416666666666667,8.05,5.133333333333334,7.9,2.3666666666666667,7.95,4.0,7.483333333333333,6.933333333333334,8.916666666666666,57.75000000000001,34.766666666666666,101.43333333333335,0.5051759834368531,0.7362204724409449
jacob-chapa,HYROX DOUBLES MIXED,35-39,,Osaka,2026,3.816666666666667,4.683333333333334,7.583333333333333,2.083333333333333,7.5,3.566666666666667,8.116666666666667,3.5,8.116666666666667,5.066666666666666,8.833333333333334,1.8333333333333333,8.916666666666666,4.483333333333333,9.8,5.416666666666667,10.1,62.68333333333334,30.633333333333333,103.41666666666666,0.6105442176870749,0.5841121495327102
yi-theng-loy,HYROX DOUBLES MIXED,25-29,,Osaka,2026,3.333333333333333,4.566666666666666,7.066666666666666,2.0166666666666666,7.583333333333333,3.6666666666666665,7.633333333333334,4.633333333333334,8.1,4.916666666666667,7.933333333333334,1.8333333333333333,7.95,5.0,6.4,5.9,16.15,55.99999999999999,32.53333333333333,104.68333333333334,0.588477366255144,0.55
thomas-anthony-lo,HYROX DOUBLES MIXED,30-34,,Osaka,2026,3.6,4.85,6.45,3.95,8.116666666666667,4.983333333333333,7.966666666666667,4.75,8.15,5.316666666666666,7.5,2.066666666666667,7.283333333333333,6.633333333333334,5.3,7.983333333333333,11.566666666666666,54.36666666666666,40.53333333333334,106.46666666666665,0.5582822085889572,0.7926421404682275
chun-ping-shan-ben,HYROX DOUBLES MIXED,45-49,,Osaka,2026,4.216666666666667,5.85,7.333333333333333,3.566666666666667,7.633333333333334,5.616666666666666,7.516666666666667,4.483333333333333,7.483333333333333,5.616666666666666,7.7,2.333333333333333,7.733333333333333,5.483333333333333,5.933333333333334,7.633333333333334,12.3,55.55,40.58333333333333,108.43333333333332,0.4547413793103448,0.6350148367952523
catherine-obejero,HYROX DOUBLES MIXED,40-44,,Osaka,2026,4.1,5.383333333333334,7.0,4.516666666666667,7.233333333333333,6.816666666666666,7.233333333333333,4.233333333333333,7.25,5.866666666666666,7.216666666666667,2.1666666666666665,7.216666666666667,4.35,7.35,9.133333333333333,12.433333333333334,54.6,42.46666666666667,109.5,0.44217687074829937,0.6625916870415648
julia-maeda,HYROX DOUBLES MIXED,50-54,,Osaka,2026,4.133333333333334,5.116666666666666,6.8,3.633333333333333,6.683333333333334,6.8,6.816666666666666,6.716666666666667,6.8,5.866666666666666,6.566666666666666,2.65,6.633333333333334,6.633333333333334,5.033333333333333,12.283333333333331,11.933333333333334,49.46666666666666,49.699999999999996,111.10000000000001,0.393643031784841,0.5343137254901961
dickson-goh,HYROX DOUBLES MIXED,35-39,,Osaka,2026,4.116666666666666,5.1,9.383333333333333,2.1166666666666667,9.433333333333334,4.483333333333333,9.2,5.133333333333334,10.5,5.633333333333334,9.55,2.066666666666667,9.216666666666669,4.25,6.733333333333333,5.183333333333334,11.35,68.13333333333334,33.96666666666667,113.45,0.607936507936508,0.4721189591078067
takashi-matsudo,HYROX DOUBLES MIXED,50-54,,Osaka,2026,4.15,5.216666666666667,7.5,2.5166666666666666,9.016666666666667,6.0,8.633333333333333,6.266666666666667,8.466666666666667,5.05,8.783333333333333,2.2333333333333334,9.0,5.633333333333334,6.7,8.533333333333333,12.966666666666669,62.25,41.45,116.66666666666667,0.5397412199630314,0.41944444444444445
hazuki-yamashita,HYROX DOUBLES MIXED,30-34,,Osaka,2026,5.15,5.05,8.833333333333334,2.6333333333333333,8.633333333333333,4.316666666666666,9.283333333333331,3.583333333333333,9.066666666666666,5.433333333333334,9.9,2.6166666666666667,9.766666666666667,4.466666666666667,7.316666666666666,9.366666666666667,15.25,67.95,37.46666666666667,120.66666666666666,0.4797979797979798,0.61003861003861
munetaka-aniya,HYROX DOUBLES MIXED,40-44,,Osaka,2026,3.65,5.45,6.583333333333333,2.7333333333333334,7.466666666666667,6.616666666666666,14.266666666666667,5.15,10.516666666666667,5.683333333333334,10.666666666666666,5.2,8.516666666666667,4.516666666666667,7.516666666666667,7.583333333333333,12.883333333333333,69.18333333333334,42.93333333333334,125.0,0.7441588785046729,0.4130982367758187
gregorio-derrick-imperial,HYROX DOUBLES MIXED,40-44,,Osaka,2026,5.4,5.966666666666667,9.566666666666666,3.6666666666666665,10.166666666666666,6.433333333333334,10.216666666666669,7.6,9.916666666666666,5.95,10.1,2.8833333333333333,10.366666666666667,9.35,8.2,12.683333333333334,16.35,73.93333333333334,54.53333333333333,144.81666666666666,0.4790996784565916,0.5699481865284973
malene-pedersen,HYROX DOUBLES MIXED,30-34,,Oslo,2026,4.0,3.633333333333333,3.566666666666667,1.4833333333333334,3.6,2.35,3.633333333333333,2.2333333333333334,3.6666666666666665,4.033333333333333,3.566666666666667,1.3833333333333333,3.633333333333333,2.5166666666666666,4.166666666666667,3.183333333333333,2.6333333333333333,29.833333333333332,20.816666666666666,53.28333333333333,0.14400000000000002,0.6312056737588653
jenny-hoie-holen,HYROX DOUBLES MIXED,25-29,,Oslo,2026,4.483333333333333,4.283333333333333,3.7666666666666666,1.75,3.733333333333333,3.3666666666666667,3.716666666666667,2.6166666666666667,3.683333333333333,4.116666666666666,3.7666666666666666,1.4333333333333331,3.9166666666666665,2.583333333333333,4.4,3.533333333333333,2.7,31.46666666666667,23.68333333333333,57.85,0.17843866171003722,0.5198019801980198
anette-heimli-jokstad,HYROX DOUBLES MIXED,40-44,,Oslo,2026,4.333333333333333,3.9,3.883333333333333,1.6166666666666667,4.05,2.8,3.983333333333333,2.4166666666666665,4.05,4.1,4.1,1.3833333333333333,4.133333333333334,2.7,4.733333333333333,3.583333333333333,2.7666666666666666,33.266666666666666,22.499999999999996,58.53333333333333,0.17957746478873252,0.5773809523809524
maria-muan-haga,HYROX DOUBLES MIXED,25-29,,Oslo,2026,4.4,3.883333333333333,4.066666666666666,1.85,4.216666666666667,2.8,4.066666666666666,2.333333333333333,4.116666666666666,4.366666666666666,4.116666666666666,1.3833333333333333,4.133333333333334,2.8,4.833333333333333,3.6166666666666663,2.933333333333333,33.95,23.03333333333333,59.916666666666664,0.1586206896551724,0.6607142857142858
ross-mckenzie,HYROX DOUBLES MIXED,40-44,,Oslo,2026,4.616666666666666,3.85,4.166666666666667,1.7,4.333333333333333,2.65,4.45,2.716666666666667,4.433333333333334,4.2,4.483333333333333,1.5,4.45,2.783333333333333,5.1,3.583333333333333,3.066666666666667,36.03333333333333,22.98333333333333,62.08333333333334,0.1830065359477123,0.6415094339622641
thomas-gross,HYROX DOUBLES MIXED,40-44,,Oslo,2026,4.95,3.9,4.283333333333333,1.8,4.416666666666667,2.6333333333333333,4.4,2.25,4.7,4.083333333333333,4.483333333333333,1.4833333333333334,4.633333333333334,2.8833333333333333,5.4,3.4166666666666665,3.15,37.26666666666667,22.450000000000003,62.86666666666667,0.2067901234567902,0.6835443037974683
andre-eide,HYROX DOUBLES MIXED,35-39,,Oslo,2026,5.466666666666667,3.8666666666666663,4.75,1.5166666666666666,4.866666666666666,2.033333333333333,4.933333333333334,1.9666666666666663,4.883333333333334,4.1,4.633333333333334,1.4,4.733333333333333,2.4166666666666665,5.583333333333333,3.3666666666666667,3.45,39.85,20.666666666666668,63.96666666666667,0.17014925373134315,0.7459016393442623
shaun-dunsmore,HYROX DOUBLES MIXED,25-29,,Oslo,2026,5.0,4.35,4.2,1.9833333333333332,4.366666666666666,3.333333333333333,4.266666666666667,2.783333333333333,4.283333333333333,4.7,4.25,1.6666666666666667,4.433333333333334,2.8666666666666667,5.1,3.9,3.05,35.9,25.583333333333332,64.53333333333333,0.17647058823529402,0.595
karoline-slordahl-conradi,HYROX DOUBLES MIXED,35-39,,Oslo,2026,5.15,4.033333333333333,4.383333333333334,1.9166666666666667,4.333333333333333,2.8833333333333333,4.383333333333334,2.75,4.483333333333333,4.35,4.433333333333334,1.5333333333333334,4.383333333333334,3.3666666666666667,5.216666666666667,4.383333333333334,3.4,36.766666666666666,25.21666666666667,65.38333333333333,0.16932907348242818,0.6647398843930636
fredrik-ljuden,HYROX DOUBLES MIXED,40-44,,Oslo,2026,5.483333333333333,4.133333333333334,4.583333333333333,1.55,4.883333333333334,2.6166666666666667,4.9,2.55,4.866666666666666,4.1,4.75,1.5833333333333333,4.9,2.566666666666667,5.733333333333333,3.55,3.183333333333333,40.1,22.650000000000002,65.93333333333334,0.20058139534883726,0.5923566878980892
pernille-lindberg,HYROX DOUBLES MIXED,35-39,,Oslo,2026,4.683333333333334,3.9,4.266666666666667,1.7666666666666666,4.516666666666667,3.6166666666666663,4.383333333333334,3.05,4.616666666666666,4.6,4.466666666666667,1.6833333333333331,4.383333333333334,3.783333333333333,5.1,3.983333333333333,3.633333333333333,36.416666666666664,26.383333333333333,66.43333333333332,0.16339869281045746,0.4884792626728111
martin-lengard,HYROX DOUBLES MIXED,30-34,,Oslo,2026,5.1,3.8333333333333335,4.766666666666667,1.8166666666666669,4.75,2.85,4.816666666666666,2.45,4.95,4.083333333333333,5.016666666666667,1.2833333333333334,5.166666666666667,2.716666666666667,5.916666666666667,3.883333333333333,3.4,40.48333333333333,22.916666666666664,66.80000000000001,0.19718309859154934,0.6374269005847953
emelie-wall-qvist,HYROX DOUBLES MIXED,40-44,,Oslo,2026,4.933333333333334,3.966666666666667,4.45,2.05,4.7,2.933333333333333,4.7,3.1,4.966666666666667,4.333333333333333,4.8,1.3333333333333333,4.8,3.083333333333333,5.533333333333333,3.783333333333333,3.5,38.88333333333333,24.58333333333333,66.96666666666667,0.19578313253012045,0.6988636363636364
magnus-mathiesen,HYROX DOUBLES MIXED,16-24,,Oslo,2026,5.016666666666667,4.0,4.7,1.95,4.783333333333333,3.2666666666666666,4.716666666666667,2.966666666666667,4.766666666666667,4.55,4.566666666666666,1.55,4.7,2.966666666666667,5.35,4.283333333333333,3.45,38.6,25.53333333333333,67.58333333333334,0.14641744548286603,0.5969387755102041
stine-morkemo,HYROX DOUBLES MIXED,35-39,,Oslo,2026,5.516666666666667,3.75,4.833333333333333,1.7333333333333334,5.15,2.3833333333333333,5.183333333333334,2.8,5.066666666666666,4.25,5.083333333333333,1.25,5.016666666666667,2.85,5.816666666666666,3.5166666666666666,3.55,41.66666666666667,22.533333333333335,67.75,0.169054441260745,0.7272727272727273
kevin-woods,HYROX DOUBLES MIXED,30-34,,Oslo,2026,5.516666666666667,3.9166666666666665,4.933333333333334,1.7,5.033333333333333,2.65,5.083333333333333,2.4,5.083333333333333,4.0,5.233333333333333,1.5,5.35,2.5166666666666666,6.083333333333333,3.7666666666666666,3.283333333333333,42.31666666666667,22.449999999999996,68.05,0.18904109589041088,0.6415094339622641
pernille-otilie-andresen-ibsen,HYROX DOUBLES MIXED,30-34,,Oslo,2026,4.666666666666667,4.25,4.316666666666666,2.4166666666666665,4.45,3.633333333333333,4.35,3.05,4.566666666666666,4.733333333333333,4.483333333333333,1.7333333333333334,4.533333333333333,3.55,5.45,4.066666666666666,4.116666666666666,36.81666666666667,27.433333333333334,68.36666666666666,0.2079510703363915,0.6651376146788991
anna-elisa-oppedal-iversen,HYROX DOUBLES MIXED,16-24,,Oslo,2026,5.233333333333333,4.066666666666666,4.633333333333334,2.216666666666667,4.683333333333334,3.183333333333333,4.816666666666666,2.583333333333333,5.166666666666667,4.533333333333333,4.783333333333333,1.6,4.883333333333334,2.6333333333333333,5.95,3.75,4.116666666666666,40.150000000000006,24.56666666666667,68.83333333333333,0.22128851540616243,0.6963350785340315
nadja-sloth,HYROX DOUBLES MIXED,35-39,,Oslo,2026,5.066666666666666,3.8666666666666663,4.5,1.9833333333333332,4.85,3.4,4.85,3.066666666666667,4.816666666666666,4.45,4.85,1.6,4.833333333333333,3.4,5.833333333333333,3.95,3.85,39.6,25.716666666666665,69.16666666666667,0.22857142857142854,0.5833333333333333
johanna-av-steinum,HYROX DOUBLES MIXED,45-49,,Oslo,2026,5.916666666666667,3.85,5.016666666666667,1.7666666666666666,5.033333333333333,2.9833333333333334,5.066666666666666,2.9166666666666665,5.066666666666666,4.116666666666666,5.083333333333333,1.3666666666666667,5.0,2.9833333333333334,5.816666666666666,3.6166666666666663,3.85,42.0,23.6,69.44999999999999,0.15492957746478878,0.5921787709497206
emilie-hasund,HYROX DOUBLES MIXED,16-24,,Oslo,2026,6.016666666666667,3.983333333333333,4.966666666666667,1.6833333333333331,4.95,2.833333333333333,4.833333333333333,2.3833333333333333,5.283333333333333,4.416666666666667,4.85,1.3333333333333333,5.466666666666667,2.8666666666666667,6.0,3.933333333333333,3.8666666666666663,42.36666666666667,23.433333333333334,69.66666666666666,0.19667590027700835,0.5941176470588235
anna-sofie-joner,HYROX DOUBLES MIXED,16-24,,Oslo,2026,5.616666666666666,4.183333333333334,4.65,1.85,4.666666666666667,2.783333333333333,4.933333333333334,3.083333333333333,5.2,4.833333333333333,4.683333333333334,1.3166666666666669,4.866666666666666,3.0,5.833333333333333,4.483333333333333,4.016666666666667,40.45,25.53333333333333,70.00000000000001,0.20285714285714276,0.6646706586826348
abdi-farah,HYROX DOUBLES MIXED,25-29,,Oslo,2026,5.366666666666666,4.2,4.933333333333334,1.9833333333333332,5.583333333333333,2.8,5.216666666666667,2.783333333333333,4.916666666666667,4.316666666666666,5.133333333333334,1.4666666666666666,5.266666666666667,2.933333333333333,5.683333333333334,4.35,3.333333333333333,42.10000000000001,24.833333333333336,70.26666666666667,0.1348973607038123,0.7083333333333334
trine-kanebog,HYROX DOUBLES MIXED,40-44,,Oslo,2026,5.083333333333333,4.266666666666667,6.683333333333334,2.333333333333333,4.633333333333334,3.4833333333333334,4.666666666666667,3.066666666666667,4.683333333333334,4.5,4.75,1.9166666666666667,4.733333333333333,3.033333333333333,5.55,3.8666666666666663,3.4833333333333334,40.78333333333333,26.46666666666667,70.73333333333333,0.3067331670822942,0.6698564593301435
lars-saeberg,HYROX DOUBLES MIXED,25-29,,Oslo,2026,5.883333333333334,4.1,5.016666666666667,1.95,4.983333333333333,2.6333333333333333,5.05,3.333333333333333,5.116666666666666,4.416666666666667,5.083333333333333,1.65,5.15,3.45,5.866666666666666,3.8666666666666663,3.55,42.15,25.4,71.1,0.15297450424929182,0.740506329113924
katrine-have,HYROX DOUBLES MIXED,25-29,,Oslo,2026,5.6,4.266666666666667,4.766666666666667,2.0,4.933333333333334,3.6166666666666663,4.966666666666667,3.45,5.033333333333333,4.783333333333333,4.85,1.5833333333333333,4.833333333333333,3.033333333333333,5.75,4.033333333333333,3.9,40.733333333333334,26.766666666666666,71.4,0.1710144927536232,0.5529953917050692
adrian-federico-lopez-salas,HYROX DOUBLES MIXED,25-29,,Oslo,2026,5.466666666666667,4.183333333333334,5.066666666666666,2.05,5.316666666666666,3.216666666666667,4.933333333333334,3.2333333333333334,5.05,4.483333333333333,5.3,1.6166666666666667,5.0,2.466666666666667,5.716666666666667,3.95,4.65,41.85,25.2,71.7,0.13702623906705538,0.6373056994818652
mats-paulsen,HYROX DOUBLES MIXED,35-39,,Oslo,2026,5.133333333333334,3.883333333333333,4.833333333333333,1.8,5.133333333333334,2.816666666666667,5.033333333333333,3.9166666666666665,5.15,4.566666666666666,5.083333333333333,1.7,4.966666666666667,3.8666666666666663,6.016666666666667,4.15,4.0,41.349999999999994,26.700000000000003,72.05,0.19667590027700835,0.6390532544378698
adrian-phillips,HYROX DOUBLES MIXED,16-24,,Oslo,2026,5.166666666666667,4.133333333333334,4.416666666666667,2.4833333333333334,4.733333333333333,3.883333333333333,4.416666666666667,3.95,4.616666666666666,4.733333333333333,4.583333333333333,1.6166666666666667,4.583333333333333,3.983333333333333,5.266666666666667,6.466666666666667,3.433333333333333,37.78333333333333,31.25,72.46666666666667,0.16139240506329108,0.6394849785407726
are-berg,HYROX DOUBLES MIXED,50-54,,Oslo,2026,5.683333333333334,3.816666666666667,5.15,2.216666666666667,5.266666666666667,3.1333333333333333,5.2,3.183333333333333,5.5,4.433333333333334,5.366666666666666,1.45,5.316666666666666,3.1666666666666665,6.366666666666666,3.8666666666666663,3.7,43.85,25.266666666666666,72.81666666666668,0.19109947643979047,0.7074468085106383
nina-braten-slettum,HYROX DOUBLES MIXED,35-39,,Oslo,2026,5.316666666666666,4.016666666666667,4.666666666666667,1.9833333333333332,5.083333333333333,3.1,4.983333333333333,2.833333333333333,5.183333333333334,4.516666666666667,5.116666666666666,1.55,5.183333333333334,3.8333333333333335,6.316666666666666,5.033333333333333,4.35,41.849999999999994,26.866666666666667,73.06666666666666,0.2612137203166226,0.639784946236559
thomas-tanemsmo,HYROX DOUBLES MIXED,40-44,,Oslo,2026,6.2,4.2,5.316666666666666,2.1333333333333333,5.25,3.083333333333333,5.283333333333333,2.566666666666667,5.433333333333334,4.333333333333333,5.3,1.6166666666666667,5.216666666666667,3.2,6.333333333333333,3.983333333333333,3.933333333333333,44.333333333333336,25.116666666666667,73.38333333333335,0.17631578947368415,0.6918918918918919
john-arne-jaegersborg,HYROX DOUBLES MIXED,40-44,,Oslo,2026,5.366666666666666,4.083333333333333,4.733333333333333,2.316666666666667,4.95,4.2,4.833333333333333,3.1666666666666665,4.966666666666667,4.683333333333334,4.95,1.9,5.116666666666666,4.083333333333333,5.95,4.6,3.8,40.86666666666667,29.03333333333333,73.7,0.20448179271708686,0.5515873015873016
magnus-fon-rosen,HYROX DOUBLES MIXED,40-44,,Oslo,2026,5.516666666666667,3.8333333333333335,4.933333333333334,1.7666666666666666,5.333333333333333,2.8833333333333333,5.366666666666666,4.116666666666666,5.433333333333334,4.3,5.383333333333334,1.6833333333333331,5.383333333333334,3.8333333333333335,6.283333333333333,4.166666666666667,3.633333333333333,43.63333333333333,26.583333333333332,73.85,0.2148541114058355,0.6127167630057804
leo-johansson,HYROX DOUBLES MIXED,16-24,,Oslo,2026,5.95,4.233333333333333,5.366666666666666,2.433333333333333,5.866666666666666,3.25,5.516666666666667,2.4833333333333334,5.366666666666666,4.366666666666666,5.3,1.3666666666666667,5.216666666666667,2.8666666666666667,5.983333333333333,3.533333333333333,5.0,44.56666666666667,24.53333333333333,74.1,0.12813370473537603,0.7487179487179486
john-eivind-johnsen,HYROX DOUBLES MIXED,25-29,,Oslo,2026,5.816666666666666,4.05,5.25,1.85,5.383333333333334,3.1166666666666667,5.483333333333333,3.1,5.716666666666667,4.683333333333334,5.3,1.75,5.216666666666667,3.2333333333333334,6.183333333333334,4.05,4.216666666666667,44.349999999999994,25.833333333333336,74.39999999999999,0.15633423180592992,0.5935828877005348
james-carter,HYROX DOUBLES MIXED,25-29,,Oslo,2026,5.616666666666666,4.366666666666666,4.616666666666666,2.183333333333333,4.866666666666666,3.1166666666666667,4.85,4.433333333333334,4.85,4.516666666666667,5.166666666666667,1.8666666666666667,5.333333333333333,4.25,6.0,4.35,4.15,41.3,29.083333333333336,74.53333333333333,0.23055555555555562,0.7005347593582887
magnus-levin,HYROX DOUBLES MIXED,45-49,,Oslo,2026,6.15,3.966666666666667,5.133333333333334,1.8333333333333333,5.316666666666666,2.9166666666666665,5.4,3.1166666666666667,5.533333333333333,4.466666666666667,5.45,1.95,5.533333333333333,4.05,6.383333333333334,3.716666666666667,4.0,44.9,26.016666666666666,74.91666666666667,0.19582245430809397,0.6285714285714286
alexander-almarsson,HYROX DOUBLES MIXED,40-44,,Oslo,2026,5.516666666666667,4.083333333333333,4.966666666666667,2.033333333333333,5.283333333333333,3.5,5.266666666666667,4.483333333333333,5.35,4.5,5.266666666666667,1.9,5.416666666666667,3.1,6.6,3.8666666666666663,4.166666666666667,43.666666666666664,27.46666666666667,75.3,0.2474747474747474,0.5809523809523809
ingeborg-walther,HYROX DOUBLES MIXED,25-29,,Oslo,2026,5.433333333333334,3.966666666666667,5.35,2.033333333333333,5.566666666666666,3.7,5.55,3.3,5.866666666666666,4.433333333333334,5.483333333333333,1.6166666666666667,5.5,3.8666666666666663,6.183333333333334,4.166666666666667,3.65,44.93333333333334,27.083333333333336,75.66666666666669,0.13477088948787072,0.5495495495495495
kirstine-rosengard,HYROX DOUBLES MIXED,45-49,,Oslo,2026,5.983333333333333,4.116666666666666,5.1,2.066666666666667,5.583333333333333,2.6666666666666665,5.783333333333333,3.2,5.733333333333333,4.3,5.7,1.5666666666666669,5.616666666666666,3.083333333333333,6.8,4.766666666666667,3.933333333333333,46.3,25.766666666666666,76.0,0.25000000000000006,0.7750000000000001
thomas-evensen,HYROX DOUBLES MIXED,30-34,,Oslo,2026,6.216666666666667,3.983333333333333,5.283333333333333,2.033333333333333,5.216666666666667,2.9833333333333334,5.3,2.933333333333333,5.566666666666666,4.733333333333333,5.666666666666667,1.5833333333333333,5.383333333333334,3.75,5.833333333333333,5.0,4.766666666666667,44.46666666666667,27.0,76.23333333333333,0.16085790884718498,0.6815642458100558
elizaveta-loke,HYROX DOUBLES MIXED,30-34,,Oslo,2026,6.05,4.1,5.333333333333333,1.7166666666666666,5.516666666666667,3.15,5.35,3.433333333333333,5.433333333333334,4.666666666666667,5.283333333333333,1.3833333333333333,5.6,4.05,6.383333333333334,4.183333333333334,4.883333333333334,44.95,26.683333333333334,76.51666666666668,0.1723237597911228,0.544973544973545
eirin-stromland-fredriksen,HYROX DOUBLES MIXED,40-44,,Oslo,2026,6.083333333333333,4.116666666666666,5.516666666666667,1.7,5.716666666666667,3.85,5.683333333333334,2.566666666666667,5.766666666666667,4.416666666666667,5.8,1.5666666666666669,6.016666666666667,2.9833333333333334,7.0,3.716666666666667,4.35,47.58333333333333,24.916666666666664,76.85,0.2119047619047619,0.44155844155844154
mathea-slettevold,HYROX DOUBLES MIXED,16-24,,Oslo,2026,5.7,4.083333333333333,4.95,1.6666666666666667,5.266666666666667,2.216666666666667,5.3,2.566666666666667,5.35,4.333333333333333,8.683333333333334,1.5,6.75,2.033333333333333,6.4,3.7666666666666666,6.583333333333333,48.4,22.166666666666664,77.15,0.42994241842610365,0.7518796992481203
petter-eilertsen,HYROX DOUBLES MIXED,35-39,,Oslo,2026,6.083333333333333,4.316666666666666,5.516666666666667,1.8833333333333333,5.75,2.9833333333333334,5.65,3.9,5.666666666666667,4.35,5.766666666666667,1.7,5.7,3.7,6.583333333333333,3.95,3.85,46.716666666666676,26.78333333333333,77.35000000000001,0.16202531645569618,0.6312849162011173
hannah-hoen-johansen,HYROX DOUBLES MIXED,16-24,,Oslo,2026,6.45,3.95,5.633333333333334,1.9833333333333332,5.766666666666667,2.966666666666667,5.966666666666667,2.9,6.016666666666667,4.616666666666666,5.666666666666667,1.4166666666666667,5.816666666666666,3.216666666666667,6.583333333333333,4.266666666666667,4.433333333333334,47.9,25.31666666666667,77.65,0.14430379746835434,0.6685393258426966
orjan-haukefaer,HYROX DOUBLES MIXED,30-34,,Oslo,2026,6.45,4.183333333333334,5.716666666666667,2.1166666666666667,5.45,3.183333333333333,5.766666666666667,3.05,6.0,4.55,5.7,1.55,5.65,3.45,6.683333333333334,4.066666666666666,4.483333333333333,47.41666666666667,26.150000000000002,78.05,0.18453865336658354,0.6649214659685865
olivia-myhrer-kristiansen,HYROX DOUBLES MIXED,16-24,,Oslo,2026,6.0,4.016666666666667,5.566666666666666,1.8666666666666667,5.816666666666666,3.4,5.833333333333333,2.95,5.8,4.55,5.9,1.6333333333333333,5.816666666666666,3.95,6.65,4.45,4.283333333333333,47.38333333333333,26.816666666666666,78.48333333333335,0.16290726817042614,0.5490196078431373
anja-millerjord,HYROX DOUBLES MIXED,40-44,,Oslo,2026,6.483333333333333,4.133333333333334,5.566666666666666,1.8666666666666667,5.75,3.8333333333333335,5.633333333333334,3.1666666666666665,5.783333333333333,4.4,5.65,1.7666666666666666,5.683333333333334,4.45,6.65,3.8333333333333335,4.166666666666667,47.199999999999996,27.449999999999996,78.81666666666666,0.16290726817042614,0.4869565217391304
june-hognestad,HYROX DOUBLES MIXED,45-49,,Oslo,2026,5.633333333333334,4.066666666666666,5.283333333333333,2.4833333333333334,5.45,3.7,5.433333333333334,3.283333333333333,5.9,4.516666666666667,6.05,1.8333333333333333,5.95,3.8,7.2,3.933333333333333,4.533333333333333,46.900000000000006,27.616666666666667,79.05,0.2662037037037037,0.6711711711711712
oskar-bertov,HYROX DOUBLES MIXED,30-34,,Oslo,2026,5.883333333333334,4.233333333333333,5.2,2.8,5.05,3.6166666666666663,5.05,3.566666666666667,5.066666666666666,5.0,5.25,1.9833333333333332,5.016666666666667,4.4,6.333333333333333,6.783333333333333,4.2,42.85,32.38333333333333,79.43333333333334,0.20789473684210524,0.7741935483870969
hege-lorvik,HYROX DOUBLES MIXED,45-49,,Oslo,2026,6.266666666666667,4.25,5.6,2.0166666666666666,5.783333333333333,3.2,5.933333333333334,3.4833333333333334,6.066666666666666,4.116666666666666,6.033333333333333,1.5833333333333333,6.283333333333333,3.316666666666667,7.416666666666667,3.933333333333333,4.483333333333333,49.383333333333326,25.9,79.76666666666665,0.24494382022471917,0.6302083333333333
joseph-connor,HYROX DOUBLES MIXED,45-49,,Oslo,2026,6.4,4.05,5.883333333333334,2.2666666666666666,6.0,3.5166666666666666,5.9,3.1333333333333333,5.95,4.616666666666666,5.933333333333334,1.6,6.083333333333333,3.85,6.983333333333333,3.75,4.383333333333334,49.13333333333334,26.783333333333335,80.3,0.15751789976133646,0.6445497630331753
dina-sedal,HYROX DOUBLES MIXED,16-24,,Oslo,2026,6.1,4.216666666666667,5.166666666666667,2.35,5.35,3.6666666666666665,5.716666666666667,4.5,5.833333333333333,4.383333333333334,5.883333333333334,1.9666666666666663,5.866666666666666,4.466666666666667,7.283333333333333,4.133333333333334,3.8666666666666663,47.2,29.68333333333333,80.75000000000001,0.29061784897025167,0.640909090909091
martine-cecilie-karlson,HYROX DOUBLES MIXED,16-24,,Oslo,2026,6.516666666666667,3.95,5.883333333333334,2.1333333333333333,5.816666666666666,3.183333333333333,5.766666666666667,3.1166666666666667,6.416666666666667,4.683333333333334,5.766666666666667,1.3166666666666669,6.016666666666667,4.0,6.55,4.35,5.816666666666666,48.733333333333334,26.733333333333334,81.28333333333332,0.11959287531806614,0.6701570680628273
tonje-udengen-storvik,HYROX DOUBLES MIXED,16-24,,Oslo,2026,6.55,4.6,5.633333333333334,1.75,6.183333333333334,3.4,5.866666666666666,3.1666666666666665,6.033333333333333,4.833333333333333,5.983333333333333,1.6,5.783333333333333,3.6666666666666665,7.116666666666666,4.6,4.883333333333334,49.15,27.616666666666667,81.64999999999999,0.20843091334894603,0.5147058823529412
ida-ramsberg,HYROX DOUBLES MIXED,35-39,,Oslo,2026,6.1,4.166666666666667,5.466666666666667,2.066666666666667,5.716666666666667,3.75,5.816666666666666,3.716666666666667,6.133333333333334,4.616666666666666,5.983333333333333,1.7333333333333334,5.916666666666667,4.116666666666666,7.0,4.533333333333333,5.066666666666666,48.133333333333326,28.700000000000003,81.89999999999998,0.21904761904761902,0.5511111111111112
christina-thu-quach,HYROX DOUBLES MIXED,25-29,,Oslo,2026,5.833333333333333,4.45,5.433333333333334,2.466666666666667,5.716666666666667,4.016666666666667,5.716666666666667,3.0,6.033333333333333,5.05,5.883333333333334,2.066666666666667,5.866666666666666,4.516666666666667,6.7,4.966666666666667,4.666666666666667,47.18333333333334,30.53333333333333,82.38333333333334,0.1890547263681592,0.6141078838174274
marko-saric,HYROX DOUBLES MIXED,16-24,,Oslo,2026,6.183333333333334,4.25,5.483333333333333,2.1666666666666665,5.65,3.9166666666666665,5.783333333333333,4.266666666666667,5.9,4.85,5.8,1.7666666666666666,5.9,3.1333333333333333,6.816666666666666,4.4,6.266666666666667,47.516666666666666,28.749999999999993,82.53333333333333,0.19559902200488993,0.5531914893617021
line-persson-lorentzen,HYROX DOUBLES MIXED,25-29,,Oslo,2026,6.183333333333334,4.2,5.433333333333334,2.2333333333333334,5.566666666666666,3.983333333333333,5.633333333333334,3.85,5.933333333333334,4.833333333333333,5.966666666666667,1.8333333333333333,6.15,3.433333333333333,7.116666666666666,5.816666666666666,4.7,47.983333333333334,30.18333333333333,82.86666666666667,0.23653395784543318,0.5606694560669456
tonje-naas,HYROX DOUBLES MIXED,40-44,,Oslo,2026,6.45,4.2,5.983333333333333,2.0166666666666666,6.1,4.366666666666666,6.033333333333333,3.066666666666667,6.466666666666667,4.7,6.066666666666666,1.5666666666666669,5.883333333333334,3.65,7.283333333333333,4.366666666666666,4.883333333333334,50.26666666666666,27.93333333333333,83.08333333333333,0.1922196796338672,0.46183206106870234
lena-karlsson,HYROX DOUBLES MIXED,40-44,,Oslo,2026,6.066666666666666,4.483333333333333,5.483333333333333,2.2333333333333334,5.866666666666666,3.65,5.883333333333334,4.05,6.016666666666667,5.15,6.116666666666666,1.8833333333333333,6.1,4.35,7.133333333333334,4.5,4.45,48.666666666666664,30.300000000000004,83.41666666666667,0.2313084112149533,0.6118721461187215
tom-henning-larsen,HYROX DOUBLES MIXED,35-39,,Oslo,2026,5.7,4.283333333333333,5.566666666666666,2.216666666666667,5.816666666666666,4.016666666666667,6.0,3.95,6.1,4.966666666666667,5.95,1.7166666666666666,6.083333333333333,4.316666666666666,7.183333333333334,5.233333333333333,4.666666666666667,48.400000000000006,30.699999999999996,83.76666666666668,0.2250580046403713,0.5518672199170125
andreas-sandgren,HYROX DOUBLES MIXED,30-34,,Oslo,2026,5.683333333333334,4.116666666666666,5.333333333333333,2.25,5.583333333333333,3.716666666666667,6.166666666666667,4.166666666666667,5.533333333333333,4.816666666666666,6.066666666666666,1.8666666666666667,6.0,4.266666666666667,7.166666666666667,6.333333333333333,5.15,47.533333333333324,31.53333333333333,84.21666666666665,0.25581395348837216,0.6053811659192825
ellinor-saernklint,HYROX DOUBLES MIXED,40-44,,Oslo,2026,6.55,4.666666666666667,5.75,2.15,5.95,4.083333333333333,5.65,3.533333333333333,5.966666666666667,4.783333333333333,6.083333333333333,1.9,6.366666666666666,4.2,7.166666666666667,4.583333333333333,5.133333333333334,49.483333333333334,29.899999999999995,84.51666666666668,0.21162790697674416,0.5265306122448979
eirik-oiseth-blikaas,HYROX DOUBLES MIXED,16-24,,Oslo,2026,6.333333333333333,4.183333333333334,5.966666666666667,2.0166666666666666,6.25,3.583333333333333,6.3,3.183333333333333,6.2,4.833333333333333,6.283333333333333,1.7833333333333334,6.133333333333334,4.533333333333333,6.733333333333333,5.2,5.8,50.2,29.316666666666666,85.31666666666666,0.11386138613861385,0.5627906976744186
anja-stoback-bjorsvik,HYROX DOUBLES MIXED,45-49,,Oslo,2026,6.3,4.616666666666666,5.75,2.183333333333333,5.933333333333334,3.85,6.0,3.2666666666666666,6.2,4.85,6.05,2.083333333333333,6.116666666666666,4.366666666666666,7.666666666666667,4.233333333333333,6.2,50.016666666666666,29.45,85.66666666666666,0.25000000000000006,0.567099567099567
renate-bolland,HYROX DOUBLES MIXED,50-54,,Oslo,2026,6.383333333333334,4.583333333333333,5.866666666666666,2.283333333333333,5.866666666666666,3.466666666666667,5.866666666666666,4.483333333333333,6.183333333333334,4.833333333333333,6.133333333333334,1.7166666666666666,5.983333333333333,4.666666666666667,7.0,5.516666666666667,5.283333333333333,49.28333333333334,31.549999999999997,86.11666666666667,0.16190476190476197,0.6586538461538461
erika-faero-hojgaard,HYROX DOUBLES MIXED,25-29,,Oslo,2026,6.4,4.716666666666667,6.0,2.216666666666667,6.183333333333334,3.5166666666666666,5.933333333333334,4.266666666666667,6.283333333333333,4.933333333333334,5.883333333333334,1.9166666666666667,6.266666666666667,4.433333333333334,7.333333333333333,4.816666666666666,5.283333333333333,50.28333333333334,30.816666666666666,86.38333333333335,0.19772727272727264,0.6303317535545024
sandra-nedgarden,HYROX DOUBLES MIXED,30-34,,Oslo,2026,6.45,4.483333333333333,6.233333333333333,2.25,6.516666666666667,4.533333333333333,6.05,3.65,6.116666666666666,5.083333333333333,5.883333333333334,2.1333333333333333,5.9,4.416666666666667,7.016666666666667,4.583333333333333,5.483333333333333,50.166666666666664,31.133333333333333,86.78333333333333,0.1615201900237529,0.4963235294117647
kim-landstad-hindenes,HYROX DOUBLES MIXED,16-24,,Oslo,2026,6.933333333333334,4.133333333333334,6.116666666666666,1.9833333333333332,6.316666666666666,3.216666666666667,6.45,3.45,6.566666666666666,4.45,6.683333333333334,2.4,6.85,4.316666666666666,8.05,4.533333333333333,4.583333333333333,53.96666666666667,28.483333333333334,87.03333333333333,0.2401656314699794,0.616580310880829
anne-solveig-nesheim,HYROX DOUBLES MIXED,40-44,,Oslo,2026,5.65,4.483333333333333,5.15,2.4166666666666665,6.05,4.3,5.45,5.733333333333333,5.516666666666667,5.55,5.5,1.9,5.483333333333333,4.716666666666667,6.483333333333333,5.566666666666666,7.483333333333333,45.28333333333333,34.66666666666667,87.43333333333334,0.20565552699228787,0.562015503875969
veronica-stokland,HYROX DOUBLES MIXED,35-39,,Oslo,2026,6.4,3.933333333333333,8.25,2.466666666666667,6.666666666666667,3.4833333333333334,5.75,3.7666666666666666,6.1,4.75,5.9,1.7,5.683333333333334,4.1,7.316666666666666,5.15,6.783333333333333,52.06666666666666,29.349999999999994,88.2,0.31111111111111106,0.7081339712918661
jonas-haugane,HYROX DOUBLES MIXED,30-34,,Oslo,2026,6.533333333333333,4.183333333333334,5.516666666666667,1.9166666666666667,6.05,3.816666666666667,6.083333333333333,5.033333333333333,6.266666666666667,4.533333333333333,6.183333333333334,2.316666666666667,5.933333333333334,4.033333333333333,7.133333333333334,5.0,8.166666666666666,49.699999999999996,30.833333333333336,88.69999999999999,0.22663551401869164,0.5021834061135371
fredrik-breda,HYROX DOUBLES MIXED,30-34,,Oslo,2026,6.1,4.5,5.183333333333334,2.316666666666667,5.85,4.166666666666667,5.566666666666666,3.966666666666667,6.283333333333333,4.933333333333334,6.066666666666666,2.1333333333333333,6.05,3.933333333333333,11.3,4.466666666666667,6.4,52.39999999999999,30.416666666666664,89.21666666666668,0.5412979351032449,0.556
hannah-karling-hulthen,HYROX DOUBLES MIXED,30-34,,Oslo,2026,6.183333333333334,4.233333333333333,5.783333333333333,2.583333333333333,6.133333333333334,4.166666666666667,6.266666666666667,5.066666666666666,6.366666666666666,5.183333333333334,6.316666666666666,1.7,6.483333333333333,4.316666666666666,7.816666666666666,5.4,5.733333333333333,51.349999999999994,32.65,89.73333333333333,0.2601279317697228,0.6199999999999999
arvid-yttervik,HYROX DOUBLES MIXED,40-44,,Oslo,2026,7.566666666666666,4.6,6.283333333333333,2.1,6.416666666666667,3.95,6.066666666666666,4.1,6.133333333333334,4.833333333333333,5.916666666666667,1.75,6.033333333333333,4.516666666666667,7.383333333333334,7.066666666666666,5.783333333333333,51.8,32.916666666666664,90.49999999999999,0.21806167400881052,0.5316455696202531
kjersti-makholm-fimreite,HYROX DOUBLES MIXED,35-39,,Oslo,2026,6.983333333333333,4.233333333333333,5.816666666666666,3.1666666666666665,6.25,4.066666666666666,6.333333333333333,4.15,6.266666666666667,5.116666666666666,6.316666666666666,1.8666666666666667,6.433333333333334,5.083333333333333,7.866666666666666,5.366666666666666,5.666666666666667,52.26666666666667,33.05,90.98333333333332,0.260593220338983,0.7786885245901639
ashild-engesmo,HYROX DOUBLES MIXED,30-34,,Oslo,2026,5.95,3.9166666666666665,7.933333333333334,2.183333333333333,7.75,2.3666666666666667,7.616666666666666,3.3,8.166666666666666,4.183333333333334,7.383333333333334,1.8333333333333333,7.916666666666667,3.4,8.683333333333334,4.3,4.633333333333334,61.39999999999999,25.48333333333333,91.51666666666667,0.31477927063339733,0.9225352112676055
heidi-hermansen-refsdal,HYROX DOUBLES MIXED,16-24,,Oslo,2026,6.083333333333333,4.533333333333333,8.366666666666667,2.683333333333333,5.733333333333333,3.883333333333333,5.95,4.216666666666667,6.066666666666666,5.1,5.883333333333334,2.216666666666667,6.1,5.116666666666666,7.433333333333334,6.516666666666667,6.133333333333334,51.616666666666674,34.266666666666666,92.01666666666667,0.31474103585657376,0.6909871244635194
lars-olof-moilanen,HYROX DOUBLES MIXED,35-39,,Oslo,2026,7.216666666666667,4.583333333333333,6.116666666666666,1.8,6.45,4.05,6.6,4.216666666666667,6.766666666666667,5.266666666666667,6.733333333333333,2.0,6.65,3.7666666666666666,8.233333333333333,5.966666666666667,6.05,54.766666666666666,31.65,92.46666666666667,0.25708502024291496,0.4444444444444445
christoph-bachmann,HYROX DOUBLES MIXED,30-34,,Oslo,2026,7.466666666666667,4.766666666666667,6.666666666666667,2.333333333333333,6.666666666666667,3.75,6.833333333333333,4.7,7.2,4.55,6.85,1.5666666666666669,7.166666666666667,4.466666666666667,8.666666666666666,4.516666666666667,4.8,57.516666666666666,30.65,92.96666666666665,0.23076923076923067,0.6222222222222221
jan-erlend-jansen,HYROX DOUBLES MIXED,25-29,,Oslo,2026,5.5,4.066666666666666,7.383333333333334,2.1333333333333333,7.45,2.9833333333333334,7.733333333333333,3.35,11.4,4.366666666666666,8.666666666666666,1.6833333333333331,8.1,3.333333333333333,6.75,3.8666666666666663,4.833333333333333,62.983333333333334,25.78333333333333,93.59999999999998,0.5175438596491229,0.7150837988826816
marianne-werstad,HYROX DOUBLES MIXED,45-49,,Oslo,2026,7.05,4.433333333333334,6.216666666666667,2.316666666666667,6.366666666666666,4.133333333333334,6.35,4.966666666666667,6.533333333333333,4.9,6.433333333333334,2.216666666666667,6.633333333333334,3.8333333333333335,11.633333333333333,4.35,5.816666666666666,57.21666666666667,31.15,94.18333333333334,0.46561604584527216,0.5604838709677419
morten-larsen,HYROX DOUBLES MIXED,35-39,,Oslo,2026,6.166666666666667,4.683333333333334,5.55,2.5166666666666666,5.933333333333334,4.166666666666667,6.1,7.183333333333334,7.016666666666667,5.416666666666667,6.35,1.7833333333333334,6.383333333333334,5.65,7.783333333333333,6.75,5.516666666666667,51.28333333333333,38.150000000000006,94.95,0.28693790149892934,0.604
nazli-kerbelai,HYROX DOUBLES MIXED,40-44,,Oslo,2026,6.733333333333333,4.633333333333334,5.983333333333333,3.3,6.333333333333333,4.816666666666666,6.166666666666667,6.2,6.866666666666666,5.416666666666667,6.466666666666667,1.9333333333333331,6.366666666666666,4.816666666666666,8.466666666666667,5.933333333333334,5.95,53.38333333333334,37.05,96.38333333333335,0.2933070866141732,0.6851211072664359
line-aronius,HYROX DOUBLES MIXED,35-39,,Oslo,2026,6.566666666666666,4.55,6.116666666666666,2.5166666666666666,6.566666666666666,4.75,6.65,3.733333333333333,6.616666666666666,5.183333333333334,6.483333333333333,1.7,6.5,4.666666666666667,7.933333333333334,6.4,10.283333333333331,53.43333333333334,33.5,97.21666666666668,0.22899159663865554,0.5298245614035088
madeleine-jahr,HYROX DOUBLES MIXED,35-39,,Oslo,2026,7.416666666666667,4.316666666666666,6.883333333333334,1.9,7.433333333333334,3.2333333333333334,7.383333333333334,4.5,7.716666666666667,4.833333333333333,7.8,2.316666666666667,7.85,4.966666666666667,9.45,4.316666666666666,6.1,61.93333333333334,30.38333333333333,98.41666666666666,0.2716049382716048,0.5876288659793814
svein-ivar-fagernes,HYROX DOUBLES MIXED,55-59,,Oslo,2026,6.516666666666667,4.283333333333333,5.733333333333333,2.283333333333333,5.933333333333334,3.4166666666666665,6.466666666666667,4.4,8.1,4.9,6.516666666666667,2.3,10.566666666666666,4.7,12.066666666666666,6.15,5.15,61.89999999999999,32.43333333333333,99.48333333333335,0.5248618784530387,0.6682926829268293
karoline-nilsen-alstad,HYROX DOUBLES MIXED,25-29,,Oslo,2026,6.55,4.55,7.25,2.716666666666667,6.483333333333333,4.466666666666667,6.7,6.183333333333334,6.7,5.583333333333333,6.85,1.9,6.883333333333334,4.433333333333334,9.416666666666666,8.266666666666667,5.9,56.833333333333336,38.1,100.83333333333334,0.311504424778761,0.6082089552238806
lene-holst,HYROX DOUBLES MIXED,50-54,,Oslo,2026,7.25,4.6,6.466666666666667,2.4833333333333334,6.85,4.4,6.85,5.45,7.216666666666667,5.35,6.883333333333334,2.183333333333333,7.383333333333334,5.2,9.166666666666666,7.716666666666667,6.4,58.06666666666666,37.38333333333333,101.85000000000001,0.2945454545454545,0.5643939393939393
nick-jansen,HYROX DOUBLES MIXED,45-49,,Oslo,2026,7.466666666666667,4.683333333333334,7.066666666666666,1.9,7.4,3.816666666666667,7.183333333333334,5.283333333333333,7.483333333333333,4.966666666666667,7.2,1.9833333333333332,7.266666666666667,6.666666666666667,8.516666666666667,6.433333333333334,7.45,59.583333333333336,35.733333333333334,102.76666666666668,0.17025440313111556,0.4978165938864628
malin-havneras-hellesoy,HYROX DOUBLES MIXED,35-39,,Oslo,2026,6.733333333333333,4.55,6.316666666666666,2.3666666666666667,6.616666666666666,4.5,7.1,5.433333333333334,7.166666666666667,5.266666666666667,7.0,1.95,7.15,6.566666666666666,8.6,11.05,6.933333333333334,56.68333333333333,41.68333333333334,105.3,0.2655038759689922,0.5259259259259259
christoffer-sundby-nerheim,HYROX DOUBLES MIXED,35-39,,Oslo,2026,8.883333333333333,4.183333333333334,7.983333333333333,2.05,8.283333333333333,3.3666666666666667,8.2,5.9,8.55,5.283333333333333,8.516666666666667,2.183333333333333,8.733333333333333,5.5,10.65,4.9,7.15,69.8,33.36666666666667,110.31666666666668,0.25039123630672927,0.6089108910891089
magnus-williamson,HYROX DOUBLES MIXED,45-49,,Oslo,2026,6.966666666666667,4.333333333333333,8.166666666666666,1.7333333333333334,9.65,3.3,9.466666666666669,6.083333333333333,9.366666666666667,4.533333333333333,9.4,2.083333333333333,9.4,5.75,11.1,5.866666666666666,6.25,73.51666666666667,33.68333333333333,113.44999999999997,0.37237237237237236,0.5252525252525253
shena-willis,HYROX DOUBLES MIXED,35-39,,Oslo,2026,4.9,4.266666666666667,25.433333333333334,1.8,19.25,2.95,10.666666666666666,2.95,8.766666666666667,3.8666666666666663,8.383333333333333,1.4833333333333334,8.633333333333333,2.966666666666667,7.133333333333334,4.733333333333333,4.2,93.16666666666667,25.016666666666666,122.38333333333334,0.8073394495412843,0.6101694915254237
beomseok-hong,HYROX DOUBLES MIXED,30-34,,Seoul,2025,2.9,3.883333333333333,3.783333333333333,1.6833333333333331,3.9166666666666665,3.333333333333333,3.8666666666666663,1.8666666666666667,3.983333333333333,4.216666666666667,3.883333333333333,1.5166666666666666,4.15,2.5166666666666666,4.3,3.2,3.9166666666666665,30.783333333333335,22.216666666666665,56.91666666666667,0.3255813953488372,0.505
seunghun-lee,HYROX DOUBLES MIXED,30-34,,Seoul,2025,3.05,3.9,3.966666666666667,1.8,4.266666666666667,3.95,4.183333333333334,2.4,4.316666666666666,4.333333333333333,4.216666666666667,1.7333333333333334,4.5,2.933333333333333,4.45,3.433333333333333,5.15,32.95,24.483333333333334,62.58333333333333,0.32222222222222224,0.45569620253164556
jahun-seo,HYROX DOUBLES MIXED,25-29,,Seoul,2025,3.45,3.966666666666667,4.783333333333333,1.5333333333333334,5.033333333333333,3.1333333333333333,4.966666666666667,1.65,5.066666666666666,4.066666666666666,5.066666666666666,1.6666666666666667,5.116666666666666,2.55,5.283333333333333,3.4,4.7,38.766666666666666,21.966666666666665,65.43333333333332,0.34700315457413244,0.4893617021276596
yongju-gim,HYROX DOUBLES MIXED,30-34,,Seoul,2025,3.8666666666666663,3.9166666666666665,4.55,1.7,4.8,3.75,4.8,2.566666666666667,4.933333333333334,4.116666666666666,4.883333333333334,1.8833333333333333,5.05,3.15,4.916666666666667,3.75,4.766666666666667,37.8,24.833333333333332,67.4,0.23432343234323438,0.4533333333333333
moram-gim,HYROX DOUBLES MIXED,30-34,,Seoul,2025,3.883333333333333,4.25,4.8,1.9,4.933333333333334,4.066666666666666,4.883333333333334,2.1333333333333333,4.833333333333333,4.5,4.85,1.85,4.716666666666667,3.5166666666666666,5.416666666666667,3.6,5.1,38.31666666666666,25.81666666666667,69.23333333333332,0.2830769230769232,0.4672131147540984
jangweon-coe,HYROX DOUBLES MIXED,25-29,,Seoul,2025,3.966666666666667,4.316666666666666,4.666666666666667,2.0166666666666666,4.6,4.116666666666666,4.716666666666667,3.933333333333333,4.583333333333333,4.233333333333333,4.533333333333333,1.3833333333333333,4.516666666666667,3.083333333333333,5.016666666666667,5.2,5.466666666666667,36.599999999999994,28.28333333333333,70.35,0.2093023255813953,0.4898785425101215
canhyi-na,HYROX DOUBLES MIXED,25-29,,Seoul,2025,3.783333333333333,4.1,4.833333333333333,1.8833333333333333,5.266666666666667,4.166666666666667,5.5,2.066666666666667,5.366666666666666,4.733333333333333,5.233333333333333,1.7333333333333334,5.066666666666666,3.1666666666666665,5.566666666666666,4.3,5.116666666666666,40.61666666666666,26.150000000000002,71.88333333333333,0.3203592814371257,0.45199999999999996
sewon-kim,HYROX DOUBLES MIXED,40-44,,Seoul,2025,3.933333333333333,4.283333333333333,4.916666666666667,1.4166666666666667,5.066666666666666,3.8,5.233333333333333,3.15,5.266666666666667,4.783333333333333,5.133333333333334,1.8166666666666669,5.283333333333333,3.6666666666666665,5.716666666666667,3.95,5.466666666666667,40.55,26.866666666666667,72.88333333333333,0.31195335276967934,0.3728070175438597
jamie-daly,HYROX DOUBLES MIXED,25-29,,Seoul,2025,3.716666666666667,4.033333333333333,5.083333333333333,1.4833333333333334,5.283333333333333,3.1333333333333333,5.55,2.966666666666667,5.683333333333334,4.3,5.333333333333333,1.7,5.383333333333334,5.633333333333334,5.633333333333334,3.3833333333333333,5.45,41.666666666666664,26.633333333333333,73.75000000000001,0.3460410557184751,0.473404255319149
sehyi-im,HYROX DOUBLES MIXED,35-39,,Seoul,2025,3.883333333333333,4.166666666666667,5.0,1.4833333333333334,5.3,4.016666666666667,5.316666666666666,3.0,5.5,4.333333333333333,5.633333333333334,1.75,5.5,4.033333333333333,5.966666666666667,4.1,5.816666666666666,42.1,26.883333333333333,74.8,0.34916201117318446,0.36929460580912865
hyeonji-i,HYROX DOUBLES MIXED,25-29,,Seoul,2025,3.85,4.066666666666666,5.183333333333334,2.15,5.383333333333334,4.2,5.333333333333333,2.716666666666667,5.35,4.666666666666667,5.316666666666666,1.8,5.4,3.583333333333333,5.783333333333333,5.05,6.25,41.6,28.233333333333334,76.08333333333333,0.33429394812680113,0.5119047619047619
sangweon-roh,HYROX DOUBLES MIXED,35-39,,Seoul,2025,3.716666666666667,4.233333333333333,5.05,2.533333333333333,5.4,5.116666666666666,5.55,2.8833333333333333,5.45,4.733333333333333,5.383333333333334,1.9,5.45,3.466666666666667,5.983333333333333,3.8,5.866666666666666,41.983333333333334,28.666666666666668,76.51666666666665,0.3788300835654596,0.495114006514658
hyelee-jang,HYROX DOUBLES MIXED,30-34,,Seoul,2025,3.6666666666666665,3.75,4.85,1.6666666666666667,5.233333333333333,4.083333333333333,5.116666666666666,3.0166666666666666,5.266666666666667,4.733333333333333,5.666666666666667,2.1166666666666667,7.083333333333333,3.816666666666667,6.883333333333334,4.716666666666667,5.45,43.766666666666666,27.9,77.11666666666667,0.4823529411764706,0.4081632653061225
eunhyo-lee,HYROX DOUBLES MIXED,30-34,,Seoul,2025,4.2,4.083333333333333,5.483333333333333,1.7833333333333334,5.55,4.216666666666667,5.583333333333333,2.783333333333333,5.866666666666666,4.583333333333333,5.65,1.7666666666666666,5.933333333333334,3.45,7.033333333333333,4.15,5.616666666666666,45.3,26.816666666666663,77.73333333333333,0.40284360189573454,0.42292490118577075
chaeyoung-lee,HYROX DOUBLES MIXED,35-39,,Seoul,2025,3.733333333333333,4.133333333333334,5.083333333333333,2.1166666666666667,5.416666666666667,4.516666666666667,5.6,2.55,5.75,4.55,5.6,1.7666666666666666,5.783333333333333,3.983333333333333,6.516666666666667,4.733333333333333,6.3,43.483333333333334,28.35,78.13333333333333,0.4271099744245525,0.4686346863468635
yunbin-jo,HYROX DOUBLES MIXED,25-29,,Seoul,2025,4.516666666666667,4.266666666666667,5.95,1.9833333333333332,6.2,3.883333333333333,6.266666666666667,1.7,6.266666666666667,4.45,6.383333333333334,1.6166666666666667,6.666666666666667,2.85,6.5,3.7666666666666666,5.783333333333333,48.75,24.516666666666666,79.04999999999998,0.32250000000000006,0.5107296137339056
doha-i,HYROX DOUBLES MIXED,25-29,,Seoul,2025,4.15,4.216666666666667,5.15,1.8166666666666669,5.233333333333333,4.483333333333333,5.516666666666667,2.55,6.283333333333333,4.716666666666667,5.9,2.083333333333333,6.05,3.633333333333333,7.216666666666667,3.966666666666667,6.866666666666666,45.5,27.46666666666666,79.83333333333333,0.4249422632794457,0.4052044609665428
youngjo-kwak,HYROX DOUBLES MIXED,25-29,,Seoul,2025,3.55,4.266666666666667,4.95,1.6833333333333331,5.616666666666666,4.483333333333333,5.6,3.933333333333333,5.783333333333333,4.616666666666666,5.833333333333333,1.8166666666666669,5.65,1.9166666666666667,6.5,4.016666666666667,10.466666666666669,43.483333333333334,26.733333333333334,80.68333333333334,0.4538461538461539,0.3754646840148698
dabin-gim,HYROX DOUBLES MIXED,25-29,,Seoul,2025,3.816666666666667,4.166666666666667,5.45,2.033333333333333,6.683333333333334,4.55,6.083333333333333,2.5,6.116666666666666,4.533333333333333,6.55,1.6666666666666667,6.716666666666667,3.216666666666667,6.816666666666666,4.85,6.15,48.233333333333334,27.516666666666666,81.9,0.4400977995110024,0.44688644688644685
ok-young-do,HYROX DOUBLES MIXED,40-44,,Seoul,2025,4.683333333333334,4.65,5.766666666666667,1.5,5.983333333333333,3.733333333333333,6.25,3.1,6.016666666666667,4.733333333333333,6.0,1.7,6.166666666666667,3.983333333333333,6.616666666666666,4.983333333333333,6.733333333333333,47.483333333333334,28.383333333333333,82.60000000000001,0.2921914357682619,0.4017857142857143
sungeun-jo,HYROX DOUBLES MIXED,40-44,,Seoul,2025,3.816666666666667,4.1,5.516666666666667,1.8666666666666667,5.766666666666667,3.8333333333333335,5.766666666666667,3.216666666666667,5.933333333333334,5.266666666666667,5.916666666666667,1.9833333333333332,8.633333333333333,2.933333333333333,6.766666666666667,4.6,7.233333333333333,48.11666666666667,27.800000000000004,83.15,0.5579150579150579,0.4869565217391304
juho-song,HYROX DOUBLES MIXED,25-29,,Seoul,2025,4.283333333333333,4.666666666666667,5.616666666666666,1.7333333333333334,6.166666666666667,5.216666666666667,6.25,2.833333333333333,6.466666666666667,4.95,6.183333333333334,2.0166666666666666,6.116666666666666,2.083333333333333,6.35,4.2,8.483333333333333,47.43333333333334,27.699999999999996,83.61666666666667,0.33762886597938147,0.33226837060702874
tyler-haedrich,HYROX DOUBLES MIXED,35-39,,Seoul,2025,4.766666666666667,4.516666666666667,6.3,2.216666666666667,6.333333333333333,3.783333333333333,6.616666666666666,2.6666666666666665,6.766666666666667,4.533333333333333,6.583333333333333,2.033333333333333,6.5,3.35,6.866666666666666,4.35,6.416666666666667,50.733333333333334,27.450000000000003,84.6,0.3058252427184466,0.5859030837004405
ujeong-i,HYROX DOUBLES MIXED,25-29,,Seoul,2025,4.35,4.166666666666667,5.766666666666667,1.65,6.316666666666666,4.933333333333334,6.05,4.683333333333334,6.283333333333333,4.733333333333333,5.983333333333333,1.8333333333333333,6.1,4.466666666666667,7.1,4.116666666666666,7.133333333333334,47.95,30.583333333333336,85.66666666666667,0.38732394366197187,0.33445945945945943
jihye-an,HYROX DOUBLES MIXED,35-39,,Seoul,2025,3.8333333333333335,4.533333333333333,5.5,2.1166666666666667,6.433333333333334,4.7,7.15,3.083333333333333,6.2,4.95,6.966666666666667,1.85,6.783333333333333,2.0166666666666666,6.933333333333334,4.3,9.066666666666666,49.8,27.55,86.41666666666666,0.46386946386946387,0.450354609929078
michelle-que,HYROX DOUBLES MIXED,45-49,,Seoul,2025,4.4,4.683333333333334,5.816666666666666,2.2333333333333334,6.033333333333333,4.9,6.216666666666667,3.583333333333333,6.15,4.8,6.133333333333334,2.1666666666666665,6.25,4.433333333333334,7.583333333333333,4.6,7.766666666666667,48.583333333333336,31.4,87.75,0.41978021978021973,0.4557823129251701
hyeongrae-no,HYROX DOUBLES MIXED,35-39,,Seoul,2025,4.1,4.5,5.25,2.15,5.716666666666667,5.25,7.6,4.233333333333333,5.683333333333334,5.633333333333334,5.933333333333334,2.1333333333333333,6.15,4.183333333333334,8.383333333333333,4.466666666666667,7.25,48.81666666666666,32.55,88.61666666666667,0.510934393638171,0.4095238095238095
wontaek-lee,HYROX DOUBLES MIXED,25-29,,Seoul,2025,4.9,4.65,6.15,2.8833333333333333,5.95,5.95,6.083333333333333,3.333333333333333,6.25,5.05,6.1,1.9833333333333332,6.283333333333333,4.816666666666666,6.933333333333334,4.65,7.316666666666666,48.64999999999999,33.31666666666667,89.28333333333332,0.2932692307692307,0.484593837535014
toh-lee-ling,HYROX DOUBLES MIXED,35-39,,Seoul,2025,4.616666666666666,4.75,5.916666666666667,2.3,6.166666666666667,5.916666666666667,6.283333333333333,4.116666666666666,6.383333333333334,5.033333333333333,6.383333333333334,2.0166666666666666,6.133333333333334,5.283333333333333,6.7,4.133333333333334,8.166666666666666,48.583333333333336,33.55,90.3,0.3109452736318409,0.3887323943661971
jeonga-gweon,HYROX DOUBLES MIXED,30-34,,Seoul,2025,4.25,4.316666666666666,5.533333333333333,1.8666666666666667,6.183333333333334,5.383333333333334,7.2,3.6166666666666663,7.05,4.683333333333334,6.883333333333334,1.6333333333333333,6.983333333333333,4.083333333333333,7.583333333333333,5.3,8.65,51.66666666666667,30.883333333333333,91.2,0.43956043956043955,0.3467492260061919
seungju-i,HYROX DOUBLES MIXED,40-44,,Seoul,2025,4.733333333333333,4.383333333333334,5.983333333333333,2.1333333333333333,6.05,5.716666666666667,6.15,3.8333333333333335,6.233333333333333,5.066666666666666,6.383333333333334,2.05,6.983333333333333,2.6666666666666665,7.85,4.483333333333333,10.983333333333333,50.36666666666667,30.333333333333336,91.68333333333334,0.39702760084925687,0.37317784256559766
sean-nicolas-ang,HYROX DOUBLES MIXED,30-34,,Seoul,2025,5.033333333333333,4.483333333333333,6.083333333333333,2.9166666666666665,6.233333333333333,5.583333333333333,6.116666666666666,4.033333333333333,6.15,4.85,6.1,2.466666666666667,6.683333333333334,2.816666666666667,7.25,4.783333333333333,11.783333333333331,49.650000000000006,31.933333333333337,93.36666666666666,0.30574712643678165,0.5223880597014925
karl-sotingco,HYROX DOUBLES MIXED,25-29,,Seoul,2025,5.083333333333333,5.116666666666666,6.633333333333334,1.85,7.4,4.933333333333334,7.033333333333333,4.15,6.95,4.95,7.166666666666667,2.083333333333333,7.683333333333334,5.366666666666666,7.133333333333334,4.266666666666667,7.966666666666667,55.083333333333336,32.71666666666667,95.76666666666667,0.33839479392624733,0.375
hyeonseog-coe,HYROX DOUBLES MIXED,35-39,,Seoul,2025,5.416666666666667,4.483333333333333,7.266666666666667,1.6,7.6,4.116666666666666,7.866666666666666,2.316666666666667,7.85,4.916666666666667,8.066666666666666,2.1,8.933333333333334,3.283333333333333,9.166666666666666,3.783333333333333,9.4,62.166666666666664,26.6,98.16666666666664,0.409090909090909,0.3886639676113361
emeline-xu,HYROX DOUBLES MIXED,25-29,,Seoul,2025,4.733333333333333,4.916666666666667,6.45,2.216666666666667,7.366666666666666,3.1,7.0,3.583333333333333,7.183333333333334,5.383333333333334,7.55,2.683333333333333,7.7,5.383333333333334,12.95,5.2,8.433333333333334,60.93333333333334,32.46666666666667,101.83333333333336,0.6344916344916344,0.7150537634408602
john-andrew-sha,HYROX DOUBLES MIXED,35-39,,Seoul,2025,5.6,4.95,7.516666666666667,2.1666666666666665,7.9,4.516666666666667,7.683333333333334,3.683333333333333,7.983333333333333,4.833333333333333,7.783333333333333,2.333333333333333,8.566666666666666,4.316666666666666,13.25,5.033333333333333,9.266666666666667,66.28333333333333,31.83333333333333,107.38333333333333,0.5773584905660377,0.4797047970479705
seongjun-jeon,HYROX DOUBLES MIXED,40-44,,Seoul,2025,5.4,5.233333333333333,6.95,2.183333333333333,7.316666666666666,6.5,7.416666666666667,4.366666666666666,7.583333333333333,5.383333333333334,8.383333333333333,2.3833333333333333,8.4,5.25,9.983333333333333,7.566666666666666,12.066666666666666,61.43333333333334,38.86666666666666,112.36666666666667,0.4590984974958263,0.33589743589743587
minah-kang,HYROX DOUBLES MIXED,25-29,,Seoul,2025,5.133333333333334,4.5,6.833333333333333,2.083333333333333,7.65,5.0,7.116666666666666,3.1,8.866666666666667,5.216666666666667,8.516666666666667,2.1,8.766666666666667,4.433333333333334,21.85,8.266666666666667,9.95,74.73333333333333,34.7,119.38333333333333,0.7650648360030512,0.41666666666666663
ollie-russell,HYROX DOUBLES MIXED,25-29,,Stockholm,2025,3.283333333333333,3.633333333333333,3.35,1.4333333333333331,3.466666666666667,2.4,3.6,2.4166666666666665,3.55,3.75,3.6666666666666665,1.2833333333333334,3.583333333333333,2.083333333333333,3.716666666666667,3.4,4.333333333333333,28.21666666666667,20.4,52.949999999999996,0.11659192825112114,0.5972222222222222
dag-blandkjenn,HYROX DOUBLES MIXED,25-29,,Stockholm,2025,3.55,3.6,3.566666666666667,1.5166666666666666,3.6666666666666665,2.65,3.716666666666667,2.683333333333333,3.8,4.0,3.75,1.2333333333333334,3.85,2.75,3.983333333333333,4.066666666666666,4.7,29.883333333333336,22.5,57.08333333333333,0.10878661087866105,0.5723270440251572
william-magnusson,HYROX DOUBLES MIXED,16-24,,Stockholm,2025,3.95,3.65,4.016666666666667,1.15,4.166666666666667,2.6333333333333333,4.066666666666666,2.7666666666666666,4.066666666666666,3.983333333333333,4.116666666666666,1.2666666666666666,4.216666666666667,2.583333333333333,4.3,3.55,4.916666666666667,32.9,21.583333333333332,59.39999999999999,0.08139534883720922,0.43670886075949367
hedda-andersen,HYROX DOUBLES MIXED,16-24,,Stockholm,2025,3.75,3.7,4.066666666666666,1.5,4.233333333333333,2.75,4.25,2.3666666666666667,4.283333333333333,4.1,4.1,1.3,4.216666666666667,2.5,4.266666666666667,3.633333333333333,4.866666666666666,33.16666666666667,21.85,59.88333333333334,0.12451361867704278,0.5454545454545454
albina-ulvegren,HYROX DOUBLES MIXED,45-49,,Stockholm,2025,3.75,3.9166666666666665,4.033333333333333,1.7,4.116666666666666,2.8833333333333333,4.016666666666667,2.5,4.083333333333333,4.3,4.066666666666666,1.4166666666666667,4.166666666666667,2.816666666666667,4.383333333333334,3.3833333333333333,5.216666666666667,32.61666666666667,22.916666666666668,60.75,0.1444866920152092,0.5895953757225434
mia-back,HYROX DOUBLES MIXED,35-39,,Stockholm,2025,4.05,4.1,3.9166666666666665,1.5833333333333333,3.983333333333333,3.3833333333333333,4.016666666666667,2.2333333333333334,4.066666666666666,4.416666666666667,4.05,1.4333333333333331,4.066666666666666,2.3833333333333333,5.166666666666667,3.633333333333333,5.216666666666667,33.31666666666666,23.166666666666668,61.699999999999996,0.2419354838709678,0.46798029556650245
lars-eriksson,HYROX DOUBLES MIXED,35-39,,Stockholm,2025,4.116666666666666,3.633333333333333,4.216666666666667,1.4,4.316666666666666,2.9833333333333334,4.366666666666666,2.1666666666666665,4.35,3.983333333333333,4.316666666666666,1.3166666666666669,4.2,3.05,4.583333333333333,3.783333333333333,5.566666666666666,34.46666666666667,22.316666666666663,62.349999999999994,0.10181818181818185,0.4692737430167597
loic-warin,HYROX DOUBLES MIXED,30-34,,Stockholm,2025,4.283333333333333,3.883333333333333,4.133333333333334,1.45,4.1,2.7666666666666666,4.233333333333333,2.833333333333333,4.2,4.183333333333334,4.2,1.4,4.233333333333333,3.3,4.533333333333333,3.6666666666666665,5.566666666666666,33.916666666666664,23.483333333333334,62.966666666666654,0.0955882352941177,0.5240963855421686
joakim-wallon,HYROX DOUBLES MIXED,40-44,,Stockholm,2025,4.066666666666666,3.7666666666666666,4.133333333333334,1.55,4.35,2.716666666666667,4.4,2.65,4.516666666666667,4.183333333333334,4.383333333333334,1.3166666666666669,4.566666666666666,3.4166666666666665,4.483333333333333,3.433333333333333,5.666666666666667,34.9,23.033333333333335,63.599999999999994,0.10948905109489052,0.5705521472392638
beth-wood,HYROX DOUBLES MIXED,25-29,,Stockholm,2025,3.75,4.333333333333333,3.8666666666666663,1.9333333333333331,4.083333333333333,3.183333333333333,4.15,3.283333333333333,4.216666666666667,4.416666666666667,4.1,1.5333333333333334,4.166666666666667,3.316666666666667,4.433333333333334,4.3,5.1,32.766666666666666,26.3,64.16666666666666,0.1541353383458647,0.6073298429319371
frida-lysdal-rosenkilde,HYROX DOUBLES MIXED,25-29,,Stockholm,2025,4.316666666666666,3.9,4.316666666666666,1.6833333333333331,4.5,3.216666666666667,4.55,2.35,4.466666666666667,4.15,4.566666666666666,1.5833333333333333,4.6,2.833333333333333,4.716666666666667,3.55,5.183333333333334,36.03333333333333,23.266666666666666,64.48333333333333,0.08480565371024743,0.5233160621761658
jonas-tengerstroem,HYROX DOUBLES MIXED,40-44,,Stockholm,2025,4.366666666666666,4.1,4.266666666666667,1.4833333333333334,4.6,2.4833333333333334,4.666666666666667,2.533333333333333,4.816666666666666,4.033333333333333,4.766666666666667,1.4333333333333331,4.933333333333334,2.6166666666666667,5.283333333333333,3.4,5.516666666666667,37.699999999999996,22.083333333333332,65.3,0.19242902208201892,0.5973154362416108
jacob-liljestrand,HYROX DOUBLES MIXED,25-29,,Stockholm,2025,3.8666666666666663,3.8666666666666663,4.166666666666667,1.5166666666666666,4.5,3.1333333333333333,4.5,3.2333333333333334,4.466666666666667,4.45,4.4,1.5333333333333334,4.633333333333334,2.8,4.8,4.05,5.6,35.33333333333333,24.583333333333336,65.51666666666665,0.1944444444444445,0.48404255319148937
matthias-rivollier,HYROX DOUBLES MIXED,30-34,,Stockholm,2025,4.65,4.383333333333334,4.583333333333333,1.5833333333333333,4.8,2.6,4.833333333333333,2.7333333333333334,4.65,4.333333333333333,4.383333333333334,1.4666666666666666,4.483333333333333,2.933333333333333,4.55,3.55,5.466666666666667,36.93333333333333,23.583333333333332,65.98333333333333,0.09310344827586192,0.6089743589743589
ilkka-pekka-kiukas,HYROX DOUBLES MIXED,25-29,,Stockholm,2025,4.016666666666667,3.966666666666667,4.0,1.6,4.65,2.8666666666666667,4.466666666666667,3.15,5.1,4.35,4.816666666666666,1.4,4.733333333333333,3.066666666666667,4.633333333333334,3.5166666666666666,5.866666666666666,36.41666666666667,23.916666666666664,66.2,0.21568627450980388,0.5581395348837209
joakim-baeckstroem,HYROX DOUBLES MIXED,40-44,,Stockholm,2025,4.066666666666666,3.983333333333333,4.3,1.5166666666666666,4.533333333333333,3.183333333333333,4.566666666666666,3.333333333333333,4.666666666666667,4.233333333333333,4.566666666666666,1.5,4.533333333333333,2.8,4.733333333333333,4.466666666666667,5.5,35.96666666666667,25.016666666666666,66.48333333333333,0.14084507042253527,0.47643979057591623
filippa-adele,HYROX DOUBLES MIXED,30-34,,Stockholm,2025,3.783333333333333,4.016666666666667,4.133333333333334,1.9833333333333332,5.05,3.5,3.933333333333333,2.35,4.2,4.55,4.75,1.3333333333333333,4.85,3.2,4.433333333333334,4.466666666666667,6.266666666666667,35.133333333333326,25.4,66.8,0.2508250825082508,0.5666666666666667
isabell-ryd,HYROX DOUBLES MIXED,25-29,,Stockholm,2025,4.316666666666666,3.8333333333333335,4.45,1.7666666666666666,4.816666666666666,2.8666666666666667,4.983333333333333,2.3833333333333333,5.2,3.966666666666667,5.1,1.3166666666666669,5.133333333333334,2.75,5.033333333333333,3.583333333333333,5.516666666666667,39.03333333333333,22.466666666666665,67.01666666666668,0.16987179487179493,0.6162790697674418
anna-solskjaer,HYROX DOUBLES MIXED,25-29,,Stockholm,2025,4.066666666666666,4.016666666666667,4.15,1.6833333333333331,4.45,3.4,4.516666666666667,3.4,4.633333333333334,4.35,4.5,1.5333333333333334,4.516666666666667,3.433333333333333,4.916666666666667,3.9166666666666665,5.783333333333333,35.75,25.733333333333338,67.26666666666665,0.1728813559322035,0.49509803921568624
jessica-abacioglu,HYROX DOUBLES MIXED,35-39,,Stockholm,2025,4.25,3.85,4.316666666666666,2.1333333333333333,4.6,3.2666666666666666,4.833333333333333,1.3166666666666669,4.916666666666667,4.466666666666667,4.533333333333333,1.4,5.0,3.1166666666666667,5.066666666666666,3.55,7.133333333333334,37.516666666666666,23.1,67.75,0.16118421052631576,0.6530612244897959
amanda-eriksson,HYROX DOUBLES MIXED,40-44,,Stockholm,2025,3.933333333333333,4.183333333333334,4.15,2.05,4.383333333333334,2.8833333333333333,4.333333333333333,3.3666666666666667,4.466666666666667,4.25,4.566666666666666,1.3833333333333333,4.533333333333333,3.983333333333333,4.75,4.916666666666667,5.966666666666667,35.11666666666667,27.01666666666667,68.1,0.17192982456140354,0.7109826589595375
pernille-haughom,HYROX DOUBLES MIXED,25-29,,Stockholm,2025,4.95,3.85,4.766666666666667,1.2666666666666666,4.8,2.8833333333333333,4.85,2.6,4.933333333333334,4.083333333333333,4.866666666666666,1.0833333333333333,4.816666666666666,2.833333333333333,5.033333333333333,4.1,6.65,39.016666666666666,22.700000000000003,68.36666666666667,0.05298013245033111,0.4393063583815029
livia-fuerst,HYROX DOUBLES MIXED,35-39,,Stockholm,2025,4.766666666666667,4.033333333333333,4.666666666666667,1.6833333333333331,4.716666666666667,3.1166666666666667,4.833333333333333,2.8666666666666667,4.766666666666667,4.533333333333333,4.516666666666667,1.3833333333333333,4.616666666666666,3.8333333333333335,4.7,3.816666666666667,5.7,37.583333333333336,25.266666666666666,68.55,0.0655172413793103,0.5401069518716577
tuomas-liukkonen,HYROX DOUBLES MIXED,16-24,,Stockholm,2025,4.5,4.083333333333333,4.716666666666667,1.4666666666666666,4.833333333333333,3.033333333333333,4.766666666666667,3.1,4.783333333333333,4.15,4.783333333333333,1.7,4.833333333333333,3.3833333333333333,5.033333333333333,3.85,5.683333333333334,38.25,24.766666666666666,68.7,0.10596026490066222,0.4835164835164835
linda-hemmingson,HYROX DOUBLES MIXED,45-49,,Stockholm,2025,4.116666666666666,4.116666666666666,4.233333333333333,1.75,4.166666666666667,5.183333333333334,4.133333333333334,3.183333333333333,4.383333333333334,4.7,4.3,1.3666666666666667,4.466666666666667,3.683333333333333,4.716666666666667,4.133333333333334,6.333333333333333,34.516666666666666,28.116666666666667,68.96666666666665,0.12720848056537112,0.337620578778135
andrea-petersson,HYROX DOUBLES MIXED,25-29,,Stockholm,2025,4.716666666666667,3.966666666666667,4.716666666666667,1.3166666666666669,5.016666666666667,2.683333333333333,4.933333333333334,2.65,5.2,4.366666666666666,5.083333333333333,1.4,5.1,3.15,5.233333333333333,3.8333333333333335,5.733333333333333,40.0,23.366666666666664,69.1,0.09872611464968152,0.4906832298136647
kaja-larsen,HYROX DOUBLES MIXED,25-29,,Stockholm,2025,4.4,3.7666666666666666,4.466666666666667,1.5333333333333334,4.65,3.183333333333333,4.666666666666667,3.2333333333333334,4.883333333333334,4.566666666666666,4.7,1.5333333333333334,4.883333333333334,3.783333333333333,4.883333333333334,4.083333333333333,6.15,37.53333333333333,25.683333333333334,69.36666666666666,0.09897610921501707,0.48167539267015713
emelie-breime,HYROX DOUBLES MIXED,30-34,,Stockholm,2025,4.1,3.983333333333333,4.233333333333333,1.9166666666666667,4.466666666666667,3.6666666666666665,4.733333333333333,3.0,4.816666666666666,4.7,4.75,1.7666666666666666,4.766666666666667,3.3666666666666667,5.216666666666667,3.8,6.333333333333333,37.08333333333333,26.2,69.61666666666666,0.21405750798722054,0.5227272727272728
kasper-belka,HYROX DOUBLES MIXED,35-39,,Stockholm,2025,4.266666666666667,3.883333333333333,4.3,2.083333333333333,4.516666666666667,3.4833333333333334,4.55,3.566666666666667,4.883333333333334,4.366666666666666,4.95,1.6833333333333331,4.816666666666666,3.1666666666666665,5.133333333333334,4.35,5.833333333333333,37.416666666666664,26.583333333333336,69.83333333333333,0.16883116883116892,0.5980861244019138
lisa-hamn,HYROX DOUBLES MIXED,35-39,,Stockholm,2025,4.566666666666666,4.15,4.533333333333333,1.65,5.0,3.3,4.516666666666667,2.8666666666666667,4.566666666666666,4.2,5.1,1.5666666666666669,4.816666666666666,3.2666666666666666,4.883333333333334,4.45,6.533333333333333,37.98333333333333,25.45,69.96666666666667,0.11437908496732022,0.5
tomas-fritioff,HYROX DOUBLES MIXED,50-54,,Stockholm,2025,4.533333333333333,3.9,4.483333333333333,1.8666666666666667,4.666666666666667,2.7,4.85,3.5,4.75,4.183333333333334,4.833333333333333,1.6,4.9,3.633333333333333,5.0,4.583333333333333,6.25,38.016666666666666,25.966666666666665,70.23333333333335,0.10333333333333332,0.691358024691358
ofelia-bey-belkacem,HYROX DOUBLES MIXED,30-34,,Stockholm,2025,4.033333333333333,4.183333333333334,4.383333333333334,1.7333333333333334,4.616666666666666,2.5166666666666666,4.683333333333334,2.966666666666667,4.75,4.35,4.55,1.8333333333333333,4.533333333333333,4.216666666666667,4.733333333333333,6.633333333333334,5.8,36.28333333333334,28.43333333333333,70.51666666666668,0.15087719298245617,0.6887417218543047
cedric-bodart,HYROX DOUBLES MIXED,25-29,,Stockholm,2025,4.533333333333333,4.0,4.516666666666667,1.9333333333333331,4.65,3.7,4.533333333333333,3.066666666666667,4.683333333333334,4.866666666666666,4.7,2.083333333333333,4.833333333333333,3.083333333333333,4.983333333333333,4.166666666666667,6.333333333333333,37.43333333333334,26.9,70.66666666666667,0.0936454849498328,0.5225225225225224
lys-frederik-nack,HYROX DOUBLES MIXED,16-24,,Stockholm,2025,4.7,4.083333333333333,4.716666666666667,1.8,4.816666666666666,2.9,4.95,3.066666666666667,5.25,4.266666666666667,5.0,1.7333333333333334,5.166666666666667,3.183333333333333,5.366666666666666,3.6166666666666663,6.35,39.96666666666667,24.650000000000002,70.96666666666665,0.12422360248447195,0.6206896551724138
rasmus-tyllesen,HYROX DOUBLES MIXED,40-44,,Stockholm,2025,4.0,4.1,4.616666666666666,2.283333333333333,4.633333333333334,4.1,4.65,2.7,4.733333333333333,4.483333333333333,4.85,1.7666666666666666,4.716666666666667,3.9166666666666665,4.933333333333334,4.066666666666666,6.683333333333334,37.13333333333334,27.416666666666668,71.23333333333335,0.18918918918918923,0.556910569105691
karolin-rosen,HYROX DOUBLES MIXED,40-44,,Stockholm,2025,4.916666666666667,3.966666666666667,4.816666666666666,1.7166666666666666,5.166666666666667,2.9166666666666665,5.116666666666666,2.833333333333333,5.216666666666667,4.25,5.25,1.2833333333333334,5.333333333333333,3.05,5.6,3.7,6.433333333333334,41.41666666666667,23.71666666666667,71.56666666666668,0.13988095238095236,0.5885714285714285
hanna-timmerholm,HYROX DOUBLES MIXED,40-44,,Stockholm,2025,4.566666666666666,3.883333333333333,4.833333333333333,1.7666666666666666,4.916666666666667,3.4,4.85,3.1666666666666665,4.866666666666666,4.583333333333333,4.716666666666667,1.45,4.783333333333333,3.7666666666666666,5.1,4.533333333333333,6.666666666666667,38.63333333333333,26.549999999999997,71.85000000000001,0.1045751633986928,0.5196078431372549
emma-lindstroem,HYROX DOUBLES MIXED,35-39,,Stockholm,2025,5.133333333333334,4.1,4.866666666666666,1.5666666666666669,4.833333333333333,3.316666666666667,4.9,3.733333333333333,5.016666666666667,4.416666666666667,5.083333333333333,1.4666666666666666,5.083333333333333,3.1666666666666665,5.25,4.35,5.816666666666666,40.166666666666664,26.116666666666667,72.1,0.07936507936507942,0.4723618090452262
simon-armstrong,HYROX DOUBLES MIXED,35-39,,Stockholm,2025,4.533333333333333,3.883333333333333,4.633333333333334,1.7166666666666666,4.966666666666667,3.25,5.066666666666666,3.6,5.166666666666667,4.2,4.95,1.3,5.183333333333334,3.2,5.433333333333334,4.966666666666667,6.333333333333333,39.93333333333334,26.116666666666667,72.38333333333334,0.16564417177914117,0.5282051282051282
adam-petersson,HYROX DOUBLES MIXED,30-34,,Stockholm,2025,4.35,4.05,4.583333333333333,1.7833333333333334,4.833333333333333,3.75,4.866666666666666,3.4,5.05,4.433333333333334,4.866666666666666,1.6,5.033333333333333,3.6666666666666665,5.283333333333333,4.35,6.733333333333333,38.86666666666667,27.03333333333333,72.63333333333333,0.1766561514195584,0.47555555555555556
henrik-karlsson,HYROX DOUBLES MIXED,35-39,,Stockholm,2025,4.4,4.15,4.566666666666666,1.6333333333333333,4.85,3.7666666666666666,5.15,3.6,5.15,4.283333333333333,5.2,1.3833333333333333,4.933333333333334,2.9833333333333334,5.083333333333333,4.666666666666667,6.983333333333333,39.333333333333336,26.46666666666667,72.78333333333333,0.1538461538461538,0.4336283185840708
david-hjelmstroem,HYROX DOUBLES MIXED,30-34,,Stockholm,2025,4.316666666666666,4.0,4.816666666666666,1.5333333333333334,4.85,3.2,5.216666666666667,3.35,5.266666666666667,4.266666666666667,5.233333333333333,1.4666666666666666,5.383333333333334,3.1333333333333333,5.216666666666667,4.633333333333334,7.083333333333333,40.300000000000004,25.583333333333332,72.96666666666667,0.1981424148606812,0.4791666666666667
laura-schiphorst,HYROX DOUBLES MIXED,30-34,,Stockholm,2025,4.783333333333333,3.9,4.866666666666666,1.65,5.183333333333334,2.966666666666667,5.216666666666667,2.583333333333333,5.35,3.95,5.45,1.4833333333333334,5.516666666666667,3.7,5.833333333333333,4.15,6.466666666666667,42.2,24.383333333333333,73.05000000000001,0.17999999999999997,0.5561797752808988
kivi-sotamaa,HYROX DOUBLES MIXED,50-54,,Stockholm,2025,4.2,4.25,4.316666666666666,1.8833333333333333,4.616666666666666,3.433333333333333,4.733333333333333,4.283333333333333,4.65,4.716666666666667,4.55,1.6333333333333333,4.516666666666667,4.266666666666667,4.85,5.733333333333333,6.65,36.43333333333333,30.2,73.28333333333333,0.13402061855670094,0.5485436893203883
adrian-muri,HYROX DOUBLES MIXED,30-34,,Stockholm,2025,4.716666666666667,3.933333333333333,4.5,1.8666666666666667,4.95,3.4166666666666665,5.166666666666667,3.633333333333333,5.183333333333334,4.316666666666666,5.366666666666666,1.6,5.183333333333334,3.633333333333333,5.35,4.466666666666667,6.166666666666667,40.41666666666667,26.866666666666667,73.45,0.1614906832298136,0.5463414634146342
roger-hagberg,HYROX DOUBLES MIXED,55-59,,Stockholm,2025,5.05,4.0,5.05,1.6666666666666667,5.116666666666666,3.3666666666666667,5.05,3.15,5.216666666666667,4.216666666666667,4.966666666666667,1.8333333333333333,5.05,3.683333333333333,5.433333333333334,4.066666666666666,6.633333333333334,40.93333333333334,25.98333333333333,73.55000000000001,0.08588957055214726,0.49504950495049505
patric-tengblad,HYROX DOUBLES MIXED,50-54,,Stockholm,2025,4.816666666666666,4.183333333333334,4.816666666666666,2.066666666666667,4.9,3.816666666666667,4.816666666666666,3.5,4.883333333333334,4.466666666666667,4.983333333333333,1.6166666666666667,5.0,4.55,5.216666666666667,4.133333333333334,5.933333333333334,39.43333333333334,28.333333333333332,73.70000000000002,0.07667731629392978,0.5414847161572053
matthias-lehmann,HYROX DOUBLES MIXED,50-54,,Stockholm,2025,4.433333333333334,4.133333333333334,4.466666666666667,2.7666666666666666,4.866666666666666,4.133333333333334,4.733333333333333,3.466666666666667,4.95,4.533333333333333,4.933333333333334,1.6,5.0,3.466666666666667,5.3,4.083333333333333,7.0,38.68333333333333,28.183333333333334,73.86666666666666,0.1635220125786163,0.6693548387096774
dylan-charlery-brown,HYROX DOUBLES MIXED,30-34,,Stockholm,2025,4.283333333333333,4.066666666666666,4.516666666666667,2.1,4.583333333333333,3.6666666666666665,4.75,4.583333333333333,4.8,4.683333333333334,4.516666666666667,1.95,4.65,4.1,4.966666666666667,4.55,7.35,37.06666666666667,29.7,74.11666666666667,0.13758389261744972,0.5727272727272728
isa-lexner,HYROX DOUBLES MIXED,16-24,,Stockholm,2025,4.65,4.05,4.516666666666667,1.9166666666666667,4.816666666666666,3.466666666666667,4.666666666666667,3.533333333333333,5.383333333333334,4.816666666666666,4.866666666666666,1.3666666666666667,4.933333333333334,3.816666666666667,5.133333333333334,5.666666666666667,6.666666666666667,38.96666666666667,28.633333333333333,74.26666666666668,0.1609907120743035,0.5528846153846154
frederik-frerck,HYROX DOUBLES MIXED,25-29,,Stockholm,2025,5.05,3.9,5.1,1.4,5.416666666666667,3.2666666666666666,5.483333333333333,2.45,5.666666666666667,4.1,5.466666666666667,1.65,5.466666666666667,3.1,6.066666666666666,4.016666666666667,6.983333333333333,43.71666666666667,23.883333333333333,74.58333333333334,0.16758241758241757,0.42857142857142855
eva-hugosson,HYROX DOUBLES MIXED,40-44,,Stockholm,2025,4.583333333333333,4.2,4.9,1.6166666666666667,5.216666666666667,3.216666666666667,5.516666666666667,2.533333333333333,5.483333333333333,4.566666666666666,5.416666666666667,1.5166666666666666,5.516666666666667,3.683333333333333,5.783333333333333,3.933333333333333,7.166666666666667,42.41666666666667,25.266666666666666,74.85000000000001,0.20749279538904902,0.5025906735751295
andreas-oehman,HYROX DOUBLES MIXED,25-29,,Stockholm,2025,4.633333333333334,4.033333333333333,4.866666666666666,1.75,5.283333333333333,3.25,5.583333333333333,2.4,5.666666666666667,4.316666666666666,5.633333333333334,1.4666666666666666,5.683333333333334,3.716666666666667,5.9,3.95,6.816666666666666,43.25,24.88333333333333,74.95,0.21468926553672313,0.5384615384615384
chris-andersen,HYROX DOUBLES MIXED,35-39,,Stockholm,2025,5.183333333333334,3.716666666666667,5.316666666666666,1.75,5.366666666666666,2.966666666666667,5.266666666666667,3.183333333333333,5.583333333333333,4.466666666666667,5.733333333333333,1.3166666666666669,5.516666666666667,3.3666666666666667,5.666666666666667,4.05,6.783333333333333,43.633333333333326,24.81666666666667,75.23333333333332,0.0959302325581395,0.5898876404494382
emiel-wijma,HYROX DOUBLES MIXED,35-39,,Stockholm,2025,5.2,4.516666666666667,4.65,1.6833333333333331,4.95,3.583333333333333,5.033333333333333,2.783333333333333,5.5,4.8,5.35,1.75,5.15,3.3666666666666667,5.616666666666666,4.783333333333333,6.733333333333333,41.45,27.266666666666666,75.45,0.1721068249258159,0.4697674418604651
oscar-ingvarsson,HYROX DOUBLES MIXED,25-29,,Stockholm,2025,4.8,4.05,4.833333333333333,1.6333333333333333,5.25,3.683333333333333,5.366666666666666,3.183333333333333,5.516666666666667,4.5,5.383333333333334,1.7666666666666666,5.333333333333333,3.5,5.666666666666667,4.183333333333334,6.966666666666667,42.15,26.5,75.61666666666666,0.1529411764705883,0.44343891402714936
casper-sioesteen,HYROX DOUBLES MIXED,25-29,,Stockholm,2025,5.283333333333333,4.283333333333333,5.2,2.05,5.2,3.5166666666666666,5.216666666666667,3.633333333333333,5.283333333333333,4.583333333333333,5.116666666666666,1.45,5.266666666666667,3.566666666666667,5.283333333333333,4.233333333333333,6.65,41.849999999999994,27.316666666666666,75.81666666666666,0.03154574132492119,0.5829383886255923
antto-toivio,HYROX DOUBLES MIXED,25-29,,Stockholm,2025,5.183333333333334,3.966666666666667,5.233333333333333,1.6166666666666667,5.683333333333334,3.2333333333333334,5.55,3.05,5.516666666666667,4.283333333333333,5.35,1.5666666666666669,5.65,3.1,5.683333333333334,4.733333333333333,6.583333333333333,43.849999999999994,25.55,75.98333333333332,0.0879765395894428,0.5
anna-granqvist,HYROX DOUBLES MIXED,40-44,,Stockholm,2025,5.066666666666666,4.3,5.016666666666667,1.4,5.266666666666667,3.7666666666666666,5.35,3.45,5.333333333333333,4.666666666666667,5.5,1.4333333333333331,5.45,3.783333333333333,5.65,4.033333333333333,6.716666666666667,42.633333333333326,26.83333333333333,76.18333333333332,0.11209439528023606,0.3716814159292035
martin-angbjaer,HYROX DOUBLES MIXED,45-49,,Stockholm,2025,5.183333333333334,4.066666666666666,4.966666666666667,1.6333333333333333,5.283333333333333,3.683333333333333,5.133333333333334,3.2666666666666666,5.266666666666667,4.383333333333334,5.283333333333333,1.7833333333333334,5.233333333333333,3.9,5.766666666666667,4.033333333333333,7.5,42.11666666666667,26.75,76.36666666666666,0.13872832369942192,0.44343891402714936
karin-axell,HYROX DOUBLES MIXED,45-49,,Stockholm,2025,4.883333333333334,4.133333333333334,5.033333333333333,2.05,5.15,3.4,5.4,3.583333333333333,5.383333333333334,4.366666666666666,5.316666666666666,1.65,5.366666666666666,3.816666666666667,5.55,4.766666666666667,6.75,42.08333333333333,27.766666666666666,76.6,0.12012012012012002,0.6029411764705882
marcus-froeberg,HYROX DOUBLES MIXED,40-44,,Stockholm,2025,5.116666666666666,4.416666666666667,4.983333333333333,1.9166666666666667,5.283333333333333,3.5,5.166666666666667,4.166666666666667,5.383333333333334,4.833333333333333,5.116666666666666,1.65,5.033333333333333,3.15,5.45,4.766666666666667,6.833333333333333,41.53333333333334,28.399999999999995,76.76666666666667,0.08562691131498473,0.5476190476190477
nathalie-skoog,HYROX DOUBLES MIXED,25-29,,Stockholm,2025,4.4,3.966666666666667,5.083333333333333,1.8,5.416666666666667,4.383333333333334,5.516666666666667,2.1333333333333333,5.7,4.566666666666666,5.866666666666666,1.7166666666666666,5.883333333333334,2.933333333333333,6.166666666666667,4.233333333333333,7.366666666666666,44.03333333333333,25.733333333333334,77.13333333333333,0.28648648648648645,0.4106463878326996
johann-juliusson,HYROX DOUBLES MIXED,55-59,,Stockholm,2025,5.033333333333333,4.016666666666667,5.016666666666667,2.033333333333333,5.1,3.566666666666667,5.2,3.8666666666666663,5.383333333333334,4.633333333333334,5.4,1.8666666666666667,5.216666666666667,3.816666666666667,5.7,4.5,7.033333333333333,42.050000000000004,28.3,77.38333333333334,0.11988304093567255,0.5700934579439252
josefin-nygren,HYROX DOUBLES MIXED,30-34,,Stockholm,2025,4.766666666666667,4.316666666666666,4.55,1.8,4.9,4.116666666666666,4.95,4.366666666666666,5.133333333333334,5.066666666666666,5.35,1.7166666666666666,5.333333333333333,4.033333333333333,5.616666666666666,4.383333333333334,7.216666666666667,40.6,29.799999999999997,77.61666666666667,0.18991097922848663,0.4372469635627531
amie-fosbraey,HYROX DOUBLES MIXED,30-34,,Stockholm,2025,5.433333333333334,4.483333333333333,5.25,2.033333333333333,5.4,3.3,5.266666666666667,4.1,5.5,4.2,5.25,1.3833333333333333,5.266666666666667,4.066666666666666,5.266666666666667,5.016666666666667,6.533333333333333,42.63333333333333,28.583333333333332,77.75,0.045454545454545456,0.6161616161616161
anton-fagersson,HYROX DOUBLES MIXED,30-34,,Stockholm,2025,5.133333333333334,4.366666666666666,5.15,1.8166666666666669,5.316666666666666,3.45,5.283333333333333,3.2666666666666666,5.25,4.9,5.3,1.9,5.266666666666667,3.783333333333333,5.766666666666667,4.983333333333333,7.15,42.46666666666667,28.46666666666666,78.08333333333334,0.10982658959537564,0.5265700483091788
stefan-lindquist,HYROX DOUBLES MIXED,45-49,,Stockholm,2025,4.733333333333333,3.983333333333333,4.866666666666666,2.433333333333333,5.266666666666667,3.433333333333333,5.4,3.8666666666666663,5.7,4.383333333333334,5.4,1.7,5.55,3.733333333333333,5.9,4.55,7.316666666666666,42.81666666666666,28.083333333333332,78.21666666666665,0.19774011299435032,0.7087378640776699
josefin-joensson,HYROX DOUBLES MIXED,30-34,,Stockholm,2025,4.966666666666667,4.416666666666667,4.833333333333333,2.85,5.033333333333333,3.7,5.016666666666667,3.5166666666666666,5.066666666666666,4.583333333333333,5.266666666666667,2.033333333333333,5.15,4.583333333333333,5.45,5.1,6.816666666666666,40.78333333333334,30.78333333333333,78.38333333333333,0.1131498470948013,0.7702702702702703
victor-berggren,HYROX DOUBLES MIXED,40-44,,Stockholm,2025,5.516666666666667,4.1,5.333333333333333,2.1166666666666667,5.6,3.216666666666667,5.633333333333334,3.283333333333333,5.75,4.45,5.8,1.55,5.933333333333334,3.533333333333333,5.883333333333334,3.883333333333333,7.033333333333333,45.449999999999996,26.133333333333333,78.61666666666667,0.10112359550561806,0.6580310880829016
emil-andersson,HYROX DOUBLES MIXED,35-39,,Stockholm,2025,4.816666666666666,4.2,4.883333333333334,1.8,5.15,4.233333333333333,5.316666666666666,3.583333333333333,5.55,5.166666666666667,5.333333333333333,1.8166666666666669,5.366666666666666,4.05,5.633333333333334,4.183333333333334,7.716666666666667,42.05,29.033333333333335,78.80000000000001,0.14497041420118353,0.4251968503937008
kristina-gunnarsen,HYROX DOUBLES MIXED,45-49,,Stockholm,2025,5.2,3.966666666666667,5.316666666666666,2.0166666666666666,5.466666666666667,3.066666666666667,5.4,3.8333333333333335,5.483333333333333,4.483333333333333,5.433333333333334,1.8,5.416666666666667,4.666666666666667,5.7,4.7,6.933333333333334,43.416666666666664,28.533333333333335,78.88333333333334,0.08771929824561403,0.6576086956521738
katrine-larsen,HYROX DOUBLES MIXED,16-24,,Stockholm,2025,6.016666666666667,4.133333333333334,5.533333333333333,1.4666666666666666,5.816666666666666,3.5,5.5,3.033333333333333,5.5,4.1,5.85,1.3666666666666667,5.7,4.15,6.033333333333333,3.8333333333333335,7.533333333333333,45.95,25.583333333333332,79.06666666666666,0.0883977900552486,0.419047619047619
kristoffer-roupe,HYROX DOUBLES MIXED,45-49,,Stockholm,2025,5.816666666666666,4.166666666666667,5.566666666666666,1.6833333333333331,5.7,3.433333333333333,5.766666666666667,3.083333333333333,5.85,4.383333333333334,5.683333333333334,1.75,5.566666666666666,3.583333333333333,5.916666666666667,3.75,7.466666666666667,45.86666666666665,25.833333333333332,79.16666666666664,0.059154929577464876,0.4902912621359223
emma-baldwin,HYROX DOUBLES MIXED,35-39,,Stockholm,2025,5.033333333333333,4.066666666666666,4.883333333333334,1.9,5.216666666666667,4.45,5.2,2.2666666666666666,5.483333333333333,4.633333333333334,5.216666666666667,1.7833333333333334,5.116666666666666,4.016666666666667,5.6,7.816666666666666,6.666666666666667,41.75000000000001,30.933333333333334,79.35000000000001,0.12797619047619035,0.42696629213483145
john-spencer,HYROX DOUBLES MIXED,25-29,,Stockholm,2025,5.0,4.266666666666667,4.933333333333334,2.4166666666666665,5.116666666666666,4.35,4.916666666666667,4.933333333333334,5.033333333333333,4.683333333333334,5.166666666666667,1.8833333333333333,4.933333333333334,4.7,5.45,4.083333333333333,7.716666666666667,40.550000000000004,31.316666666666663,79.58333333333333,0.09785932721712536,0.5555555555555556
siebe-van-ineveld,HYROX DOUBLES MIXED,45-49,,Stockholm,2025,4.683333333333334,4.25,4.733333333333333,2.1333333333333333,5.0,3.6666666666666665,5.266666666666667,4.466666666666667,5.416666666666667,4.766666666666667,5.516666666666667,1.8,5.35,4.25,5.9,5.283333333333333,7.3,41.86666666666667,30.616666666666667,79.78333333333332,0.20621468926553674,0.5818181818181818
jacob-schavon,HYROX DOUBLES MIXED,30-34,,Stockholm,2025,4.95,4.083333333333333,5.383333333333334,1.9833333333333332,5.383333333333334,4.316666666666666,5.433333333333334,4.783333333333333,5.45,4.95,5.333333333333333,1.45,5.35,3.4833333333333334,5.95,4.7,7.0,43.233333333333334,29.75,79.98333333333335,0.1680672268907563,0.45945945945945943
lea-gregor,HYROX DOUBLES MIXED,30-34,,Stockholm,2025,4.733333333333333,3.716666666666667,4.866666666666666,2.1666666666666665,5.416666666666667,4.0,5.25,4.083333333333333,6.05,4.65,5.75,1.6833333333333331,5.4,3.466666666666667,5.833333333333333,4.75,8.25,43.3,28.516666666666666,80.06666666666666,0.21763085399449034,0.5416666666666666
liam-goodbrand,HYROX DOUBLES MIXED,30-34,,Stockholm,2025,5.0,4.583333333333333,4.75,2.6666666666666665,4.9,3.95,5.05,2.2,5.016666666666667,4.633333333333334,5.166666666666667,2.0,5.016666666666667,6.366666666666666,5.55,4.466666666666667,8.916666666666666,40.449999999999996,30.866666666666667,80.23333333333333,0.14414414414414412,0.6751054852320675
mark-sutton,HYROX DOUBLES MIXED,55-59,,Stockholm,2025,5.3,4.283333333333333,5.25,1.9833333333333332,5.3,3.7666666666666666,5.466666666666667,3.75,5.383333333333334,4.983333333333333,5.333333333333333,1.6,5.416666666666667,4.65,5.766666666666667,5.45,6.75,43.21666666666667,30.466666666666665,80.43333333333334,0.08959537572254335,0.5265486725663716
charlotta-norling,HYROX DOUBLES MIXED,45-49,,Stockholm,2025,5.016666666666667,3.933333333333333,5.25,2.15,5.583333333333333,3.5166666666666666,5.633333333333334,3.4166666666666665,5.583333333333333,4.566666666666666,5.666666666666667,1.7666666666666666,5.783333333333333,4.633333333333334,6.033333333333333,4.516666666666667,7.583333333333333,44.54999999999999,28.499999999999996,80.63333333333331,0.16850828729281767,0.6113744075829384
tilde-lardinger,HYROX DOUBLES MIXED,30-34,,Stockholm,2025,4.833333333333333,4.133333333333334,5.333333333333333,2.15,5.833333333333333,3.7666666666666666,5.933333333333334,3.633333333333333,5.85,4.6,5.816666666666666,1.5,5.866666666666666,3.633333333333333,5.983333333333333,4.0,7.983333333333333,45.449999999999996,27.416666666666664,80.84999999999998,0.19220055710306413,0.5707964601769911
taylor-dovey,HYROX DOUBLES MIXED,25-29,,Stockholm,2025,5.616666666666666,4.083333333333333,5.566666666666666,1.8333333333333333,5.75,3.566666666666667,5.9,3.333333333333333,5.916666666666667,4.933333333333334,5.7,1.6833333333333331,5.766666666666667,3.683333333333333,6.133333333333334,4.033333333333333,7.5,46.35,27.15,81.00000000000001,0.09239130434782619,0.514018691588785
hakon-myhre-skar,HYROX DOUBLES MIXED,25-29,,Stockholm,2025,6.166666666666667,4.633333333333334,5.666666666666667,1.9666666666666663,5.616666666666666,3.4166666666666665,5.566666666666666,3.716666666666667,5.616666666666666,4.6,5.633333333333334,1.6333333333333333,5.616666666666666,3.9166666666666665,5.8,4.533333333333333,7.066666666666666,45.68333333333333,28.416666666666664,81.16666666666667,0.09729729729729739,0.5756097560975609
christoffer-nilsson,HYROX DOUBLES MIXED,35-39,,Stockholm,2025,5.85,4.0,5.7,1.6,6.0,2.933333333333333,6.2,2.9166666666666665,6.283333333333333,4.233333333333333,6.1,1.65,6.183333333333334,3.716666666666667,6.366666666666666,4.083333333333333,7.433333333333334,48.68333333333333,25.13333333333333,81.25,0.10471204188481667,0.5454545454545455
ebba-eskilsson,HYROX DOUBLES MIXED,25-29,,Stockholm,2025,5.8,4.1,5.616666666666666,1.6666666666666667,5.916666666666667,3.9,5.733333333333333,2.3,5.833333333333333,4.783333333333333,5.9,1.5166666666666666,5.8,3.75,6.066666666666666,5.066666666666666,7.783333333333333,46.66666666666666,27.083333333333332,81.53333333333332,0.0741758241758242,0.4273504273504274
anna-kaisa-ulvi,HYROX DOUBLES MIXED,30-34,,Stockholm,2025,5.183333333333334,4.433333333333334,5.0,1.8666666666666667,5.05,3.433333333333333,5.05,4.466666666666667,7.983333333333333,4.75,5.0,1.6833333333333331,5.05,3.85,6.183333333333334,4.55,8.116666666666667,44.5,29.03333333333334,81.65,0.3736951983298539,0.5436893203883496
mats-johnsson,HYROX DOUBLES MIXED,50-54,,Stockholm,2025,5.066666666666666,4.283333333333333,5.15,2.1666666666666665,5.333333333333333,4.416666666666667,5.366666666666666,3.933333333333333,5.583333333333333,4.683333333333334,5.5,1.8666666666666667,5.5,4.533333333333333,5.766666666666667,4.866666666666666,7.9,43.266666666666666,30.75,81.91666666666664,0.12138728323699426,0.490566037735849
rebecca-huntsman,HYROX DOUBLES MIXED,25-29,,Stockholm,2025,5.983333333333333,4.25,5.466666666666667,2.066666666666667,5.716666666666667,3.633333333333333,5.8,2.966666666666667,6.083333333333333,4.55,5.933333333333334,1.8333333333333333,6.066666666666666,3.3833333333333333,6.266666666666667,5.183333333333334,7.016666666666667,47.31666666666666,27.866666666666664,82.2,0.12765957446808507,0.5688073394495414
mauritz-laugen,HYROX DOUBLES MIXED,16-24,,Stockholm,2025,6.95,4.233333333333333,6.583333333333333,1.9333333333333331,4.65,4.133333333333334,4.85,4.566666666666666,5.016666666666667,4.816666666666666,5.35,1.4333333333333331,5.15,2.95,5.566666666666666,6.7,7.45,44.11666666666666,30.766666666666666,82.33333333333333,0.3309352517985611,0.4677419354838709
nicolas-vlastos,HYROX DOUBLES MIXED,30-34,,Stockholm,2025,4.916666666666667,4.35,5.366666666666666,2.1,5.866666666666666,4.65,5.5,3.066666666666667,5.333333333333333,4.7,5.383333333333334,2.1,5.25,4.5,5.883333333333334,4.583333333333333,9.1,43.5,30.05,82.64999999999999,0.1643059490084986,0.45161290322580644
tia-alatalo,HYROX DOUBLES MIXED,35-39,,Stockholm,2025,5.45,4.15,5.25,1.6,5.466666666666667,3.3,5.633333333333334,4.0,5.7,5.05,5.483333333333333,1.6,5.75,4.533333333333333,6.066666666666666,5.0,8.866666666666667,44.8,29.233333333333334,82.89999999999998,0.13461538461538458,0.4848484848484849
anton-paulson,HYROX DOUBLES MIXED,30-34,,Stockholm,2025,4.966666666666667,4.366666666666666,5.133333333333334,1.5333333333333334,5.833333333333333,4.866666666666666,5.8,3.966666666666667,5.7,5.05,5.65,2.05,5.233333333333333,4.483333333333333,5.85,4.666666666666667,7.916666666666667,44.16666666666667,30.983333333333334,83.06666666666668,0.15099715099715091,0.31506849315068497
gaelle-bleuzen,HYROX DOUBLES MIXED,25-29,,Stockholm,2025,4.816666666666666,4.233333333333333,7.066666666666666,2.283333333333333,5.483333333333333,4.3,5.716666666666667,2.8,5.6,4.783333333333333,5.616666666666666,1.9833333333333332,5.65,3.8,6.1,5.116666666666666,7.95,46.050000000000004,29.3,83.3,0.31839622641509435,0.5310077519379844
woody-wilson-croome,HYROX DOUBLES MIXED,25-29,,Stockholm,2025,4.883333333333334,4.383333333333334,4.783333333333333,2.25,5.066666666666666,4.916666666666667,5.116666666666666,2.066666666666667,5.366666666666666,5.133333333333334,5.383333333333334,1.95,5.4,4.783333333333333,5.416666666666667,6.483333333333333,10.1,41.416666666666664,31.96666666666667,83.48333333333333,0.11692307692307699,0.45762711864406774
jeremy-darke,HYROX DOUBLES MIXED,35-39,,Stockholm,2025,6.266666666666667,4.416666666666667,5.7,1.7,5.866666666666666,4.216666666666667,5.983333333333333,3.466666666666667,5.966666666666667,4.716666666666667,5.916666666666667,1.35,5.933333333333334,3.883333333333333,6.35,4.583333333333333,7.466666666666667,47.98333333333333,28.333333333333332,83.78333333333332,0.10236220472440936,0.4031620553359684
magnus-axelsson,HYROX DOUBLES MIXED,45-49,,Stockholm,2025,5.516666666666667,4.433333333333334,5.3,1.8833333333333333,5.6,3.7666666666666666,5.616666666666666,4.033333333333333,5.816666666666666,5.3,5.716666666666667,1.95,5.733333333333333,4.55,6.216666666666667,4.883333333333334,7.683333333333334,45.516666666666666,30.799999999999997,84.00000000000001,0.1474530831099196,0.5
ryan-fox,HYROX DOUBLES MIXED,25-29,,Stockholm,2025,5.0,4.366666666666666,5.033333333333333,2.35,5.383333333333334,4.316666666666666,5.366666666666666,3.85,5.466666666666667,4.833333333333333,5.683333333333334,2.45,5.683333333333334,4.883333333333334,6.483333333333333,4.766666666666667,8.416666666666666,44.1,31.816666666666663,84.33333333333336,0.22879177377892032,0.5444015444015444
tauno-randmaa,HYROX DOUBLES MIXED,35-39,,Stockholm,2025,5.433333333333334,4.633333333333334,5.5,2.05,5.533333333333333,4.75,5.533333333333333,3.75,5.883333333333334,4.583333333333333,5.766666666666667,1.9833333333333332,5.816666666666666,4.333333333333333,6.633333333333334,4.35,7.983333333333333,46.1,30.43333333333333,84.51666666666665,0.18090452261306533,0.431578947368421
jonathan-brooke,HYROX DOUBLES MIXED,30-34,,Stockholm,2025,5.15,4.533333333333333,5.5,1.8666666666666667,6.066666666666666,3.583333333333333,6.25,3.3666666666666667,6.15,4.75,5.9,1.4833333333333334,6.166666666666667,4.366666666666666,6.433333333333334,5.266666666666667,7.9,47.61666666666666,29.21666666666667,84.73333333333333,0.19948186528497408,0.5209302325581396
marzena-vedad,HYROX DOUBLES MIXED,40-44,,Stockholm,2025,5.416666666666667,4.3,5.616666666666666,1.9666666666666663,5.466666666666667,3.633333333333333,5.9,2.066666666666667,6.716666666666667,4.833333333333333,6.3,1.5666666666666669,5.65,3.8,6.116666666666666,4.4,11.216666666666669,47.18333333333333,26.566666666666663,84.96666666666667,0.19354838709677416,0.5412844036697247
ivo-ville,HYROX DOUBLES MIXED,40-44,,Stockholm,2025,5.383333333333334,4.233333333333333,5.55,1.85,5.783333333333333,4.1,5.833333333333333,4.033333333333333,6.133333333333334,4.85,5.883333333333334,1.6333333333333333,5.933333333333334,4.133333333333334,6.316666666666666,4.233333333333333,9.35,46.81666666666666,29.066666666666666,85.23333333333333,0.14775725593667535,0.451219512195122
armin-sabeur,HYROX DOUBLES MIXED,45-49,,Stockholm,2025,5.566666666666666,4.366666666666666,5.683333333333334,2.65,5.966666666666667,3.9,5.916666666666667,3.583333333333333,6.1,4.65,6.016666666666667,1.55,6.0,5.4,6.3,4.25,7.516666666666667,47.55,30.35,85.41666666666667,0.11640211640211641,0.6794871794871795
anders-hoeoek,HYROX DOUBLES MIXED,55-59,,Stockholm,2025,5.466666666666667,4.266666666666667,5.583333333333333,2.3833333333333333,5.866666666666666,4.15,5.883333333333334,4.0,5.916666666666667,5.0,5.8,2.0166666666666666,5.916666666666667,4.5,6.25,4.3,8.45,46.68333333333333,30.616666666666667,85.74999999999999,0.12533333333333332,0.57429718875502
marit-ter-bogt,HYROX DOUBLES MIXED,25-29,,Stockholm,2025,5.766666666666667,4.316666666666666,5.666666666666667,1.9166666666666667,6.066666666666666,4.683333333333334,5.966666666666667,3.4166666666666665,6.45,4.566666666666666,6.516666666666667,1.5166666666666666,6.15,3.966666666666667,6.7,4.7,7.566666666666666,49.28333333333334,29.083333333333332,85.93333333333334,0.15422885572139303,0.4092526690391459
isabell-stepczinska,HYROX DOUBLES MIXED,35-39,,Stockholm,2025,5.516666666666667,4.183333333333334,5.633333333333334,2.066666666666667,5.983333333333333,4.333333333333333,5.95,4.216666666666667,6.15,4.516666666666667,6.35,1.8333333333333333,6.05,4.15,6.233333333333333,5.4,7.75,47.86666666666667,30.699999999999996,86.31666666666668,0.1312335958005249,0.476923076923077
mia-borg,HYROX DOUBLES MIXED,55-59,,Stockholm,2025,5.25,4.083333333333333,5.25,3.0166666666666666,5.3,5.333333333333333,5.4,4.9,5.483333333333333,4.966666666666667,5.633333333333334,2.0,5.65,5.383333333333334,5.983333333333333,4.533333333333333,8.6,43.95,34.21666666666667,86.76666666666667,0.12256267409470753,0.565625
ida-olsson,HYROX DOUBLES MIXED,35-39,,Stockholm,2025,5.5,4.316666666666666,5.366666666666666,2.083333333333333,5.683333333333334,3.683333333333333,6.083333333333333,5.416666666666667,5.816666666666666,5.216666666666667,5.766666666666667,1.9333333333333331,5.816666666666666,5.35,6.266666666666667,4.083333333333333,8.733333333333333,46.3,32.083333333333336,87.11666666666665,0.1436170212765958,0.5656108597285068
elsa-faye,HYROX DOUBLES MIXED,35-39,,Stockholm,2025,5.166666666666667,4.833333333333333,4.983333333333333,2.966666666666667,5.133333333333334,4.9,5.116666666666666,4.666666666666667,5.216666666666667,5.116666666666666,5.15,2.216666666666667,5.066666666666666,6.183333333333334,5.733333333333333,7.733333333333333,7.283333333333333,41.56666666666666,38.61666666666667,87.46666666666667,0.1308139534883721,0.6054421768707483
said-bacho,HYROX DOUBLES MIXED,25-29,,Stockholm,2025,5.416666666666667,4.166666666666667,6.133333333333334,1.9666666666666663,6.4,4.4,6.283333333333333,2.9166666666666665,6.35,4.733333333333333,6.716666666666667,1.9166666666666667,6.15,4.016666666666667,7.133333333333334,4.833333333333333,8.266666666666667,50.583333333333336,28.95,87.8,0.24065420560747663,0.44696969696969685
robin-borgman,HYROX DOUBLES MIXED,25-29,,Stockholm,2025,5.7,4.1,5.466666666666667,1.6,5.916666666666667,3.7666666666666666,6.016666666666667,5.166666666666667,6.166666666666667,4.416666666666667,6.25,1.85,6.016666666666667,4.633333333333334,6.766666666666667,6.616666666666666,7.683333333333334,48.3,32.15,88.13333333333333,0.1921182266009852,0.42477876106194695
emelie-englund,HYROX DOUBLES MIXED,30-34,,Stockholm,2025,5.733333333333333,3.966666666666667,8.916666666666666,1.5833333333333333,9.1,3.716666666666667,5.916666666666667,2.583333333333333,6.35,4.45,6.183333333333334,1.65,6.216666666666667,3.216666666666667,6.916666666666667,3.733333333333333,8.183333333333334,55.333333333333336,24.9,88.41666666666669,0.3699633699633699,0.4260089686098654
emil-haerenstam,HYROX DOUBLES MIXED,35-39,,Stockholm,2025,5.616666666666666,4.216666666666667,5.583333333333333,1.6333333333333333,5.783333333333333,3.7,5.783333333333333,3.9,5.833333333333333,5.133333333333334,6.133333333333334,2.1333333333333333,6.216666666666667,5.016666666666667,7.116666666666666,5.033333333333333,9.85,48.06666666666667,30.766666666666666,88.68333333333334,0.2154566744730679,0.44144144144144143
malin-malmberg,HYROX DOUBLES MIXED,35-39,,Stockholm,2025,5.85,4.416666666666667,5.583333333333333,2.05,5.883333333333334,3.716666666666667,5.883333333333334,4.366666666666666,6.033333333333333,5.266666666666667,5.8,1.8833333333333333,5.7,5.216666666666667,6.833333333333333,6.066666666666666,8.35,47.56666666666667,32.983333333333334,88.9,0.18292682926829268,0.5515695067264573
florent-rak,HYROX DOUBLES MIXED,25-29,,Stockholm,2025,6.116666666666666,4.6,5.966666666666667,2.05,6.116666666666666,4.15,6.266666666666667,4.683333333333334,6.3,4.65,6.366666666666666,1.8833333333333333,6.133333333333334,4.783333333333333,6.4,5.116666666666666,7.733333333333333,49.666666666666664,31.916666666666664,89.31666666666666,0.06770833333333337,0.49397590361445776
clover-reece,HYROX DOUBLES MIXED,25-29,,Stockholm,2025,7.433333333333334,4.333333333333333,4.9,2.8666666666666667,5.383333333333334,4.083333333333333,5.016666666666667,3.966666666666667,5.566666666666666,5.2,5.75,1.9333333333333331,5.4,4.616666666666666,5.683333333333334,8.683333333333334,8.866666666666667,45.133333333333326,35.68333333333334,89.68333333333334,0.34080717488789236,0.7020408163265307
christian-pettersson,HYROX DOUBLES MIXED,40-44,,Stockholm,2025,5.333333333333333,4.466666666666667,5.666666666666667,2.533333333333333,5.983333333333333,4.5,6.033333333333333,3.033333333333333,5.983333333333333,8.016666666666667,6.15,1.6666666666666667,6.4,4.15,6.75,5.166666666666667,8.383333333333333,48.3,33.53333333333333,90.21666666666667,0.2098765432098766,0.5629629629629629
zhangting-he,HYROX DOUBLES MIXED,30-34,,Stockholm,2025,5.566666666666666,4.766666666666667,5.533333333333333,1.8,5.683333333333334,4.933333333333334,5.933333333333334,4.0,6.116666666666666,5.466666666666667,6.133333333333334,3.15,6.45,3.8,6.816666666666666,5.9,8.65,48.233333333333334,33.81666666666667,90.70000000000002,0.18826405867970658,0.36486486486486486
marc-forslund,HYROX DOUBLES MIXED,35-39,,Stockholm,2025,6.283333333333333,3.8333333333333335,6.316666666666666,2.333333333333333,6.416666666666667,3.6,6.516666666666667,4.05,6.866666666666666,4.516666666666667,6.966666666666667,1.25,6.9,3.716666666666667,7.5,5.016666666666667,9.166666666666666,53.766666666666666,28.316666666666663,91.25000000000001,0.16222222222222224,0.648148148148148
bo-strand-olsen,HYROX DOUBLES MIXED,35-39,,Stockholm,2025,5.516666666666667,4.283333333333333,5.616666666666666,2.1333333333333333,6.05,3.8333333333333335,6.1,5.066666666666666,6.5,4.533333333333333,6.266666666666667,1.7166666666666666,6.55,7.233333333333333,7.0,4.833333333333333,8.45,49.599999999999994,33.63333333333333,91.68333333333332,0.2119047619047619,0.5565217391304348
arvid-friberg,HYROX DOUBLES MIXED,16-24,,Stockholm,2025,5.416666666666667,4.316666666666666,5.283333333333333,1.7333333333333334,6.266666666666667,5.0,6.116666666666666,5.216666666666667,5.95,4.75,5.883333333333334,1.8333333333333333,6.133333333333334,5.983333333333333,6.383333333333334,8.383333333333333,7.783333333333333,47.43333333333333,37.21666666666667,92.43333333333334,0.1723237597911228,0.3466666666666667
andrei-kudrjasov,HYROX DOUBLES MIXED,45-49,,Stockholm,2025,5.2,4.266666666666667,5.833333333333333,1.7666666666666666,5.85,4.15,6.283333333333333,3.3666666666666667,6.633333333333334,4.783333333333333,9.016666666666667,0.9666666666666668,8.316666666666666,4.366666666666666,7.05,4.666666666666667,10.466666666666669,54.18333333333332,28.33333333333334,92.98333333333332,0.42329020332717193,0.4257028112449799
seraphina-konietzka,HYROX DOUBLES MIXED,25-29,,Stockholm,2025,6.066666666666666,4.316666666666666,5.983333333333333,1.7166666666666666,6.4,3.4166666666666665,6.533333333333333,5.15,6.95,4.5,7.15,1.7,7.266666666666667,3.9,7.05,6.8,8.5,53.4,31.5,93.4,0.17660550458715596,0.5024390243902439
frida-haeggstroem,HYROX DOUBLES MIXED,45-49,,Stockholm,2025,6.416666666666667,4.45,6.25,2.4166666666666665,6.55,4.15,6.633333333333334,5.15,6.85,4.583333333333333,6.65,1.7833333333333334,6.85,5.066666666666666,7.366666666666666,4.733333333333333,7.95,53.56666666666667,32.333333333333336,93.85000000000001,0.15158371040723978,0.5823293172690762
veronica-hultberg,HYROX DOUBLES MIXED,40-44,,Stockholm,2025,6.15,4.666666666666667,5.983333333333333,2.0,6.35,3.983333333333333,6.6,4.7,6.85,4.933333333333334,6.716666666666667,1.95,6.866666666666666,4.5,7.433333333333334,4.45,9.95,52.95,31.183333333333334,94.08333333333334,0.19506726457399104,0.5020920502092051
betty-shiki-baluch,HYROX DOUBLES MIXED,35-39,,Stockholm,2025,5.866666666666666,4.4,5.983333333333333,2.4166666666666665,6.433333333333334,4.2,6.583333333333333,4.583333333333333,6.683333333333334,4.8,6.816666666666666,1.8666666666666667,8.2,4.366666666666666,7.983333333333333,5.083333333333333,8.15,54.55,31.716666666666665,94.41666666666664,0.2845528455284553,0.5753968253968254
johanna-dermer,HYROX DOUBLES MIXED,40-44,,Stockholm,2025,6.15,5.283333333333333,5.783333333333333,2.033333333333333,5.883333333333334,4.633333333333334,5.983333333333333,5.516666666666667,6.316666666666666,5.516666666666667,6.166666666666667,1.9333333333333331,6.166666666666667,4.9,6.716666666666667,6.45,9.416666666666666,49.166666666666664,36.266666666666666,94.85000000000001,0.13895781637717125,0.4388489208633093
lars-olof-allerhed,HYROX DOUBLES MIXED,45-49,,Stockholm,2025,6.733333333333333,4.533333333333333,6.633333333333334,2.083333333333333,6.783333333333333,4.483333333333333,6.9,4.533333333333333,6.683333333333334,4.65,6.75,2.216666666666667,6.75,4.6,7.483333333333333,4.95,8.566666666666666,54.71666666666667,32.050000000000004,95.33333333333333,0.11358574610244984,0.4646840148698884
ebba-soedergren,HYROX DOUBLES MIXED,16-24,,Stockholm,2025,6.6,4.383333333333334,6.5,1.9833333333333332,6.8,4.416666666666667,6.983333333333333,4.083333333333333,7.0,4.633333333333334,6.95,1.4,7.05,3.316666666666667,8.583333333333334,5.5,9.55,56.46666666666667,29.716666666666665,95.73333333333333,0.2427184466019418,0.44905660377358486
gustav-stal,HYROX DOUBLES MIXED,25-29,,Stockholm,2025,6.983333333333333,4.35,6.566666666666666,2.6,6.616666666666666,4.65,6.75,4.133333333333334,6.683333333333334,4.866666666666666,6.55,1.9166666666666667,6.4,4.983333333333333,7.283333333333333,4.966666666666667,10.083333333333334,53.83333333333333,32.46666666666667,96.38333333333334,0.12128146453089239,0.5591397849462365
bettina-hug,HYROX DOUBLES MIXED,35-39,,Stockholm,2025,5.95,4.1,6.066666666666666,2.1666666666666665,6.416666666666667,4.233333333333333,6.483333333333333,4.45,7.0,4.9,7.366666666666666,2.083333333333333,7.516666666666667,5.666666666666667,7.466666666666667,6.583333333333333,8.616666666666667,54.266666666666666,34.18333333333334,97.06666666666666,0.20842572062084255,0.5118110236220472
martin-brassat,HYROX DOUBLES MIXED,30-34,,Stockholm,2025,5.85,4.05,6.416666666666667,1.9833333333333332,6.95,4.4,6.866666666666666,5.266666666666667,7.25,4.816666666666666,7.066666666666666,1.7333333333333334,7.1,4.833333333333333,7.35,7.383333333333334,8.583333333333334,54.849999999999994,34.46666666666667,97.89999999999999,0.20408163265306123,0.4507575757575757
maisie-watkins,HYROX DOUBLES MIXED,16-24,,Stockholm,2025,5.866666666666666,3.883333333333333,6.3,3.8333333333333335,6.55,5.266666666666667,6.65,4.883333333333334,7.216666666666667,5.1,6.9,1.7,7.066666666666666,5.2,8.033333333333333,5.05,8.983333333333333,54.58333333333333,34.916666666666664,98.48333333333333,0.26970954356846477,0.7278481012658228
sanna-khosravi,HYROX DOUBLES MIXED,30-34,,Stockholm,2025,10.05,4.633333333333334,6.566666666666666,2.1,6.516666666666667,3.45,6.45,4.9,6.733333333333333,4.866666666666666,6.666666666666667,1.75,6.8,3.983333333333333,8.05,6.216666666666667,9.616666666666667,57.83333333333333,31.9,99.35,0.35820895522388063,0.6086956521739131
archan-vaidya,HYROX DOUBLES MIXED,35-39,,Stockholm,2025,6.066666666666666,4.45,7.816666666666666,2.65,8.133333333333333,4.9,7.266666666666667,3.45,7.183333333333334,4.9,6.7,1.8333333333333333,7.333333333333333,4.066666666666666,8.016666666666667,4.816666666666666,11.15,58.51666666666667,31.066666666666666,100.73333333333335,0.2540983606557377,0.5408163265306122
siri-eksvaerd,HYROX DOUBLES MIXED,30-34,,Stockholm,2025,5.983333333333333,4.466666666666667,5.95,2.466666666666667,6.016666666666667,5.133333333333334,6.0,6.216666666666667,6.316666666666666,5.1,5.933333333333334,2.2666666666666666,5.933333333333334,6.866666666666666,7.2,10.4,9.316666666666666,49.33333333333334,42.916666666666664,101.56666666666666,0.1759259259259259,0.4805194805194805
mikey-johns,HYROX DOUBLES MIXED,16-24,,Stockholm,2025,5.95,4.516666666666667,6.083333333333333,2.2333333333333334,7.766666666666667,4.033333333333333,7.5,4.55,7.55,5.35,7.2,1.8666666666666667,7.466666666666667,4.966666666666667,8.3,5.55,12.2,57.81666666666668,33.06666666666666,103.08333333333333,0.28313253012048195,0.5537190082644629
adam-van-zoelen,HYROX DOUBLES MIXED,16-24,,Stockholm,2025,5.35,4.883333333333334,5.583333333333333,3.4833333333333334,6.466666666666667,8.016666666666667,6.516666666666667,4.5,6.666666666666667,5.516666666666667,5.883333333333334,2.2666666666666666,6.0,4.916666666666667,7.733333333333333,7.983333333333333,12.75,50.2,41.56666666666666,104.51666666666668,0.30818965517241387,0.4345114345114345
sophie-kueng,HYROX DOUBLES MIXED,25-29,,Stockholm,2025,6.533333333333333,4.516666666666667,6.583333333333333,1.85,7.083333333333333,3.433333333333333,7.333333333333333,5.75,7.816666666666666,4.816666666666666,8.05,2.2,8.2,6.05,9.466666666666669,5.283333333333333,11.083333333333334,61.06666666666666,33.9,106.04999999999998,0.3098591549295776,0.5388349514563108
katie-hardie,HYROX DOUBLES MIXED,45-49,,Stockholm,2025,6.55,4.25,6.616666666666666,2.1333333333333333,7.4,5.266666666666667,7.683333333333334,4.783333333333333,8.216666666666667,4.966666666666667,8.3,2.1166666666666667,8.366666666666667,5.55,9.366666666666667,5.05,11.366666666666667,62.5,34.11666666666667,107.98333333333332,0.300711743772242,0.4050632911392405
stefan-ljung,HYROX DOUBLES MIXED,45-49,,Stockholm,2025,6.616666666666666,4.8,6.683333333333334,2.2333333333333334,6.716666666666667,4.95,6.766666666666667,5.766666666666667,7.366666666666666,5.616666666666666,7.1,2.1166666666666667,7.25,7.016666666666667,8.533333333333333,8.75,10.966666666666669,57.03333333333333,41.25,109.24999999999999,0.22460937500000003,0.4511784511784512
louise-engstroem-andre,HYROX DOUBLES MIXED,30-34,,Stockholm,2025,6.916666666666667,4.433333333333334,7.483333333333333,7.2,7.716666666666667,3.966666666666667,7.8,5.833333333333333,7.866666666666666,4.733333333333333,7.4,2.0166666666666666,7.65,4.7,8.7,5.666666666666667,11.083333333333334,61.53333333333333,38.55,111.16666666666667,0.2049808429118773,1.815126050420168
charlotte-couchman,HYROX DOUBLES MIXED,55-59,,Stockholm,2025,7.216666666666667,4.366666666666666,7.933333333333334,2.716666666666667,8.35,4.45,8.75,5.833333333333333,8.483333333333333,5.266666666666667,8.716666666666667,1.8666666666666667,8.3,5.533333333333333,9.016666666666667,7.4,11.583333333333334,66.76666666666667,37.43333333333333,115.78333333333332,0.1996303142329021,0.6104868913857678
sophie-irhem,HYROX DOUBLES MIXED,35-39,,Stockholm,2025,7.116666666666666,4.533333333333333,7.5,3.0,8.333333333333334,6.283333333333333,8.95,7.75,8.383333333333333,5.55,8.833333333333334,2.6,8.966666666666667,5.416666666666667,11.183333333333334,6.75,15.1,69.26666666666667,41.88333333333333,126.24999999999999,0.3636363636363637,0.4774535809018568
ailsa-briggs,HYROX DOUBLES MIXED,60-64,,Stockholm,2025,10.866666666666667,5.266666666666667,10.266666666666667,3.1166666666666667,10.666666666666666,5.816666666666666,11.333333333333334,7.983333333333333,8.116666666666667,6.033333333333333,8.066666666666666,2.5166666666666666,8.133333333333333,7.6,9.416666666666666,10.033333333333331,14.733333333333333,76.86666666666666,48.36666666666667,139.96666666666664,0.2882352941176471,0.5358166189111748
dexter-buchanan,HYROX DOUBLES MIXED,30-34,,Sydney,2026,2.683333333333333,3.466666666666667,3.033333333333333,1.4333333333333331,3.1333333333333333,2.1166666666666667,3.183333333333333,2.2,3.2666666666666666,4.0,3.183333333333333,1.1,3.283333333333333,2.35,4.433333333333334,3.35,5.233333333333333,26.2,20.01666666666667,51.45,0.3947368421052632,0.6771653543307086
taytum-green,HYROX DOUBLES MIXED,25-29,,Sydney,2026,2.8833333333333333,3.733333333333333,3.3666666666666667,1.2333333333333334,3.4833333333333334,1.9833333333333332,3.533333333333333,2.8666666666666667,3.45,4.016666666666667,3.4,1.2166666666666666,3.5166666666666666,2.9,4.7,3.7,5.566666666666666,28.333333333333332,21.65,55.55,0.38652482269503546,0.6218487394957984
nathan-mcelroy,HYROX DOUBLES MIXED,30-34,,Sydney,2026,3.1166666666666667,3.95,3.316666666666667,1.5333333333333334,3.466666666666667,2.7666666666666666,3.4833333333333334,2.183333333333333,3.5166666666666666,4.166666666666667,3.533333333333333,1.4333333333333331,3.633333333333333,2.8666666666666667,4.95,3.466666666666667,5.4,29.016666666666662,22.366666666666667,56.78333333333332,0.3703703703703704,0.5542168674698795
ben-hennessy,HYROX DOUBLES MIXED,25-29,,Sydney,2026,3.15,3.8,3.6,1.5333333333333334,3.85,2.4166666666666665,3.7,2.15,3.7666666666666666,3.933333333333333,3.65,1.2666666666666666,3.816666666666667,2.6166666666666667,5.133333333333334,3.6666666666666665,5.883333333333334,30.666666666666664,21.383333333333336,57.933333333333316,0.3863636363636364,0.6344827586206897
amy-jackson,HYROX DOUBLES MIXED,30-34,,Sydney,2026,2.8,3.8666666666666663,3.216666666666667,1.7666666666666666,3.45,3.2,3.3666666666666667,3.6666666666666665,3.35,4.233333333333333,3.35,1.25,3.533333333333333,2.95,4.933333333333334,4.05,5.533333333333333,28.000000000000004,24.98333333333333,58.51666666666667,0.4324324324324325,0.5520833333333333
matt-gorman,HYROX DOUBLES MIXED,25-29,,Sydney,2026,3.25,3.7,3.5166666666666666,1.6666666666666667,3.7666666666666666,2.7333333333333334,3.716666666666667,2.45,3.816666666666667,4.016666666666667,3.7666666666666666,1.6666666666666667,3.733333333333333,2.5166666666666666,5.2,3.65,5.75,30.766666666666666,22.4,58.916666666666664,0.375,0.6097560975609756
nathan-lyons,HYROX DOUBLES MIXED,25-29,,Sydney,2026,3.45,3.716666666666667,3.583333333333333,1.4833333333333334,3.683333333333333,2.816666666666667,3.6666666666666665,3.083333333333333,3.783333333333333,4.116666666666666,3.8,1.5833333333333333,3.6,2.816666666666667,5.1,3.5166666666666666,5.716666666666667,30.666666666666664,23.133333333333333,59.51666666666668,0.3235294117647058,0.5266272189349113
jennifer-lovelock,HYROX DOUBLES MIXED,40-44,,Sydney,2026,3.3,3.933333333333333,3.65,1.5333333333333334,3.6666666666666665,3.033333333333333,3.566666666666667,2.6333333333333333,3.683333333333333,4.266666666666667,3.566666666666667,1.4833333333333334,3.716666666666667,3.2,5.133333333333334,3.633333333333333,5.95,30.28333333333333,23.716666666666665,59.949999999999996,0.3571428571428572,0.5054945054945056
daniel-butler,HYROX DOUBLES MIXED,25-29,,Sydney,2026,3.0,3.883333333333333,3.533333333333333,1.5666666666666669,3.85,2.816666666666667,3.85,2.65,3.9,3.966666666666667,3.983333333333333,1.45,3.9,3.4,5.25,3.583333333333333,6.066666666666666,31.266666666666666,23.316666666666663,60.650000000000006,0.42857142857142855,0.5562130177514794
jordon-mudge,HYROX DOUBLES MIXED,30-34,,Sydney,2026,3.433333333333333,3.85,3.65,1.5166666666666666,3.95,2.683333333333333,3.883333333333333,2.3833333333333333,4.016666666666667,4.483333333333333,3.9,1.6666666666666667,3.9166666666666665,3.1333333333333333,5.35,3.733333333333333,5.933333333333334,32.1,23.450000000000003,61.483333333333334,0.3582554517133956,0.5652173913043479
dee-parisi,HYROX DOUBLES MIXED,25-29,,Sydney,2026,3.183333333333333,3.9166666666666665,3.783333333333333,1.5833333333333333,3.983333333333333,2.683333333333333,4.083333333333333,2.85,3.9,4.016666666666667,3.966666666666667,1.1166666666666667,4.183333333333334,2.7333333333333334,5.583333333333333,3.55,6.583333333333333,32.666666666666664,22.450000000000003,61.699999999999996,0.4298507462686567,0.5900621118012422
madison-cliff,HYROX DOUBLES MIXED,25-29,,Sydney,2026,3.3,3.9166666666666665,3.6,1.8666666666666667,3.75,2.816666666666667,3.75,3.033333333333333,3.883333333333333,4.25,3.8666666666666663,1.4166666666666667,3.85,3.15,5.5,3.7,6.383333333333334,31.5,24.15,62.03333333333333,0.4,0.6627218934911242
claire-foreman,HYROX DOUBLES MIXED,35-39,,Sydney,2026,3.1666666666666665,3.95,3.533333333333333,1.7,3.65,3.45,3.65,3.466666666666667,3.733333333333333,4.416666666666667,3.7666666666666666,1.3833333333333333,3.783333333333333,3.583333333333333,5.133333333333334,3.7,6.4,30.416666666666664,25.65,62.466666666666676,0.3831168831168832,0.49275362318840576
araminta-lawson-smith,HYROX DOUBLES MIXED,25-29,,Sydney,2026,3.4833333333333334,3.9,3.633333333333333,1.55,3.8666666666666663,3.45,3.8333333333333335,2.65,3.9,4.416666666666667,3.883333333333333,1.4,3.95,3.15,5.483333333333333,3.533333333333333,6.916666666666667,32.03333333333333,24.049999999999997,62.999999999999986,0.364741641337386,0.4492753623188406
duncan-friedrich,HYROX DOUBLES MIXED,30-34,,Sydney,2026,3.95,3.983333333333333,4.033333333333333,1.25,4.066666666666666,2.966666666666667,4.033333333333333,2.5166666666666666,4.1,4.016666666666667,4.066666666666666,1.6,4.066666666666666,2.75,5.4,4.016666666666667,6.566666666666666,33.71666666666667,23.099999999999998,63.38333333333334,0.26851851851851855,0.42134831460674155
laura-fransheska,HYROX DOUBLES MIXED,25-29,,Sydney,2026,3.733333333333333,4.183333333333334,3.9,1.8666666666666667,3.983333333333333,2.95,3.9,2.583333333333333,3.883333333333333,4.35,3.9,1.4833333333333334,3.9166666666666665,2.966666666666667,5.466666666666667,4.016666666666667,6.666666666666667,32.68333333333333,24.4,63.75,0.3170731707317074,0.6327683615819208
oliver-deakin,HYROX DOUBLES MIXED,16-24,,Sydney,2026,3.816666666666667,3.75,4.066666666666666,1.4833333333333334,4.25,2.833333333333333,4.1,2.583333333333333,4.266666666666667,4.033333333333333,4.166666666666667,1.7,4.266666666666667,2.966666666666667,5.8,3.6,6.416666666666667,34.733333333333334,22.950000000000003,64.10000000000001,0.3419540229885057,0.5235294117647059
caitlin-cooper,HYROX DOUBLES MIXED,35-39,,Sydney,2026,3.55,3.983333333333333,3.95,1.65,4.15,2.95,4.133333333333334,3.05,4.166666666666667,4.166666666666667,4.1,1.4333333333333331,4.15,3.1166666666666667,5.683333333333334,3.633333333333333,6.6,33.88333333333334,23.983333333333334,64.46666666666667,0.37536656891495607,0.559322033898305
tara-schmidt,HYROX DOUBLES MIXED,25-29,,Sydney,2026,3.3833333333333333,3.85,4.45,1.65,4.533333333333333,2.6333333333333333,4.466666666666667,1.9,4.416666666666667,3.966666666666667,4.35,1.2166666666666666,4.433333333333334,2.65,6.266666666666667,3.35,7.133333333333334,36.300000000000004,21.21666666666667,64.65,0.4601063829787234,0.6265822784810127
jay-haydock,HYROX DOUBLES MIXED,16-24,,Sydney,2026,3.4166666666666665,4.016666666666667,3.75,1.7666666666666666,3.9166666666666665,2.95,3.9,3.2666666666666666,4.066666666666666,4.633333333333334,3.883333333333333,1.4333333333333331,4.133333333333334,3.966666666666667,5.416666666666667,3.716666666666667,6.583333333333333,32.48333333333333,25.75,64.81666666666666,0.3692307692307693,0.5988700564971751
jordan-bothwell,HYROX DOUBLES MIXED,16-24,,Sydney,2026,3.6666666666666665,4.0,3.783333333333333,1.7,4.083333333333333,2.933333333333333,4.233333333333333,3.15,4.366666666666666,4.283333333333333,4.083333333333333,1.45,4.283333333333333,3.1333333333333333,5.716666666666667,3.8666666666666663,6.35,34.21666666666667,24.516666666666666,65.08333333333333,0.35860058309037907,0.5795454545454546
mitch-white,HYROX DOUBLES MIXED,25-29,,Sydney,2026,4.016666666666667,3.733333333333333,4.266666666666667,1.2666666666666666,4.166666666666667,2.833333333333333,4.333333333333333,2.6666666666666665,4.3,3.983333333333333,4.333333333333333,1.1833333333333331,4.466666666666667,2.8666666666666667,5.716666666666667,4.35,6.833333333333333,35.6,22.883333333333333,65.31666666666666,0.2973760932944607,0.4470588235294118
john-devine,HYROX DOUBLES MIXED,25-29,,Sydney,2026,4.0,4.15,3.8,1.75,4.083333333333333,2.95,4.05,2.933333333333333,4.3,4.233333333333333,4.183333333333334,1.5166666666666666,4.166666666666667,2.9166666666666665,5.783333333333333,3.7666666666666666,6.85,34.36666666666667,24.21666666666667,65.43333333333332,0.34293948126801155,0.5932203389830508
thibault-bellanger,HYROX DOUBLES MIXED,30-34,,Sydney,2026,3.9,3.933333333333333,4.15,1.3666666666666667,4.333333333333333,2.583333333333333,4.266666666666667,2.45,4.433333333333334,4.25,4.316666666666666,1.3,4.4,2.833333333333333,6.033333333333333,3.65,7.466666666666667,35.83333333333333,22.366666666666664,65.66666666666666,0.35359116022099446,0.5290322580645161
james-gannon,HYROX DOUBLES MIXED,30-34,,Sydney,2026,4.0,3.883333333333333,4.066666666666666,1.7333333333333334,4.25,2.9833333333333334,4.2,2.6666666666666665,4.35,4.333333333333333,4.283333333333333,1.55,4.25,2.833333333333333,5.966666666666667,3.8333333333333335,6.6,35.36666666666667,23.816666666666663,65.78333333333333,0.3296089385474861,0.5810055865921788
alan-murphy,HYROX DOUBLES MIXED,25-29,,Sydney,2026,3.5,4.066666666666666,3.783333333333333,1.45,4.1,3.283333333333333,3.9166666666666665,3.6666666666666665,4.066666666666666,4.616666666666666,4.0,1.35,4.016666666666667,3.6166666666666663,5.433333333333334,4.066666666666666,7.0,32.81666666666666,26.116666666666667,65.93333333333332,0.35582822085889576,0.4416243654822335
jade-huffadine,HYROX DOUBLES MIXED,30-34,,Sydney,2026,3.083333333333333,3.983333333333333,3.983333333333333,1.6833333333333331,4.15,2.9166666666666665,4.2,3.1,4.316666666666666,4.183333333333334,4.133333333333334,1.3666666666666667,4.1,3.316666666666667,6.166666666666667,4.45,7.1,34.13333333333333,24.999999999999996,66.23333333333333,0.5000000000000001,0.5771428571428571
leila-hampson,HYROX DOUBLES MIXED,25-29,,Sydney,2026,3.883333333333333,3.966666666666667,3.983333333333333,1.7333333333333334,4.083333333333333,2.816666666666667,4.166666666666667,3.05,4.3,4.3,4.333333333333333,1.8,4.233333333333333,3.35,6.0,3.6666666666666665,6.716666666666667,34.983333333333334,24.683333333333337,66.38333333333333,0.35277777777777786,0.6153846153846153
angus-pulver,HYROX DOUBLES MIXED,35-39,,Sydney,2026,4.066666666666666,3.75,4.266666666666667,1.25,4.35,2.183333333333333,4.516666666666667,2.65,4.516666666666667,4.25,4.45,1.2333333333333334,4.35,3.1,6.15,4.283333333333333,7.25,36.666666666666664,22.700000000000003,66.61666666666666,0.3387533875338754,0.5725190839694657
samson-alderman,HYROX DOUBLES MIXED,30-34,,Sydney,2026,4.116666666666666,3.8666666666666663,4.4,1.4833333333333334,4.366666666666666,2.7333333333333334,4.416666666666667,2.6666666666666665,4.566666666666666,4.266666666666667,4.35,1.1833333333333331,4.5,2.9833333333333334,5.8,4.0,7.066666666666666,36.516666666666666,23.183333333333334,66.76666666666667,0.2902298850574713,0.5426829268292683
kartyja-popovich,HYROX DOUBLES MIXED,25-29,,Sydney,2026,3.883333333333333,3.85,3.966666666666667,1.4666666666666666,4.283333333333333,2.6333333333333333,4.233333333333333,2.533333333333333,4.366666666666666,4.4,4.35,1.4166666666666667,4.366666666666666,3.1333333333333333,6.183333333333334,3.8,8.1,35.63333333333334,23.233333333333334,66.96666666666667,0.371967654986523,0.5569620253164557
kim-forwood,HYROX DOUBLES MIXED,40-44,,Sydney,2026,3.983333333333333,4.233333333333333,4.066666666666666,1.5333333333333334,4.166666666666667,3.1166666666666667,4.116666666666666,3.45,4.25,4.45,4.083333333333333,1.3333333333333333,4.066666666666666,3.4833333333333334,5.85,3.7666666666666666,7.2,34.58333333333333,25.366666666666664,67.15,0.31908831908831914,0.4919786096256685
ashley-aldrich,HYROX DOUBLES MIXED,16-24,,Sydney,2026,3.333333333333333,3.966666666666667,3.9166666666666665,1.8833333333333333,4.283333333333333,3.1666666666666665,4.266666666666667,2.783333333333333,4.3,4.366666666666666,4.266666666666667,1.2666666666666666,4.533333333333333,3.9,6.166666666666667,3.783333333333333,7.083333333333333,35.06666666666666,25.11666666666666,67.26666666666665,0.45945945945945954,0.5947368421052632
cormac-chalmers,HYROX DOUBLES MIXED,35-39,,Sydney,2026,4.283333333333333,3.95,4.316666666666666,1.5166666666666666,4.266666666666667,2.5166666666666666,4.233333333333333,2.933333333333333,4.466666666666667,4.366666666666666,4.333333333333333,1.5833333333333333,4.15,4.016666666666667,5.65,3.9166666666666665,6.916666666666667,35.7,24.799999999999997,67.41666666666667,0.2654867256637168,0.6026490066225165
wiliam-johannesen,HYROX DOUBLES MIXED,16-24,,Sydney,2026,3.966666666666667,4.0,4.033333333333333,1.8666666666666667,4.116666666666666,3.466666666666667,4.116666666666666,2.95,4.283333333333333,4.416666666666667,4.216666666666667,1.6333333333333333,4.483333333333333,2.9833333333333334,6.083333333333333,3.966666666666667,6.966666666666667,35.300000000000004,25.28333333333334,67.55000000000001,0.347945205479452,0.5384615384615384
jesse-langton,HYROX DOUBLES MIXED,35-39,,Sydney,2026,3.6,4.05,3.8333333333333335,1.7,4.366666666666666,3.1666666666666665,4.15,2.833333333333333,4.283333333333333,4.383333333333334,4.35,1.8666666666666667,4.283333333333333,3.583333333333333,5.8,4.4,7.05,34.666666666666664,25.983333333333334,67.7,0.3793103448275862,0.5368421052631579
andrew-nipperess,HYROX DOUBLES MIXED,25-29,,Sydney,2026,3.65,4.0,4.05,1.8333333333333333,4.283333333333333,3.083333333333333,4.216666666666667,3.0,4.25,4.333333333333333,4.383333333333334,1.3666666666666667,4.633333333333334,3.583333333333333,6.083333333333333,3.883333333333333,7.233333333333333,35.55,25.083333333333332,67.86666666666667,0.39999999999999997,0.5945945945945946
zoe-sherwood,HYROX DOUBLES MIXED,40-44,,Sydney,2026,3.966666666666667,4.116666666666666,4.066666666666666,2.0,4.2,2.8,4.3,2.8,4.516666666666667,4.383333333333334,4.466666666666667,1.8,4.35,3.45,6.033333333333333,3.466666666666667,7.316666666666666,35.9,24.816666666666663,68.03333333333333,0.34254143646408836,0.7142857142857143
kayla-villarreal,HYROX DOUBLES MIXED,16-24,,Sydney,2026,3.85,4.183333333333334,4.3,1.5,4.316666666666666,2.95,4.3,3.15,4.45,4.4,4.466666666666667,1.5166666666666666,4.683333333333334,3.5166666666666666,6.1,3.4833333333333334,6.933333333333334,36.46666666666666,24.7,68.1,0.3688524590163934,0.5084745762711864
tim-gaynor,HYROX DOUBLES MIXED,30-34,,Sydney,2026,3.65,4.4,3.933333333333333,1.75,4.25,3.566666666666667,4.066666666666666,3.1333333333333333,4.116666666666666,4.716666666666667,4.316666666666666,1.75,4.2,3.55,5.983333333333333,3.75,7.15,34.516666666666666,26.616666666666667,68.28333333333333,0.38997214484679665,0.49065420560747663
nicholas-percy,HYROX DOUBLES MIXED,45-49,,Sydney,2026,3.683333333333333,4.283333333333333,4.066666666666666,1.7333333333333334,4.316666666666666,3.333333333333333,4.316666666666666,2.833333333333333,4.416666666666667,4.433333333333334,4.5,1.4666666666666666,4.466666666666667,3.333333333333333,6.233333333333333,3.8333333333333335,7.216666666666667,36.0,25.249999999999996,68.46666666666668,0.4090909090909091,0.52
richard-birnie,HYROX DOUBLES MIXED,25-29,,Sydney,2026,4.266666666666667,3.983333333333333,4.333333333333333,1.6666666666666667,4.266666666666667,3.65,4.283333333333333,2.85,4.55,4.2,4.7,1.3333333333333333,4.216666666666667,3.3666666666666667,5.716666666666667,3.8333333333333335,7.35,36.333333333333336,24.88333333333333,68.56666666666668,0.26239067055393583,0.4566210045662101
bryar-sissian,HYROX DOUBLES MIXED,35-39,,Sydney,2026,3.883333333333333,4.3,4.083333333333333,1.9166666666666667,4.133333333333334,3.2333333333333334,4.1,3.066666666666667,4.25,4.766666666666667,4.083333333333333,1.4833333333333334,4.383333333333334,3.933333333333333,5.816666666666666,4.083333333333333,7.133333333333334,34.733333333333334,26.78333333333333,68.65,0.33237822349570206,0.5927835051546392
nicole-campbell,HYROX DOUBLES MIXED,40-44,,Sydney,2026,3.716666666666667,3.933333333333333,4.083333333333333,1.55,4.5,3.05,4.383333333333334,2.7666666666666666,4.55,4.45,4.55,1.4333333333333331,5.033333333333333,3.5,6.35,3.816666666666667,7.1,37.16666666666667,24.5,68.76666666666667,0.41469816272965876,0.5081967213114754
jack-mchugh,HYROX DOUBLES MIXED,16-24,,Sydney,2026,3.9166666666666665,3.933333333333333,4.35,1.45,4.55,2.6166666666666667,4.4,2.783333333333333,4.733333333333333,4.366666666666666,4.7,1.5833333333333333,4.216666666666667,3.216666666666667,6.25,4.533333333333333,7.283333333333333,37.11666666666667,24.483333333333327,68.88333333333334,0.37333333333333335,0.554140127388535
elsa-mccabe,HYROX DOUBLES MIXED,30-34,,Sydney,2026,4.433333333333334,4.4,4.066666666666666,1.9666666666666663,4.033333333333333,3.5,3.983333333333333,3.033333333333333,4.416666666666667,4.45,4.1,1.45,4.183333333333334,3.716666666666667,5.716666666666667,4.566666666666666,7.016666666666667,34.93333333333333,27.083333333333332,69.03333333333333,0.3032069970845482,0.5619047619047618
elle-madden,HYROX DOUBLES MIXED,30-34,,Sydney,2026,4.133333333333334,3.9166666666666665,4.316666666666666,1.4333333333333331,4.5,2.816666666666667,4.516666666666667,3.433333333333333,4.566666666666666,4.5,4.333333333333333,1.5833333333333333,4.483333333333333,3.3666666666666667,6.183333333333334,3.683333333333333,7.366666666666666,37.03333333333333,24.733333333333334,69.13333333333333,0.3315363881401617,0.5088757396449703
christopher-downey,HYROX DOUBLES MIXED,25-29,,Sydney,2026,4.166666666666667,4.2,4.15,1.65,4.15,3.083333333333333,4.1,3.8,4.15,4.583333333333333,4.216666666666667,1.5666666666666669,4.283333333333333,3.5,6.016666666666667,4.55,7.116666666666666,35.233333333333334,26.933333333333334,69.28333333333333,0.31855955678670367,0.5351351351351351
ethan-christensen,HYROX DOUBLES MIXED,30-34,,Sydney,2026,4.483333333333333,3.8333333333333335,4.466666666666667,1.5666666666666669,4.666666666666667,2.333333333333333,4.55,2.8833333333333333,4.566666666666666,4.1,4.483333333333333,1.3666666666666667,4.733333333333333,3.45,6.316666666666666,3.816666666666667,7.75,38.266666666666666,23.349999999999998,69.36666666666667,0.29287598944591026,0.6714285714285716
maria-psarris,HYROX DOUBLES MIXED,25-29,,Sydney,2026,3.966666666666667,4.05,4.55,1.5333333333333334,4.766666666666667,2.75,4.716666666666667,2.55,4.85,4.333333333333333,4.783333333333333,1.2666666666666666,4.95,2.816666666666667,6.533333333333333,3.55,7.55,39.11666666666667,22.849999999999998,69.51666666666667,0.39285714285714285,0.5575757575757576
luka-hrzina,HYROX DOUBLES MIXED,40-44,,Sydney,2026,3.55,4.5,3.983333333333333,2.0166666666666666,4.133333333333334,3.533333333333333,4.2,3.25,4.25,5.083333333333333,4.216666666666667,1.5833333333333333,4.266666666666667,3.933333333333333,5.983333333333333,4.266666666666667,6.883333333333334,34.583333333333336,28.166666666666664,69.63333333333334,0.40668523676880225,0.5707547169811321
tiana-henderson,HYROX DOUBLES MIXED,25-29,,Sydney,2026,4.4,3.9,4.6,1.4333333333333331,4.95,2.1666666666666665,4.833333333333333,2.6166666666666667,5.183333333333334,4.25,4.9,1.1333333333333333,4.866666666666666,2.6,6.566666666666666,3.6666666666666665,7.683333333333334,40.3,21.76666666666667,69.74999999999999,0.32994923857868014,0.6615384615384615
rhiannon-lang,HYROX DOUBLES MIXED,35-39,,Sydney,2026,4.166666666666667,3.966666666666667,4.466666666666667,1.4833333333333334,4.566666666666666,2.433333333333333,4.466666666666667,3.3666666666666667,4.483333333333333,4.266666666666667,4.716666666666667,1.6833333333333331,4.833333333333333,3.566666666666667,6.283333333333333,4.083333333333333,7.166666666666667,37.983333333333334,24.849999999999998,70.0,0.3368700265251989,0.6095890410958905
rebecca-gauci,HYROX DOUBLES MIXED,35-39,,Sydney,2026,4.066666666666666,4.016666666666667,4.3,1.6,4.516666666666667,2.566666666666667,4.683333333333334,3.0,4.766666666666667,4.483333333333333,4.6,1.4833333333333334,4.683333333333334,3.533333333333333,6.616666666666666,3.6166666666666663,7.583333333333333,38.23333333333333,24.300000000000004,70.11666666666666,0.3853904282115869,0.6233766233766234
charlie-simpson,HYROX DOUBLES MIXED,30-34,,Sydney,2026,3.7666666666666666,3.9,4.0,1.5333333333333334,4.366666666666666,2.9833333333333334,4.65,3.066666666666667,4.8,4.583333333333333,4.816666666666666,1.4166666666666667,5.383333333333334,2.95,6.633333333333334,4.033333333333333,7.416666666666667,38.416666666666664,24.46666666666667,70.3,0.43216080402010054,0.5139664804469274
taylor-thorne,HYROX DOUBLES MIXED,35-39,,Sydney,2026,4.55,3.85,4.533333333333333,1.8333333333333333,4.7,2.8833333333333333,4.616666666666666,2.7333333333333334,4.8,4.3,4.783333333333333,1.3666666666666667,4.916666666666667,2.8833333333333333,6.433333333333334,3.85,7.416666666666667,39.33333333333333,23.700000000000003,70.45,0.2953367875647669,0.6358381502890174
matthew-waters,HYROX DOUBLES MIXED,35-39,,Sydney,2026,4.133333333333334,4.133333333333334,4.433333333333334,1.5,4.616666666666666,3.066666666666667,4.6,3.25,4.75,4.45,4.566666666666666,1.5,4.783333333333333,3.3666666666666667,6.433333333333334,3.733333333333333,7.2,38.31666666666666,25.000000000000004,70.51666666666667,0.3575129533678756,0.48913043478260865
kirsty-hollier,HYROX DOUBLES MIXED,30-34,,Sydney,2026,4.283333333333333,3.9166666666666665,4.483333333333333,1.6833333333333331,4.566666666666666,3.2,4.566666666666666,2.966666666666667,4.8,4.533333333333333,4.6,1.6666666666666667,4.55,3.5166666666666666,6.433333333333334,4.066666666666666,6.866666666666666,38.28333333333333,25.55,70.69999999999999,0.33419689119170987,0.5260416666666665
brodie-vassallo,HYROX DOUBLES MIXED,25-29,,Sydney,2026,3.6,4.116666666666666,4.316666666666666,1.3166666666666669,4.6,3.083333333333333,4.616666666666666,2.85,4.983333333333333,4.6,4.933333333333334,1.5666666666666669,4.6,3.2,6.75,3.8333333333333335,7.9,38.4,24.566666666666663,70.86666666666669,0.4666666666666667,0.42702702702702716
sarah-wade,HYROX DOUBLES MIXED,25-29,,Sydney,2026,4.55,3.783333333333333,4.933333333333334,1.4833333333333334,5.133333333333334,3.05,4.883333333333334,2.283333333333333,5.116666666666666,3.8666666666666663,4.85,1.5166666666666666,5.083333333333333,2.8,6.666666666666667,3.45,7.583333333333333,41.21666666666667,22.23333333333333,71.03333333333333,0.31750000000000006,0.4863387978142077
steph-crawshaw,HYROX DOUBLES MIXED,30-34,,Sydney,2026,4.133333333333334,4.033333333333333,4.133333333333334,2.316666666666667,4.3,3.183333333333333,4.316666666666666,3.6666666666666665,4.466666666666667,4.35,4.316666666666666,1.6333333333333333,4.533333333333333,4.25,6.35,4.25,6.833333333333333,36.550000000000004,27.68333333333333,71.06666666666666,0.3490813648293962,0.7277486910994766
havana-aramoana,HYROX DOUBLES MIXED,25-29,,Sydney,2026,3.983333333333333,3.983333333333333,4.316666666666666,1.5666666666666669,4.583333333333333,3.1166666666666667,4.533333333333333,2.9,4.75,4.316666666666666,4.8,1.7166666666666666,4.8,2.8,6.7,3.7666666666666666,8.533333333333333,38.46666666666667,24.166666666666664,71.16666666666667,0.4054726368159205,0.5026737967914439
may-lee-jones,HYROX DOUBLES MIXED,25-29,,Sydney,2026,3.983333333333333,3.933333333333333,4.433333333333334,1.6166666666666667,4.616666666666666,3.1166666666666667,4.65,2.9833333333333334,4.883333333333334,4.166666666666667,4.883333333333334,1.4,5.116666666666666,2.85,7.15,3.6666666666666665,7.833333333333333,39.71666666666666,23.733333333333334,71.28333333333332,0.442890442890443,0.5187165775401069
tegan-nadjarian,HYROX DOUBLES MIXED,35-39,,Sydney,2026,3.883333333333333,4.133333333333334,4.433333333333334,1.7333333333333334,4.4,2.9166666666666665,4.333333333333333,3.9,4.433333333333334,4.15,5.016666666666667,1.8166666666666669,4.45,3.75,6.283333333333333,4.05,7.683333333333334,37.233333333333334,26.450000000000003,71.36666666666666,0.3819628647214855,0.5942857142857143
samuel-skinner,HYROX DOUBLES MIXED,16-24,,Sydney,2026,4.116666666666666,4.6,4.183333333333334,1.7333333333333334,4.583333333333333,3.8,4.083333333333333,3.533333333333333,4.333333333333333,4.783333333333333,4.216666666666667,1.95,4.333333333333333,3.3833333333333333,6.116666666666666,4.9,6.85,35.96666666666666,28.68333333333333,71.49999999999999,0.33242506811989103,0.456140350877193
jen-harris,HYROX DOUBLES MIXED,30-34,,Sydney,2026,3.1333333333333333,3.8666666666666663,4.166666666666667,2.2,4.583333333333333,3.333333333333333,4.566666666666666,3.583333333333333,4.5,4.633333333333334,4.55,1.6833333333333331,4.433333333333334,3.4833333333333334,6.483333333333333,4.25,8.15,36.416666666666664,27.03333333333333,71.60000000000001,0.5167095115681234,0.6600000000000001
mitch-evans,HYROX DOUBLES MIXED,35-39,,Sydney,2026,3.9166666666666665,4.066666666666666,4.3,1.7833333333333334,4.466666666666667,3.35,4.5,3.066666666666667,4.85,4.466666666666667,4.6,1.6666666666666667,4.7,3.4166666666666665,6.866666666666666,4.416666666666667,7.3,38.199999999999996,26.233333333333338,71.73333333333333,0.42961165048543687,0.5323383084577115
saskia-boyle,HYROX DOUBLES MIXED,25-29,,Sydney,2026,3.9166666666666665,4.183333333333334,4.1,1.6833333333333331,4.283333333333333,3.1333333333333333,4.25,3.566666666666667,4.85,4.933333333333334,4.466666666666667,1.6833333333333331,4.233333333333333,3.75,6.066666666666666,5.3,7.383333333333334,36.16666666666667,28.233333333333334,71.78333333333335,0.3543956043956044,0.5372340425531914
david-ada,HYROX DOUBLES MIXED,45-49,,Sydney,2026,4.766666666666667,4.0,4.566666666666666,1.65,4.633333333333334,3.283333333333333,4.516666666666667,3.4,4.533333333333333,4.533333333333333,4.566666666666666,1.9166666666666667,4.433333333333334,3.633333333333333,6.25,4.266666666666667,6.983333333333333,38.266666666666666,26.683333333333334,71.93333333333332,0.29066666666666663,0.5025380710659898
johwan-kim,HYROX DOUBLES MIXED,25-29,,Sydney,2026,3.7666666666666666,4.083333333333333,4.216666666666667,1.9833333333333332,4.966666666666667,4.35,4.766666666666667,2.95,4.816666666666666,4.316666666666666,4.766666666666667,1.4833333333333334,4.533333333333333,3.1,6.2,3.933333333333333,7.8,38.03333333333333,26.200000000000003,72.03333333333333,0.39247311827956993,0.4559386973180077
mark-bonello,HYROX DOUBLES MIXED,45-49,,Sydney,2026,3.966666666666667,4.066666666666666,4.316666666666666,2.066666666666667,4.433333333333334,4.183333333333334,4.333333333333333,3.333333333333333,4.566666666666666,4.65,4.383333333333334,1.75,4.316666666666666,3.8,6.166666666666667,4.483333333333333,7.316666666666666,36.483333333333334,28.333333333333332,72.13333333333333,0.3567567567567568,0.4940239043824701
alison-jones,HYROX DOUBLES MIXED,35-39,,Sydney,2026,4.316666666666666,4.133333333333334,4.683333333333334,1.8166666666666669,4.95,2.683333333333333,5.1,2.95,4.783333333333333,4.25,4.8,1.75,4.8,3.3666666666666667,6.25,4.15,7.516666666666667,39.68333333333333,25.1,72.3,0.30933333333333335,0.6770186335403728
robert-rein,HYROX DOUBLES MIXED,30-34,,Sydney,2026,4.1,4.2,4.366666666666666,1.7333333333333334,4.5,3.5,4.6,3.15,4.866666666666666,4.583333333333333,4.633333333333334,1.1833333333333331,4.7,3.966666666666667,6.65,3.95,7.733333333333333,38.416666666666664,26.26666666666667,72.41666666666667,0.38345864661654144,0.49523809523809526
eleanor-lidbetter,HYROX DOUBLES MIXED,25-29,,Sydney,2026,4.2,4.033333333333333,4.066666666666666,1.6333333333333333,4.483333333333333,3.066666666666667,4.5,3.7666666666666666,4.916666666666667,4.366666666666666,4.833333333333333,1.3833333333333333,4.616666666666666,3.6,6.75,3.933333333333333,8.333333333333334,38.36666666666667,25.783333333333335,72.48333333333333,0.3975308641975309,0.5326086956521738
emerson-irvine,HYROX DOUBLES MIXED,35-39,,Sydney,2026,4.433333333333334,3.9,4.733333333333333,1.7,4.95,3.25,4.883333333333334,2.466666666666667,4.85,4.183333333333334,5.0,1.7166666666666666,5.083333333333333,3.05,6.733333333333333,3.45,8.183333333333334,40.66666666666667,23.716666666666665,72.56666666666668,0.34158415841584155,0.5230769230769231
kurt-whiteley,HYROX DOUBLES MIXED,30-34,,Sydney,2026,4.083333333333333,3.933333333333333,4.95,1.65,5.333333333333333,2.7666666666666666,4.966666666666667,2.466666666666667,5.466666666666667,4.066666666666666,5.05,1.25,5.216666666666667,2.933333333333333,7.05,3.583333333333333,7.866666666666666,42.11666666666667,22.65,72.63333333333333,0.4208037825059102,0.5963855421686747
matthew-o-hanlon,HYROX DOUBLES MIXED,30-34,,Sydney,2026,4.5,4.483333333333333,4.466666666666667,1.3833333333333333,4.383333333333334,3.1333333333333333,4.45,3.5166666666666666,4.366666666666666,4.766666666666667,4.333333333333333,1.1833333333333331,4.8,3.4,6.75,4.45,8.4,38.05,26.316666666666663,72.76666666666667,0.3580246913580247,0.44148936170212766
katie-thomson,HYROX DOUBLES MIXED,40-44,,Sydney,2026,4.283333333333333,4.383333333333334,4.716666666666667,2.1166666666666667,4.783333333333333,3.333333333333333,4.733333333333333,2.783333333333333,4.666666666666667,4.583333333333333,4.883333333333334,2.0166666666666666,4.883333333333334,3.0,6.5,3.65,7.583333333333333,39.45,25.866666666666664,72.9,0.34102564102564104,0.6350000000000001
mitch-camilleri,HYROX DOUBLES MIXED,16-24,,Sydney,2026,4.6,4.033333333333333,4.566666666666666,1.6833333333333331,4.45,3.433333333333333,4.466666666666667,2.8833333333333333,4.433333333333334,4.116666666666666,4.316666666666666,1.8666666666666667,4.383333333333334,6.033333333333333,6.216666666666667,4.433333333333334,7.083333333333333,37.43333333333334,28.48333333333333,72.99999999999999,0.3056300268096515,0.4902912621359223
marco-baker,HYROX DOUBLES MIXED,16-24,,Sydney,2026,3.9166666666666665,4.216666666666667,4.583333333333333,2.083333333333333,4.6,3.566666666666667,4.55,2.8,4.9,4.716666666666667,4.916666666666667,1.7333333333333334,4.866666666666666,3.25,6.483333333333333,4.216666666666667,7.7,38.81666666666666,26.583333333333336,73.10000000000001,0.39588688946015427,0.5841121495327102
jessica-kraushar,HYROX DOUBLES MIXED,45-49,,Sydney,2026,4.2,4.0,4.233333333333333,1.7666666666666666,4.55,3.333333333333333,4.616666666666666,3.2,4.766666666666667,4.583333333333333,4.7,1.85,4.85,4.5,6.65,4.233333333333333,7.233333333333333,38.56666666666666,27.46666666666667,73.26666666666667,0.3684210526315789,0.53
george-psarris,HYROX DOUBLES MIXED,25-29,,Sydney,2026,5.166666666666667,4.55,4.716666666666667,1.8333333333333333,4.616666666666666,3.1166666666666667,4.616666666666666,2.566666666666667,4.983333333333333,4.5,4.75,1.55,5.0,3.216666666666667,6.666666666666667,3.6166666666666663,7.983333333333333,40.516666666666666,24.950000000000003,73.45,0.3075000000000001,0.5882352941176471
thomas-langton,HYROX DOUBLES MIXED,16-24,,Sydney,2026,4.533333333333333,4.2,4.366666666666666,1.8,4.55,3.566666666666667,4.616666666666666,3.1333333333333333,4.966666666666667,4.783333333333333,5.05,1.55,4.783333333333333,3.2333333333333334,6.55,4.4,7.45,39.416666666666664,26.66666666666667,73.53333333333333,0.33333333333333337,0.5046728971962616
rachel-black,HYROX DOUBLES MIXED,25-29,,Sydney,2026,3.7666666666666666,4.066666666666666,4.233333333333333,1.6333333333333333,4.716666666666667,3.4833333333333334,4.633333333333334,3.6,4.716666666666667,4.65,4.766666666666667,1.9,4.816666666666666,3.7666666666666666,6.65,4.433333333333334,7.8,38.300000000000004,27.53333333333333,73.63333333333334,0.4335839598997494,0.4688995215311005
jenny-mistry,HYROX DOUBLES MIXED,25-29,,Sydney,2026,3.933333333333333,4.2,4.2,1.8833333333333333,4.45,3.7,4.516666666666667,3.716666666666667,5.033333333333333,4.783333333333333,4.583333333333333,1.7333333333333334,4.65,3.683333333333333,6.483333333333333,4.45,7.75,37.85,28.150000000000002,73.75,0.3933161953727507,0.509009009009009
peter-hinchley,HYROX DOUBLES MIXED,45-49,,Sydney,2026,4.033333333333333,4.316666666666666,4.283333333333333,1.95,4.283333333333333,3.85,4.183333333333334,4.883333333333334,4.366666666666666,4.333333333333333,4.316666666666666,1.5333333333333334,4.25,5.2,5.833333333333333,4.65,7.533333333333333,35.55,30.71666666666667,73.8,0.30857142857142855,0.5064935064935064
edward-trent,HYROX DOUBLES MIXED,40-44,,Sydney,2026,3.8666666666666663,4.166666666666667,4.283333333333333,1.7833333333333334,4.466666666666667,3.333333333333333,4.633333333333334,3.933333333333333,4.633333333333334,5.1,4.583333333333333,1.9666666666666663,4.616666666666666,4.383333333333334,6.183333333333334,4.066666666666666,7.9,37.266666666666666,28.73333333333333,73.9,0.3746630727762804,0.535
alyce-west,HYROX DOUBLES MIXED,35-39,,Sydney,2026,4.116666666666666,4.2,4.45,1.8833333333333333,4.616666666666666,3.85,4.516666666666667,3.4,4.616666666666666,4.483333333333333,4.733333333333333,1.5833333333333333,4.866666666666666,4.1,6.716666666666667,4.1,7.8,38.63333333333333,27.6,74.03333333333333,0.38709677419354843,0.48917748917748916
megan-hackett,HYROX DOUBLES MIXED,30-34,,Sydney,2026,4.483333333333333,4.25,4.716666666666667,1.4,5.15,3.583333333333333,5.016666666666667,3.35,4.816666666666666,4.383333333333334,4.85,1.35,5.0,3.6,6.816666666666666,4.15,7.216666666666667,40.849999999999994,26.06666666666667,74.13333333333334,0.3422982885085574,0.39069767441860465
marissa-barry,HYROX DOUBLES MIXED,25-29,,Sydney,2026,4.583333333333333,4.183333333333334,4.533333333333333,1.5666666666666669,4.85,3.733333333333333,4.4,3.816666666666667,4.683333333333334,4.633333333333334,4.7,1.6833333333333331,4.516666666666667,4.566666666666666,6.05,4.333333333333333,7.433333333333334,38.31666666666666,28.516666666666666,74.26666666666667,0.27272727272727265,0.41964285714285726
rebecca-ward,HYROX DOUBLES MIXED,40-44,,Sydney,2026,4.4,4.366666666666666,4.416666666666667,1.6,4.633333333333334,3.633333333333333,4.666666666666667,3.25,4.7,4.433333333333334,4.9,1.8666666666666667,4.816666666666666,3.716666666666667,6.816666666666666,4.433333333333334,7.733333333333333,39.349999999999994,27.3,74.38333333333333,0.354523227383863,0.4403669724770643
heidi-dumesich,HYROX DOUBLES MIXED,25-29,,Sydney,2026,4.016666666666667,4.216666666666667,4.233333333333333,1.7,4.366666666666666,4.516666666666667,4.533333333333333,3.2333333333333334,4.866666666666666,4.7,4.783333333333333,1.5666666666666669,4.816666666666666,3.983333333333333,5.7,5.45,7.766666666666667,37.31666666666666,29.366666666666667,74.45,0.2953216374269006,0.3763837638376384
giacomo-raimondi,HYROX DOUBLES MIXED,25-29,,Sydney,2026,4.1,4.416666666666667,4.566666666666666,2.183333333333333,4.7,3.533333333333333,4.8,2.816666666666667,4.966666666666667,4.866666666666666,4.783333333333333,1.3833333333333333,4.816666666666666,3.85,6.583333333333333,4.15,8.0,39.31666666666667,27.200000000000003,74.51666666666667,0.37721518987341773,0.6179245283018867
brandi-cole,HYROX DOUBLES MIXED,40-44,,Sydney,2026,4.1,3.8,4.583333333333333,1.7,5.266666666666667,3.05,4.166666666666667,2.9833333333333334,4.933333333333334,4.333333333333333,5.2,1.25,5.116666666666666,2.95,7.633333333333334,3.5,10.033333333333331,41.0,23.566666666666666,74.6,0.4628820960698691,0.5573770491803279
madeleine-gray,HYROX DOUBLES MIXED,25-29,,Sydney,2026,4.116666666666666,4.233333333333333,4.616666666666666,1.6333333333333333,4.95,3.1666666666666665,5.0,2.9,4.933333333333334,4.716666666666667,5.033333333333333,1.3333333333333333,5.15,3.4833333333333334,7.333333333333333,3.816666666666667,8.333333333333334,41.13333333333333,25.28333333333333,74.75,0.43863636363636366,0.5157894736842106
ellisha-wade,HYROX DOUBLES MIXED,30-34,,Sydney,2026,4.366666666666666,4.066666666666666,4.783333333333333,1.6666666666666667,4.9,3.733333333333333,4.766666666666667,3.2333333333333334,4.783333333333333,4.416666666666667,4.9,1.4,4.866666666666666,3.65,6.583333333333333,4.233333333333333,8.483333333333333,39.95,26.4,74.83333333333333,0.3367088607594937,0.4464285714285715
david-zhou,HYROX DOUBLES MIXED,25-29,,Sydney,2026,4.55,4.25,4.483333333333333,1.4333333333333331,4.633333333333334,3.316666666666667,4.55,2.8666666666666667,4.7,4.433333333333334,4.833333333333333,1.4166666666666667,4.633333333333334,4.55,6.7,5.466666666666667,8.083333333333334,39.083333333333336,27.733333333333334,74.89999999999999,0.3308457711442786,0.43216080402010043
jordan-cooper,HYROX DOUBLES MIXED,25-29,,Sydney,2026,4.533333333333333,4.266666666666667,4.583333333333333,1.7333333333333334,4.883333333333334,3.05,4.75,3.633333333333333,4.916666666666667,4.383333333333334,4.75,1.8166666666666669,4.75,3.15,6.483333333333333,5.116666666666666,8.183333333333334,39.650000000000006,27.15,74.98333333333333,0.3007712082262211,0.5683060109289618
josh-miller,HYROX DOUBLES MIXED,35-39,,Sydney,2026,4.316666666666666,4.033333333333333,4.433333333333334,1.9333333333333331,4.583333333333333,3.8666666666666663,4.55,3.25,4.75,4.516666666666667,4.816666666666666,1.7166666666666666,4.866666666666666,4.483333333333333,6.65,4.783333333333333,7.516666666666667,38.96666666666666,28.58333333333333,75.06666666666666,0.35087719298245623,0.5
steven-donnelly,HYROX DOUBLES MIXED,35-39,,Sydney,2026,4.4,4.033333333333333,4.8,1.7333333333333334,4.816666666666666,2.75,4.916666666666667,3.783333333333333,5.083333333333333,4.5,5.033333333333333,1.75,4.883333333333334,3.7666666666666666,6.7,4.066666666666666,8.116666666666667,40.63333333333333,26.38333333333333,75.13333333333333,0.34328358208955223,0.6303030303030304
blake-messenger,HYROX DOUBLES MIXED,25-29,,Sydney,2026,3.716666666666667,3.883333333333333,4.65,2.1,5.116666666666666,3.0,4.983333333333333,2.816666666666667,5.266666666666667,4.4,5.183333333333334,1.5333333333333334,4.866666666666666,3.733333333333333,7.35,4.316666666666666,8.416666666666666,41.13333333333333,25.783333333333335,75.33333333333334,0.49433106575963714,0.7000000000000001
jamie-walls-boller,HYROX DOUBLES MIXED,30-34,,Sydney,2026,4.883333333333334,4.116666666666666,4.9,1.85,4.866666666666666,3.35,4.783333333333333,2.8666666666666667,4.883333333333334,4.616666666666666,5.05,1.6666666666666667,5.05,4.15,6.616666666666666,3.883333333333333,7.866666666666666,41.03333333333334,26.5,75.39999999999999,0.27707808564231734,0.5522388059701493
jane-yelland,HYROX DOUBLES MIXED,50-54,,Sydney,2026,4.2,4.183333333333334,4.533333333333333,1.7666666666666666,4.766666666666667,3.4833333333333334,4.833333333333333,3.966666666666667,4.9,4.616666666666666,4.916666666666667,1.5166666666666666,4.95,4.233333333333333,6.883333333333334,4.25,7.5,39.983333333333334,28.016666666666666,75.5,0.3898305084745763,0.507177033492823
aaron-levin-dietrich,HYROX DOUBLES MIXED,30-34,,Sydney,2026,4.033333333333333,4.25,4.183333333333334,1.9333333333333331,4.4,3.5,4.366666666666666,3.983333333333333,4.5,5.016666666666667,4.316666666666666,1.9333333333333331,4.333333333333333,4.583333333333333,6.25,6.283333333333333,7.75,36.38333333333333,31.483333333333334,75.61666666666666,0.3546666666666667,0.5523809523809523
adam-boland,HYROX DOUBLES MIXED,25-29,,Sydney,2026,4.166666666666667,4.433333333333334,4.516666666666667,1.8666666666666667,4.616666666666666,3.566666666666667,4.733333333333333,3.983333333333333,4.833333333333333,4.483333333333333,4.833333333333333,1.4833333333333334,4.866666666666666,4.5,6.566666666666666,4.333333333333333,7.9,39.133333333333326,28.65,75.68333333333334,0.365482233502538,0.5233644859813084
seamus-ashton,HYROX DOUBLES MIXED,25-29,,Sydney,2026,4.05,4.166666666666667,4.433333333333334,2.2666666666666666,4.583333333333333,4.133333333333334,4.566666666666666,3.983333333333333,4.75,4.583333333333333,4.566666666666666,1.8833333333333333,4.733333333333333,4.383333333333334,6.333333333333333,4.266666666666667,8.133333333333333,38.016666666666666,29.666666666666664,75.81666666666666,0.3605263157894737,0.5483870967741935
maria-francis,HYROX DOUBLES MIXED,40-44,,Sydney,2026,3.8666666666666663,4.133333333333334,4.766666666666667,1.7666666666666666,4.833333333333333,3.1666666666666665,4.966666666666667,3.6666666666666665,5.083333333333333,4.6,4.866666666666666,1.6166666666666667,5.183333333333334,4.283333333333333,7.133333333333334,4.166666666666667,7.783333333333333,40.699999999999996,27.400000000000002,75.88333333333333,0.45794392523364497,0.5578947368421052
zakariya-alzoubi,HYROX DOUBLES MIXED,16-24,,Sydney,2026,4.5,4.4,4.833333333333333,1.7166666666666666,4.883333333333334,3.683333333333333,4.883333333333334,2.65,5.033333333333333,4.3,5.416666666666667,1.3666666666666667,5.116666666666666,3.5,7.3,4.133333333333334,8.233333333333333,41.96666666666666,25.75,75.94999999999999,0.3835616438356164,0.4660633484162896
lachlan-taylor,HYROX DOUBLES MIXED,16-24,,Sydney,2026,4.616666666666666,4.25,4.833333333333333,1.6,5.033333333333333,2.7666666666666666,5.116666666666666,3.816666666666667,5.183333333333334,4.466666666666667,5.066666666666666,1.8166666666666669,5.3,3.2333333333333334,7.316666666666666,3.933333333333333,7.716666666666667,42.46666666666667,25.883333333333333,76.06666666666668,0.3690205011389522,0.5783132530120483
chloe-collins,HYROX DOUBLES MIXED,25-29,,Sydney,2026,4.316666666666666,4.25,4.433333333333334,2.0,4.633333333333334,3.983333333333333,4.7,4.133333333333334,4.783333333333333,4.516666666666667,4.75,2.05,4.65,3.7,6.85,3.966666666666667,8.45,39.11666666666667,28.6,76.16666666666667,0.36982968369829683,0.5020920502092051
victor-cheung,HYROX DOUBLES MIXED,25-29,,Sydney,2026,4.066666666666666,4.4,4.2,2.083333333333333,4.333333333333333,4.3,4.45,3.85,4.816666666666666,4.75,4.566666666666666,1.9666666666666663,4.716666666666667,4.283333333333333,6.666666666666667,5.266666666666667,7.5,37.81666666666666,30.9,76.21666666666667,0.39000000000000007,0.4844961240310077
keira-campbell,HYROX DOUBLES MIXED,25-29,,Sydney,2026,3.983333333333333,4.15,4.5,2.05,4.8,4.0,4.75,3.1333333333333333,5.166666666666667,4.416666666666667,5.016666666666667,1.9166666666666667,5.2,3.85,7.133333333333334,4.483333333333333,7.7,40.55,28.000000000000004,76.24999999999999,0.44158878504672905,0.5125
christian-millgate,HYROX DOUBLES MIXED,35-39,,Sydney,2026,4.533333333333333,4.0,4.45,1.6,4.683333333333334,2.9833333333333334,4.75,3.216666666666667,4.833333333333333,4.65,4.833333333333333,2.1333333333333333,5.25,4.116666666666666,7.25,4.35,8.7,40.58333333333333,27.049999999999997,76.33333333333333,0.38620689655172413,0.5363128491620112
serena-el-koura,HYROX DOUBLES MIXED,25-29,,Sydney,2026,4.366666666666666,4.15,4.6,2.15,5.016666666666667,3.9,4.7,3.316666666666667,4.883333333333334,4.416666666666667,4.966666666666667,1.5,4.983333333333333,3.6666666666666665,6.833333333333333,4.633333333333334,8.433333333333334,40.35,27.733333333333334,76.51666666666667,0.3609756097560976,0.5512820512820513
kaylee-nolland,HYROX DOUBLES MIXED,30-34,,Sydney,2026,4.466666666666667,4.233333333333333,4.45,2.35,4.816666666666666,3.433333333333333,4.75,3.033333333333333,5.9,4.333333333333333,4.916666666666667,1.85,5.483333333333333,4.15,7.083333333333333,3.933333333333333,7.466666666666667,41.86666666666667,27.316666666666666,76.65,0.3717647058823529,0.6844660194174758
ben-tily,HYROX DOUBLES MIXED,35-39,,Sydney,2026,4.316666666666666,3.933333333333333,4.733333333333333,1.7833333333333334,5.016666666666667,2.8833333333333333,5.0,3.8,5.133333333333334,4.3,5.2,1.7666666666666666,5.166666666666667,3.65,7.716666666666667,3.983333333333333,8.366666666666667,42.28333333333333,26.099999999999998,76.75,0.44060475161987045,0.6184971098265897
eden-rosalie,HYROX DOUBLES MIXED,35-39,,Sydney,2026,4.5,3.933333333333333,4.733333333333333,1.7333333333333334,5.15,3.0166666666666666,5.066666666666666,3.583333333333333,5.1,4.316666666666666,5.216666666666667,1.7333333333333334,5.2,4.116666666666666,7.1,4.166666666666667,8.233333333333333,42.06666666666668,26.6,76.9,0.3661971830985915,0.574585635359116
alexander-rolfe,HYROX DOUBLES MIXED,30-34,,Sydney,2026,3.8666666666666663,3.983333333333333,4.566666666666666,2.8666666666666667,5.383333333333334,3.15,5.266666666666667,2.4166666666666665,5.433333333333334,4.366666666666666,5.033333333333333,1.3666666666666667,5.0,3.3,7.266666666666667,3.983333333333333,9.716666666666669,41.81666666666666,25.433333333333334,76.96666666666665,0.46788990825688076,0.9100529100529101
leigh-cook,HYROX DOUBLES MIXED,40-44,,Sydney,2026,4.166666666666667,4.583333333333333,4.333333333333333,1.7833333333333334,4.5,4.116666666666666,4.5,2.783333333333333,4.766666666666667,5.016666666666667,4.7,1.85,4.866666666666666,3.8666666666666663,7.366666666666666,4.2,9.683333333333334,39.199999999999996,28.2,77.08333333333333,0.43438914027149317,0.4331983805668017
alice-cummings,HYROX DOUBLES MIXED,25-29,,Sydney,2026,4.383333333333334,4.133333333333334,4.433333333333334,1.5666666666666669,4.8,3.333333333333333,4.616666666666666,4.116666666666666,4.883333333333334,4.433333333333334,4.95,1.9166666666666667,4.8,4.366666666666666,6.883333333333334,5.366666666666666,8.2,39.75,29.233333333333338,77.18333333333334,0.3631961259079903,0.4700000000000001
grace-ryanhart,HYROX DOUBLES MIXED,30-34,,Sydney,2026,5.083333333333333,3.95,4.916666666666667,1.6833333333333331,5.083333333333333,3.0166666666666666,5.2,3.033333333333333,5.283333333333333,4.316666666666666,5.5,1.6333333333333333,5.366666666666666,3.583333333333333,7.3,4.05,8.316666666666666,43.73333333333333,25.266666666666666,77.31666666666665,0.32648401826484014,0.5580110497237568
matthew-garzaniti,HYROX DOUBLES MIXED,30-34,,Sydney,2026,4.333333333333333,4.483333333333333,5.033333333333333,1.95,5.616666666666666,3.55,5.116666666666666,2.8833333333333333,5.35,4.783333333333333,5.433333333333334,1.25,5.4,2.8,7.333333333333333,3.55,8.516666666666667,43.616666666666674,25.25,77.38333333333334,0.4090909090909091,0.5492957746478874
steve-gavin,HYROX DOUBLES MIXED,40-44,,Sydney,2026,3.533333333333333,4.216666666666667,4.2,2.3833333333333333,6.9,4.25,4.716666666666667,3.6,4.7,4.533333333333333,5.116666666666666,1.5833333333333333,4.883333333333334,3.8666666666666663,6.783333333333333,3.933333333333333,8.283333333333333,40.833333333333336,28.366666666666667,77.48333333333333,0.4879227053140097,0.5607843137254902
samuel-milne,HYROX DOUBLES MIXED,25-29,,Sydney,2026,4.183333333333334,4.466666666666667,4.6,2.0166666666666666,4.9,4.0,4.9,3.533333333333333,5.066666666666666,4.983333333333333,5.116666666666666,2.0166666666666666,4.716666666666667,4.216666666666667,6.95,3.95,8.016666666666667,40.43333333333334,29.183333333333334,77.63333333333334,0.3980815347721822,0.5041666666666667
bodene-corvalan,HYROX DOUBLES MIXED,35-39,,Sydney,2026,4.383333333333334,4.083333333333333,5.033333333333333,1.7333333333333334,5.083333333333333,3.2,5.166666666666667,3.066666666666667,5.416666666666667,4.583333333333333,5.416666666666667,1.7833333333333334,4.95,3.45,7.183333333333334,4.6,8.65,42.63333333333334,26.5,77.78333333333335,0.38979118329466356,0.5416666666666666
henry-offord,HYROX DOUBLES MIXED,40-44,,Sydney,2026,4.333333333333333,4.366666666666666,4.6,2.6333333333333333,4.75,3.4166666666666665,4.916666666666667,3.65,4.866666666666666,4.866666666666666,4.866666666666666,2.2,5.0,3.8333333333333335,6.9,4.266666666666667,8.416666666666666,40.233333333333334,29.23333333333333,77.88333333333334,0.3719806763285025,0.7707317073170732
tyneesha-kerr,HYROX DOUBLES MIXED,25-29,,Sydney,2026,4.0,4.033333333333333,4.583333333333333,1.6,5.233333333333333,3.45,5.883333333333334,3.216666666666667,5.016666666666667,4.716666666666667,5.133333333333334,1.5666666666666669,5.15,3.883333333333333,7.266666666666667,4.416666666666667,8.816666666666666,42.266666666666666,26.883333333333333,77.96666666666668,0.4495412844036697,0.463768115942029
angela-royal,HYROX DOUBLES MIXED,45-49,,Sydney,2026,4.35,3.966666666666667,4.633333333333334,1.9,4.833333333333333,3.75,4.866666666666666,4.383333333333334,5.05,4.333333333333333,5.05,1.65,5.066666666666666,5.233333333333333,6.95,4.583333333333333,7.433333333333334,40.800000000000004,29.799999999999997,78.03333333333333,0.3741007194244605,0.5066666666666666
karl-laugesen,HYROX DOUBLES MIXED,25-29,,Sydney,2026,4.9,4.4,5.033333333333333,2.216666666666667,4.966666666666667,3.466666666666667,5.0,2.466666666666667,5.166666666666667,4.783333333333333,5.1,1.3833333333333333,5.116666666666666,4.283333333333333,6.983333333333333,4.6,8.2,42.266666666666666,27.6,78.06666666666666,0.29832935560859186,0.639423076923077
myko-baluyot,HYROX DOUBLES MIXED,35-39,,Sydney,2026,5.116666666666666,4.683333333333334,5.016666666666667,1.3833333333333333,5.183333333333334,3.4,5.233333333333333,2.85,5.25,4.366666666666666,5.216666666666667,1.8833333333333333,5.133333333333334,3.65,7.5,3.733333333333333,8.583333333333334,43.65,25.95,78.18333333333332,0.33111111111111113,0.4068627450980392
adelaide-morgan,HYROX DOUBLES MIXED,16-24,,Sydney,2026,3.966666666666667,4.05,4.716666666666667,1.85,4.966666666666667,3.816666666666667,4.9,4.416666666666667,5.116666666666666,4.6,4.933333333333334,1.95,4.8,4.183333333333334,6.65,4.5,8.9,40.05,29.366666666666667,78.31666666666668,0.4035087719298246,0.4847161572052402
jonathan-steed,HYROX DOUBLES MIXED,35-39,,Sydney,2026,4.916666666666667,4.316666666666666,4.666666666666667,1.5,5.166666666666667,3.7,5.05,3.1666666666666665,5.2,4.766666666666667,5.216666666666667,1.6666666666666667,5.133333333333334,3.816666666666667,7.233333333333333,4.183333333333334,8.683333333333334,42.583333333333336,27.116666666666667,78.38333333333334,0.3548387096774193,0.4054054054054054
hayden-cowan,HYROX DOUBLES MIXED,45-49,,Sydney,2026,4.45,4.35,4.816666666666666,2.1666666666666665,4.866666666666666,3.1166666666666667,5.083333333333333,3.716666666666667,5.133333333333334,4.55,5.066666666666666,1.5666666666666669,5.15,4.5,7.266666666666667,4.55,8.116666666666667,41.83333333333333,28.516666666666666,78.46666666666667,0.3876146788990825,0.695187165775401
rebecca-salvaggio,HYROX DOUBLES MIXED,16-24,,Sydney,2026,4.85,4.166666666666667,4.616666666666666,2.1666666666666665,5.083333333333333,3.7666666666666666,4.933333333333334,3.7,5.3,4.7,5.25,1.85,5.266666666666667,3.4,7.35,4.4,7.883333333333334,42.65,28.15,78.68333333333335,0.3718820861678005,0.5752212389380531
teigan-cole-barrett,HYROX DOUBLES MIXED,16-24,,Sydney,2026,4.633333333333334,4.333333333333333,4.733333333333333,2.15,5.283333333333333,3.85,5.0,3.316666666666667,5.366666666666666,4.55,4.916666666666667,1.55,5.3,4.033333333333333,7.133333333333334,4.55,8.033333333333333,42.36666666666667,28.333333333333332,78.73333333333333,0.35046728971962615,0.5584415584415584
andy-barker,HYROX DOUBLES MIXED,35-39,,Sydney,2026,4.666666666666667,4.35,4.766666666666667,1.9166666666666667,5.1,3.9166666666666665,4.916666666666667,3.2666666666666666,5.416666666666667,4.633333333333334,5.1,2.316666666666667,5.05,4.65,7.016666666666667,3.8333333333333335,8.0,42.03333333333333,28.88333333333333,78.91666666666666,0.33491686460807596,0.4893617021276596
nick-crosbie,HYROX DOUBLES MIXED,30-34,,Sydney,2026,5.0,3.883333333333333,4.816666666666666,1.6333333333333333,5.15,3.716666666666667,5.15,3.45,5.366666666666666,4.416666666666667,5.316666666666666,1.9,5.5,4.133333333333334,7.233333333333333,4.05,8.283333333333333,43.53333333333333,27.183333333333334,79.0,0.3341013824884793,0.43946188340807174
jessica-elsley,HYROX DOUBLES MIXED,35-39,,Sydney,2026,3.883333333333333,4.2,4.633333333333334,1.8166666666666669,4.8,3.8333333333333335,5.083333333333333,2.933333333333333,5.266666666666667,4.883333333333334,5.483333333333333,1.3833333333333333,5.166666666666667,5.083333333333333,7.15,4.6,8.883333333333333,41.46666666666666,28.733333333333334,79.08333333333331,0.45687645687645695,0.4739130434782609
angus-peck,HYROX DOUBLES MIXED,16-24,,Sydney,2026,4.65,4.133333333333334,5.4,1.5333333333333334,5.616666666666666,2.8,5.583333333333333,2.7333333333333334,5.433333333333334,4.316666666666666,5.433333333333334,1.3333333333333333,5.716666666666667,3.216666666666667,7.683333333333334,4.0,9.583333333333334,45.516666666666666,24.066666666666663,79.16666666666666,0.3947939262472885,0.5476190476190477
ryan-davidson,HYROX DOUBLES MIXED,35-39,,Sydney,2026,4.733333333333333,3.95,4.966666666666667,1.7833333333333334,5.183333333333334,3.4,5.1,3.633333333333333,5.616666666666666,4.566666666666666,5.333333333333333,1.8833333333333333,5.45,4.2,7.25,4.266666666666667,7.983333333333333,43.63333333333333,27.68333333333333,79.3,0.3471264367816092,0.5245098039215687
hayden-carpenter,HYROX DOUBLES MIXED,30-34,,Sydney,2026,4.2,3.966666666666667,4.866666666666666,1.45,5.166666666666667,3.0166666666666666,5.3,3.0166666666666666,5.433333333333334,4.616666666666666,5.55,1.8,5.316666666666666,5.183333333333334,7.833333333333333,4.116666666666666,8.566666666666666,43.66666666666667,27.166666666666668,79.39999999999999,0.4638297872340425,0.48066298342541436
renee-martinovic,HYROX DOUBLES MIXED,40-44,,Sydney,2026,4.85,4.016666666666667,4.966666666666667,1.6,5.35,3.2666666666666666,5.116666666666666,3.4166666666666665,5.483333333333333,4.55,5.283333333333333,1.8833333333333333,5.166666666666667,3.966666666666667,6.933333333333334,4.4,9.233333333333333,43.14999999999999,27.099999999999994,79.48333333333332,0.30048076923076933,0.489795918367347
simon-adnan-berry,HYROX DOUBLES MIXED,45-49,,Sydney,2026,4.466666666666667,4.266666666666667,4.85,1.75,5.166666666666667,4.1,4.983333333333333,4.116666666666666,4.966666666666667,4.583333333333333,5.016666666666667,1.85,5.116666666666666,4.216666666666667,7.1,4.85,8.166666666666666,41.66666666666667,29.733333333333334,79.56666666666668,0.3708920187793427,0.426829268292683
natalie-woo,HYROX DOUBLES MIXED,40-44,,Sydney,2026,4.433333333333334,4.083333333333333,4.633333333333334,2.05,4.866666666666666,3.466666666666667,5.05,4.166666666666667,5.133333333333334,4.55,4.866666666666666,1.8,5.15,6.066666666666666,6.666666666666667,4.866666666666666,7.8,40.8,31.05,79.64999999999998,0.335,0.5913461538461537
ariann-stone,HYROX DOUBLES MIXED,16-24,,Sydney,2026,4.833333333333333,4.15,5.016666666666667,1.5833333333333333,5.316666666666666,3.466666666666667,5.233333333333333,2.8,5.55,4.6,5.466666666666667,1.9166666666666667,5.633333333333334,3.716666666666667,8.166666666666666,3.9,8.4,45.21666666666666,26.133333333333333,79.75,0.40816326530612246,0.4567307692307692
gabriella-nancarrow,HYROX DOUBLES MIXED,16-24,,Sydney,2026,4.166666666666667,4.05,5.033333333333333,2.0,5.133333333333334,3.8666666666666663,5.416666666666667,3.2,5.466666666666667,4.583333333333333,5.35,1.5,5.466666666666667,4.05,7.566666666666666,4.683333333333334,8.3,43.60000000000001,27.933333333333334,79.83333333333334,0.4493392070484581,0.5172413793103449
sophie-hamilton,HYROX DOUBLES MIXED,30-34,,Sydney,2026,4.766666666666667,4.383333333333334,5.116666666666666,1.95,5.35,3.85,5.25,3.733333333333333,5.133333333333334,4.5,5.233333333333333,1.4666666666666666,4.983333333333333,4.033333333333333,6.533333333333333,5.1,8.55,42.36666666666667,29.016666666666666,79.93333333333334,0.27040816326530615,0.5064935064935064
greg-chaplin,HYROX DOUBLES MIXED,35-39,,Sydney,2026,4.45,4.066666666666666,4.716666666666667,1.8166666666666669,4.85,3.333333333333333,4.783333333333333,4.9,4.983333333333333,4.816666666666666,5.05,1.8166666666666669,4.95,4.733333333333333,6.883333333333334,5.766666666666667,8.083333333333334,40.66666666666667,31.249999999999996,80.0,0.35351089588377727,0.5450000000000002
zac-bywater,HYROX DOUBLES MIXED,25-29,,Sydney,2026,4.2,4.6,4.583333333333333,1.7166666666666666,4.966666666666667,3.15,5.1,3.933333333333333,5.35,4.9,5.216666666666667,1.6166666666666667,5.016666666666667,4.866666666666666,7.666666666666667,5.05,8.15,42.1,29.833333333333336,80.08333333333333,0.45217391304347826,0.544973544973545
chloe-penney,HYROX DOUBLES MIXED,16-24,,Sydney,2026,4.9,4.2,5.133333333333334,1.3833333333333333,5.45,3.45,5.383333333333334,4.05,5.333333333333333,4.6,5.15,1.5333333333333334,5.183333333333334,4.116666666666666,7.016666666666667,4.583333333333333,8.733333333333333,43.55,27.91666666666667,80.19999999999999,0.30166270783847976,0.4009661835748792
maru-peneha,HYROX DOUBLES MIXED,35-39,,Sydney,2026,4.233333333333333,4.183333333333334,4.6,2.2666666666666666,5.05,3.083333333333333,4.95,3.983333333333333,5.083333333333333,4.833333333333333,5.3,2.1666666666666665,5.366666666666666,4.066666666666666,7.983333333333333,4.416666666666667,8.733333333333333,42.56666666666666,29.0,80.30000000000001,0.4697286012526096,0.7351351351351352
charli-gibbens,HYROX DOUBLES MIXED,16-24,,Sydney,2026,4.266666666666667,4.133333333333334,4.4,1.9166666666666667,8.116666666666667,3.2333333333333334,5.3,3.6666666666666665,5.116666666666666,4.516666666666667,4.9,1.9,5.016666666666667,3.05,7.3,4.066666666666666,9.55,44.416666666666664,26.483333333333334,80.44999999999999,0.4743326488706366,0.5927835051546392
jeremy-punselie,HYROX DOUBLES MIXED,30-34,,Sydney,2026,5.0,4.3,5.35,1.9833333333333332,5.616666666666666,3.05,5.433333333333334,3.5166666666666666,5.566666666666666,4.533333333333333,5.45,1.1166666666666667,5.3,4.7,7.4,3.783333333333333,8.466666666666667,45.11666666666666,26.983333333333334,80.56666666666665,0.32432432432432434,0.6502732240437158
jenny-phung,HYROX DOUBLES MIXED,35-39,,Sydney,2026,4.683333333333334,4.483333333333333,4.7,2.0166666666666666,4.95,4.583333333333333,5.066666666666666,3.216666666666667,4.95,4.816666666666666,5.066666666666666,1.9333333333333331,5.283333333333333,4.166666666666667,7.9,3.8333333333333335,9.016666666666667,42.599999999999994,29.05,80.66666666666666,0.40717299578059074,0.44
callum-hindmarsh,HYROX DOUBLES MIXED,30-34,,Sydney,2026,4.716666666666667,3.8666666666666663,5.4,1.25,5.366666666666666,3.25,5.2,3.5166666666666666,5.5,4.25,5.85,1.6833333333333331,5.666666666666667,4.133333333333334,7.316666666666666,4.433333333333334,9.366666666666667,45.016666666666666,26.383333333333333,80.76666666666668,0.3553530751708428,0.38461538461538464
amy-odonoghue,HYROX DOUBLES MIXED,25-29,,Sydney,2026,4.683333333333334,4.266666666666667,4.916666666666667,2.05,5.0,4.283333333333333,5.05,3.683333333333333,4.95,4.433333333333334,5.05,1.6166666666666667,5.233333333333333,3.933333333333333,7.066666666666666,5.416666666666667,9.316666666666666,41.95,29.683333333333337,80.94999999999999,0.3372641509433962,0.47859922178988323
mathew-harrison,HYROX DOUBLES MIXED,30-34,,Sydney,2026,5.133333333333334,3.9166666666666665,5.283333333333333,1.5666666666666669,5.55,3.0,5.666666666666667,2.55,5.716666666666667,4.416666666666667,5.766666666666667,1.5,6.066666666666666,3.7,8.116666666666667,4.083333333333333,8.966666666666667,47.300000000000004,24.733333333333334,81.0,0.3675564681724846,0.5222222222222223
vanessa-kendall,HYROX DOUBLES MIXED,45-49,,Sydney,2026,4.25,4.266666666666667,4.933333333333334,1.9666666666666663,5.183333333333334,3.0,5.15,3.883333333333333,5.233333333333333,4.633333333333334,5.433333333333334,1.6333333333333333,5.566666666666666,4.7,7.816666666666666,4.783333333333333,8.766666666666667,43.56666666666666,28.866666666666667,81.19999999999999,0.4562899786780384,0.6555555555555554
stephanie-randall,HYROX DOUBLES MIXED,40-44,,Sydney,2026,4.683333333333334,3.95,5.1,1.55,5.233333333333333,3.066666666666667,5.5,4.283333333333333,5.65,4.366666666666666,5.5,1.8166666666666669,5.65,3.583333333333333,7.833333333333333,4.016666666666667,9.6,45.15,26.63333333333333,81.38333333333333,0.40212765957446805,0.5054347826086957
renelle-liddiard,HYROX DOUBLES MIXED,35-39,,Sydney,2026,4.783333333333333,4.35,4.983333333333333,1.6166666666666667,5.383333333333334,3.783333333333333,5.233333333333333,3.966666666666667,5.533333333333333,4.566666666666666,5.416666666666667,1.7166666666666666,5.366666666666666,4.433333333333334,7.35,4.383333333333334,8.65,44.05,28.816666666666663,81.51666666666668,0.3492063492063492,0.4273127753303965
emily-romanous,HYROX DOUBLES MIXED,30-34,,Sydney,2026,4.883333333333334,4.2,5.116666666666666,1.8,5.383333333333334,4.166666666666667,5.2,3.5166666666666666,5.216666666666667,4.633333333333334,5.2,2.0,5.0,4.083333333333333,8.233333333333333,4.283333333333333,8.7,44.233333333333334,28.68333333333333,81.61666666666666,0.4068825910931173,0.432
josh-oliver,HYROX DOUBLES MIXED,25-29,,Sydney,2026,4.35,3.933333333333333,5.083333333333333,1.4833333333333334,5.766666666666667,2.2666666666666666,5.816666666666666,3.15,5.883333333333334,4.116666666666666,6.183333333333334,1.2166666666666666,6.066666666666666,3.7,8.8,4.633333333333334,9.3,47.94999999999999,24.499999999999996,81.74999999999999,0.5056818181818182,0.6544117647058824
anthony-tran,HYROX DOUBLES MIXED,25-29,,Sydney,2026,5.05,4.383333333333334,5.216666666666667,2.0,5.283333333333333,3.8333333333333335,5.3,3.566666666666667,5.516666666666667,4.866666666666666,5.7,1.7333333333333334,5.883333333333334,3.216666666666667,7.65,4.033333333333333,8.616666666666667,45.599999999999994,27.633333333333333,81.85,0.3398692810457517,0.5217391304347826
reg-alofipo,HYROX DOUBLES MIXED,16-24,,Sydney,2026,5.183333333333334,4.033333333333333,5.15,1.7666666666666666,5.4,3.25,5.45,2.816666666666667,5.733333333333333,4.65,5.433333333333334,2.1666666666666665,5.4,4.233333333333333,7.1,4.05,10.216666666666669,44.85,26.96666666666667,82.03333333333333,0.2746478873239436,0.5435897435897435
britt-austin-mccann,HYROX DOUBLES MIXED,30-34,,Sydney,2026,4.666666666666667,4.166666666666667,4.783333333333333,1.6666666666666667,5.2,3.066666666666667,5.316666666666666,3.733333333333333,5.9,4.75,5.4,1.85,5.4,4.183333333333334,7.666666666666667,4.616666666666666,9.716666666666669,44.33333333333333,28.033333333333335,82.08333333333333,0.3913043478260869,0.5434782608695652
jon-ma,HYROX DOUBLES MIXED,35-39,,Sydney,2026,4.766666666666667,3.85,5.3,2.0,5.516666666666667,5.6,5.6,3.0166666666666666,5.783333333333333,4.2,5.733333333333333,1.4666666666666666,5.783333333333333,3.183333333333333,7.983333333333333,3.8333333333333335,8.65,46.46666666666666,27.149999999999995,82.26666666666667,0.40292275574112735,0.35714285714285715
robby-southall,HYROX DOUBLES MIXED,40-44,,Sydney,2026,4.433333333333334,4.45,4.516666666666667,1.9333333333333331,4.75,4.833333333333333,4.7,4.733333333333333,4.7,4.833333333333333,4.866666666666666,1.9333333333333331,4.833333333333333,6.116666666666666,6.633333333333334,6.4,7.75,39.43333333333333,35.233333333333334,82.41666666666667,0.3316582914572864,0.39999999999999997
darragh-fox,HYROX DOUBLES MIXED,25-29,,Sydney,2026,4.183333333333334,4.416666666666667,5.05,1.8166666666666669,5.266666666666667,3.883333333333333,5.166666666666667,4.05,5.166666666666667,5.183333333333334,5.116666666666666,1.85,5.066666666666666,5.35,7.583333333333333,5.05,8.266666666666667,42.6,31.600000000000005,82.46666666666667,0.4483516483516483,0.4678111587982834
thomas-nguyen,HYROX DOUBLES MIXED,30-34,,Sydney,2026,4.8,4.25,5.2,1.7333333333333334,5.5,5.4,5.35,3.6166666666666663,5.333333333333333,4.85,5.216666666666667,1.5333333333333334,5.25,4.6,7.25,3.8666666666666663,8.866666666666667,43.9,29.85,82.61666666666665,0.33793103448275863,0.32098765432098764
susan-carter,HYROX DOUBLES MIXED,40-44,,Sydney,2026,5.15,4.533333333333333,5.166666666666667,1.75,5.416666666666667,3.85,5.2,3.65,5.216666666666667,4.75,5.366666666666666,2.1166666666666667,5.483333333333333,4.583333333333333,7.516666666666667,4.6,8.4,44.516666666666666,29.83333333333333,82.74999999999999,0.31485587583148555,0.45454545454545453
jessica-bassett,HYROX DOUBLES MIXED,16-24,,Sydney,2026,7.183333333333334,4.366666666666666,5.116666666666666,7.116666666666666,5.15,3.566666666666667,4.983333333333333,3.216666666666667,5.183333333333334,4.3,4.716666666666667,1.4333333333333331,5.333333333333333,2.75,6.716666666666667,4.366666666666666,7.383333333333334,44.38333333333334,31.116666666666667,82.88333333333335,0.3433874709976798,1.995327102803738
david-adriel-rivera-garrido,HYROX DOUBLES MIXED,30-34,,Sydney,2026,3.983333333333333,4.716666666666667,4.316666666666666,2.9,4.65,5.066666666666666,4.733333333333333,4.45,4.483333333333333,5.133333333333334,4.95,1.9333333333333331,4.566666666666666,5.133333333333334,6.266666666666667,7.083333333333333,8.55,37.95,36.416666666666664,82.91666666666667,0.3643617021276596,0.5723684210526316
troy-hunt,HYROX DOUBLES MIXED,35-39,,Sydney,2026,5.1,4.25,5.033333333333333,1.8166666666666669,5.2,3.316666666666667,5.4,3.083333333333333,5.7,4.583333333333333,5.583333333333333,1.7333333333333334,5.633333333333334,4.533333333333333,8.066666666666666,3.8333333333333335,10.2,45.71666666666667,27.149999999999995,83.06666666666668,0.37603305785123964,0.5477386934673367
sinead-kane,HYROX DOUBLES MIXED,35-39,,Sydney,2026,4.45,4.216666666666667,4.533333333333333,1.7,4.816666666666666,3.433333333333333,4.9,4.766666666666667,5.083333333333333,4.466666666666667,5.483333333333333,2.033333333333333,5.35,4.75,7.6,4.95,10.7,42.21666666666667,30.316666666666666,83.23333333333335,0.41447368421052627,0.49514563106796117
arwinder-singh,HYROX DOUBLES MIXED,25-29,,Sydney,2026,4.283333333333333,4.333333333333333,4.483333333333333,1.8333333333333333,4.983333333333333,4.283333333333333,5.116666666666666,4.266666666666667,5.216666666666667,4.666666666666667,5.2,1.8666666666666667,5.283333333333333,4.966666666666667,7.333333333333333,5.433333333333334,9.783333333333331,41.900000000000006,31.650000000000002,83.33333333333334,0.4159090909090909,0.4280155642023346
anna-harmer,HYROX DOUBLES MIXED,40-44,,Sydney,2026,4.85,4.416666666666667,5.016666666666667,1.5166666666666666,5.516666666666667,3.2333333333333334,5.583333333333333,3.6666666666666665,6.083333333333333,4.583333333333333,6.25,1.8166666666666669,6.033333333333333,3.55,7.45,4.733333333333333,9.166666666666666,46.78333333333333,27.51666666666667,83.46666666666665,0.3489932885906041,0.4690721649484536
bailey-sorenson,HYROX DOUBLES MIXED,16-24,,Sydney,2026,4.916666666666667,4.7,5.066666666666666,2.0,5.35,5.116666666666666,5.166666666666667,3.2666666666666666,5.216666666666667,5.066666666666666,5.066666666666666,2.15,5.05,4.283333333333333,7.35,5.533333333333333,8.2,43.18333333333334,32.11666666666666,83.50000000000001,0.33106575963718815,0.39087947882736157
craig-mcmaster,HYROX DOUBLES MIXED,25-29,,Sydney,2026,4.45,4.25,4.966666666666667,2.1666666666666665,5.083333333333333,4.166666666666667,5.066666666666666,4.833333333333333,5.133333333333334,4.616666666666666,5.3,1.9,5.15,4.45,7.666666666666667,4.966666666666667,9.516666666666667,42.81666666666666,31.349999999999994,83.68333333333334,0.41956521739130437,0.5199999999999999
nathan-mittica,HYROX DOUBLES MIXED,30-34,,Sydney,2026,5.066666666666666,3.983333333333333,5.283333333333333,1.75,5.483333333333333,3.083333333333333,5.816666666666666,3.6666666666666665,5.866666666666666,4.183333333333334,6.033333333333333,2.0,5.866666666666666,4.233333333333333,7.916666666666667,4.266666666666667,9.3,47.33333333333333,27.166666666666664,83.8,0.36000000000000004,0.5675675675675677
andrea-santos,HYROX DOUBLES MIXED,30-34,,Sydney,2026,4.45,4.583333333333333,5.433333333333334,1.7166666666666666,5.833333333333333,3.35,5.783333333333333,3.2666666666666666,6.016666666666667,4.5,5.933333333333334,1.4666666666666666,5.933333333333334,4.216666666666667,8.1,3.933333333333333,9.366666666666667,47.48333333333334,27.033333333333335,83.88333333333335,0.45061728395061723,0.5124378109452736
jordan-sibley,HYROX DOUBLES MIXED,25-29,,Sydney,2026,4.933333333333334,4.5,5.233333333333333,2.45,5.15,4.05,5.3,4.866666666666666,5.266666666666667,4.8,5.183333333333334,1.7,5.25,4.066666666666666,7.483333333333333,5.5,8.316666666666666,43.8,31.933333333333334,84.05,0.34075723830734966,0.6049382716049383
akina-kinja,HYROX DOUBLES MIXED,16-24,,Sydney,2026,4.933333333333334,4.116666666666666,5.583333333333333,1.6833333333333331,5.783333333333333,3.333333333333333,5.816666666666666,2.083333333333333,6.0,4.4,6.016666666666667,1.8666666666666667,6.516666666666667,3.1666666666666665,8.916666666666666,4.533333333333333,9.383333333333333,49.56666666666666,25.18333333333333,84.13333333333333,0.44672897196261674,0.505
henriette-anton,HYROX DOUBLES MIXED,35-39,,Sydney,2026,4.666666666666667,4.166666666666667,4.9,1.8333333333333333,5.483333333333333,3.55,5.75,3.566666666666667,6.1,4.716666666666667,5.716666666666667,1.6333333333333333,5.833333333333333,3.966666666666667,8.3,4.616666666666666,9.483333333333333,46.75,28.050000000000004,84.28333333333333,0.43775100401606426,0.5164319248826291
nicholas-rose,HYROX DOUBLES MIXED,30-34,,Sydney,2026,4.983333333333333,4.066666666666666,5.183333333333334,1.85,5.633333333333334,3.1166666666666667,6.116666666666666,3.2,6.25,4.25,5.9,1.7,6.05,4.116666666666666,8.2,4.1,9.633333333333333,48.31666666666666,26.4,84.35,0.3922764227642276,0.5935828877005348
shona-mcintyre,HYROX DOUBLES MIXED,40-44,,Sydney,2026,5.033333333333333,4.283333333333333,5.233333333333333,1.75,5.566666666666666,3.2333333333333334,5.7,4.183333333333334,5.8,4.6,5.516666666666667,1.7666666666666666,5.783333333333333,3.566666666666667,7.8,5.183333333333334,9.483333333333333,46.43333333333333,28.566666666666663,84.48333333333332,0.3547008547008547,0.5412371134020618
sarah-jones,HYROX DOUBLES MIXED,30-34,,Sydney,2026,5.1,4.3,5.233333333333333,1.5833333333333333,5.2,3.6166666666666663,5.25,4.2,5.533333333333333,4.4,5.75,1.9833333333333332,5.766666666666667,4.583333333333333,7.816666666666666,4.95,9.3,45.64999999999999,29.616666666666667,84.56666666666665,0.3475479744136461,0.43778801843317977
jennifer-puafisi,HYROX DOUBLES MIXED,25-29,,Sydney,2026,5.25,4.466666666666667,5.3,2.05,5.433333333333334,3.683333333333333,5.533333333333333,2.3833333333333333,6.116666666666666,4.316666666666666,5.916666666666667,1.8833333333333333,6.2,4.8,8.566666666666666,3.783333333333333,9.033333333333331,48.31666666666666,27.366666666666667,84.71666666666665,0.3871595330739299,0.5565610859728507
michael-gardiner,HYROX DOUBLES MIXED,35-39,,Sydney,2026,5.216666666666667,4.183333333333334,5.383333333333334,2.0166666666666666,5.55,3.3,5.633333333333334,3.8666666666666663,6.0,4.45,5.833333333333333,1.85,6.083333333333333,3.7,8.366666666666667,3.983333333333333,9.483333333333333,48.06666666666667,27.35,84.89999999999999,0.37649402390438247,0.6111111111111112
sophie-kaye,HYROX DOUBLES MIXED,25-29,,Sydney,2026,4.783333333333333,4.566666666666666,5.483333333333333,2.083333333333333,5.616666666666666,3.9166666666666665,5.716666666666667,2.75,6.033333333333333,4.616666666666666,6.083333333333333,1.5333333333333334,5.933333333333334,3.7666666666666666,7.516666666666667,4.266666666666667,10.366666666666667,47.16666666666667,27.5,85.03333333333333,0.36363636363636365,0.5319148936170213
sebin-oh,HYROX DOUBLES MIXED,35-39,,Sydney,2026,5.05,4.316666666666666,5.116666666666666,2.1333333333333333,5.15,4.75,5.183333333333334,3.983333333333333,5.4,4.933333333333334,5.083333333333333,1.9666666666666663,5.266666666666667,4.7,7.466666666666667,4.683333333333334,9.966666666666669,43.71666666666667,31.466666666666665,85.15,0.3236607142857143,0.44912280701754387
jagger-payne,HYROX DOUBLES MIXED,35-39,,Sydney,2026,4.533333333333333,3.95,4.816666666666666,1.9166666666666667,5.583333333333333,4.166666666666667,5.266666666666667,3.583333333333333,5.516666666666667,4.583333333333333,5.866666666666666,1.85,5.283333333333333,4.716666666666667,7.566666666666666,6.05,10.05,44.43333333333334,30.816666666666666,85.3,0.4008810572687225,0.45999999999999996
joshua-mclerie,HYROX DOUBLES MIXED,35-39,,Sydney,2026,5.133333333333334,4.2,5.533333333333333,2.3833333333333333,5.966666666666667,2.75,5.833333333333333,3.6166666666666663,5.866666666666666,4.75,5.75,1.6833333333333331,5.883333333333334,4.9,8.25,3.933333333333333,8.933333333333334,48.21666666666666,28.216666666666665,85.36666666666667,0.3777777777777777,0.8666666666666667
kayne-smith,HYROX DOUBLES MIXED,16-24,,Sydney,2026,4.416666666666667,4.316666666666666,4.816666666666666,2.0166666666666666,5.283333333333333,3.9166666666666665,5.95,3.6,5.416666666666667,5.016666666666667,5.133333333333334,2.066666666666667,5.183333333333334,5.5,7.233333333333333,7.0,8.6,43.43333333333334,33.43333333333334,85.46666666666665,0.38940092165898615,0.5148936170212766
christopher-maccabe,HYROX DOUBLES MIXED,45-49,,Sydney,2026,5.016666666666667,4.266666666666667,5.133333333333334,1.9833333333333332,5.416666666666667,3.95,5.516666666666667,3.8333333333333335,5.783333333333333,4.733333333333333,5.6,1.55,5.716666666666667,5.183333333333334,8.0,4.15,9.766666666666667,46.18333333333334,29.65,85.60000000000001,0.3729166666666667,0.5021097046413502
lynishar-hine,HYROX DOUBLES MIXED,16-24,,Sydney,2026,4.716666666666667,4.3,5.416666666666667,1.8666666666666667,5.733333333333333,2.9,5.783333333333333,2.75,6.066666666666666,4.566666666666666,6.083333333333333,1.6,6.416666666666667,4.083333333333333,9.466666666666669,4.866666666666666,9.05,49.68333333333333,26.933333333333334,85.66666666666664,0.5017605633802817,0.6436781609195402
felix-tran,HYROX DOUBLES MIXED,30-34,,Sydney,2026,4.833333333333333,4.1,5.6,1.6,5.95,3.433333333333333,6.116666666666666,2.75,6.283333333333333,4.65,6.066666666666666,1.45,6.433333333333334,3.633333333333333,8.433333333333334,5.066666666666666,9.4,49.71666666666667,26.68333333333333,85.80000000000001,0.42687747035573126,0.4660194174757282
svein-eivind-andersen,HYROX DOUBLES MIXED,60-64,,Sydney,2026,4.95,4.316666666666666,5.25,1.9666666666666663,5.783333333333333,4.433333333333334,5.533333333333333,3.55,5.5,4.666666666666667,5.7,1.8,5.75,4.55,7.9,4.766666666666667,9.566666666666666,46.36666666666667,30.05,85.98333333333333,0.37341772151898733,0.4436090225563909
james-manns,HYROX DOUBLES MIXED,30-34,,Sydney,2026,5.383333333333334,4.483333333333333,5.7,1.6666666666666667,5.85,3.65,5.9,3.5,5.933333333333334,4.9,5.95,1.8166666666666669,5.966666666666667,3.0166666666666666,8.05,4.466666666666667,9.833333333333334,48.733333333333334,27.5,86.06666666666666,0.33126293995859213,0.4566210045662101
liam-fitzgerald,HYROX DOUBLES MIXED,35-39,,Sydney,2026,5.2,4.766666666666667,5.05,2.183333333333333,5.1,4.416666666666667,5.283333333333333,3.966666666666667,5.266666666666667,5.133333333333334,5.25,2.283333333333333,5.466666666666667,4.966666666666667,7.45,4.583333333333333,9.9,44.06666666666667,32.300000000000004,86.26666666666667,0.32214765100671144,0.4943396226415094
sukharshdeep-singh,HYROX DOUBLES MIXED,30-34,,Sydney,2026,4.65,4.466666666666667,4.833333333333333,2.316666666666667,5.0,5.783333333333333,5.083333333333333,4.35,5.166666666666667,5.016666666666667,5.366666666666666,2.2666666666666666,5.15,5.7,7.1,5.433333333333334,8.7,42.35,35.33333333333333,86.38333333333335,0.3450704225352112,0.4005763688760807
joshua-philalack,HYROX DOUBLES MIXED,16-24,,Sydney,2026,4.6,4.033333333333333,5.316666666666666,1.7666666666666666,5.866666666666666,2.716666666666667,6.25,3.65,6.233333333333333,4.45,6.25,1.8333333333333333,6.666666666666667,4.45,8.683333333333334,4.166666666666667,9.616666666666667,49.86666666666666,27.066666666666666,86.54999999999998,0.4702495201535509,0.6503067484662576
daragh-howard,HYROX DOUBLES MIXED,25-29,,Sydney,2026,4.033333333333333,4.483333333333333,5.0,2.1166666666666667,5.166666666666667,4.883333333333334,5.083333333333333,5.116666666666666,5.45,4.866666666666666,5.166666666666667,1.7,5.516666666666667,5.033333333333333,7.533333333333333,6.15,9.333333333333334,42.949999999999996,34.35,86.63333333333333,0.4646017699115044,0.43344709897610917
stephen-hayes,HYROX DOUBLES MIXED,35-39,,Sydney,2026,4.766666666666667,4.25,5.383333333333334,1.6666666666666667,5.916666666666667,3.8333333333333335,5.783333333333333,3.7666666666666666,5.866666666666666,4.9,5.766666666666667,2.033333333333333,5.233333333333333,4.366666666666666,8.2,4.583333333333333,10.5,46.91666666666667,29.399999999999995,86.81666666666666,0.41869918699186986,0.43478260869565216
ava-donegan,HYROX DOUBLES MIXED,25-29,,Sydney,2026,4.816666666666666,4.483333333333333,5.316666666666666,1.9333333333333331,5.533333333333333,4.15,5.733333333333333,3.6,6.016666666666667,5.083333333333333,5.733333333333333,1.95,5.5,4.783333333333333,7.433333333333334,5.55,9.333333333333334,46.08333333333333,31.533333333333335,86.94999999999999,0.352017937219731,0.46586345381526095
eva-fernandez-illera,HYROX DOUBLES MIXED,30-34,,Sydney,2026,5.866666666666666,4.533333333333333,5.816666666666666,1.85,5.816666666666666,4.0,5.983333333333333,2.933333333333333,5.883333333333334,4.816666666666666,5.7,1.7333333333333334,5.433333333333334,4.416666666666667,8.2,4.75,9.383333333333333,48.7,29.033333333333335,87.11666666666667,0.33739837398373973,0.4625
manase-lasalo,HYROX DOUBLES MIXED,25-29,,Sydney,2026,5.166666666666667,4.2,5.616666666666666,1.7333333333333334,5.633333333333334,2.783333333333333,6.083333333333333,3.316666666666667,6.533333333333333,4.65,6.1,1.2166666666666666,6.233333333333333,4.166666666666667,7.833333333333333,5.4,10.6,49.2,27.46666666666667,87.26666666666668,0.34042553191489355,0.6227544910179641
lisa-nguyen,HYROX DOUBLES MIXED,30-34,,Sydney,2026,5.766666666666667,4.783333333333333,5.35,2.333333333333333,5.666666666666667,4.1,5.733333333333333,3.6666666666666665,5.933333333333334,4.716666666666667,5.75,1.8666666666666667,6.15,3.716666666666667,8.283333333333333,4.366666666666666,9.166666666666666,48.63333333333333,29.549999999999997,87.35,0.3541247484909457,0.5691056910569106
katie-siemsen,HYROX DOUBLES MIXED,35-39,,Sydney,2026,4.733333333333333,4.216666666666667,4.983333333333333,2.083333333333333,5.366666666666666,4.6,5.683333333333334,4.833333333333333,5.55,4.65,5.633333333333334,1.9333333333333331,5.8,5.483333333333333,7.9,4.95,9.083333333333334,45.65,32.75,87.48333333333335,0.40084388185654013,0.45289855072463764
melissa-darcy,HYROX DOUBLES MIXED,45-49,,Sydney,2026,4.8,4.233333333333333,5.0,2.0166666666666666,5.083333333333333,3.85,5.233333333333333,4.483333333333333,5.283333333333333,5.033333333333333,5.316666666666666,1.9166666666666667,5.4,4.866666666666666,7.9,7.733333333333333,9.55,44.016666666666666,34.13333333333333,87.69999999999999,0.3924050632911393,0.5238095238095238
gerarde-carlton,HYROX DOUBLES MIXED,30-34,,Sydney,2026,4.85,4.283333333333333,5.45,2.566666666666667,5.616666666666666,4.066666666666666,5.583333333333333,3.883333333333333,5.616666666666666,4.683333333333334,5.85,1.9,5.883333333333334,4.8,7.683333333333334,5.033333333333333,10.05,46.53333333333333,31.21666666666667,87.8,0.3687635574837311,0.6311475409836066
elsa-cluet,HYROX DOUBLES MIXED,30-34,,Sydney,2026,4.966666666666667,4.416666666666667,5.55,1.8833333333333333,6.283333333333333,3.883333333333333,6.05,4.133333333333334,6.05,4.766666666666667,6.066666666666666,1.8166666666666669,5.916666666666667,4.066666666666666,8.683333333333334,3.75,9.683333333333334,49.56666666666666,28.716666666666665,87.96666666666665,0.42802303262955854,0.4849785407725322
sarah-mclaughlin,HYROX DOUBLES MIXED,35-39,,Sydney,2026,4.3,4.433333333333334,5.066666666666666,1.6666666666666667,5.083333333333333,4.483333333333333,5.25,5.216666666666667,5.483333333333333,4.566666666666666,5.266666666666667,1.6833333333333331,5.2,6.716666666666667,7.55,6.6,9.5,43.199999999999996,35.36666666666667,88.06666666666666,0.43046357615894043,0.3717472118959108
marissa-li,HYROX DOUBLES MIXED,30-34,,Sydney,2026,5.05,4.683333333333334,5.033333333333333,2.1,5.3,5.116666666666666,5.516666666666667,4.116666666666666,5.6,5.283333333333333,5.516666666666667,1.9833333333333332,5.533333333333333,5.033333333333333,7.566666666666666,6.05,8.666666666666666,45.11666666666666,34.36666666666666,88.15,0.33480176211453744,0.4104234527687297
taylor-kindred,HYROX DOUBLES MIXED,30-34,,Sydney,2026,4.9,4.083333333333333,4.9,1.8,5.8,3.4,6.6,3.083333333333333,6.616666666666666,4.55,6.166666666666667,1.65,7.116666666666666,3.716666666666667,9.15,5.016666666666667,9.683333333333334,51.25,27.299999999999997,88.23333333333335,0.46448087431693985,0.5294117647058824
leanne-cotte,HYROX DOUBLES MIXED,40-44,,Sydney,2026,5.233333333333333,4.55,5.516666666666667,2.35,5.75,3.816666666666667,5.783333333333333,3.9,5.833333333333333,5.066666666666666,5.866666666666666,1.55,5.866666666666666,4.666666666666667,8.633333333333333,4.05,9.966666666666669,48.48333333333333,29.950000000000003,88.39999999999999,0.39382239382239376,0.6157205240174672
micaela-nicole-fae-audencial,HYROX DOUBLES MIXED,35-39,,Sydney,2026,5.05,4.25,5.366666666666666,2.183333333333333,5.55,4.216666666666667,5.75,4.2,5.933333333333334,4.883333333333334,5.8,1.9166666666666667,6.05,5.083333333333333,8.3,4.466666666666667,9.516666666666667,47.8,31.200000000000003,88.51666666666667,0.39156626506024106,0.517786561264822
daniel-korman,HYROX DOUBLES MIXED,40-44,,Sydney,2026,4.666666666666667,4.666666666666667,5.266666666666667,2.1166666666666667,5.2,5.166666666666667,5.4,4.916666666666667,5.433333333333334,4.933333333333334,5.633333333333334,2.25,5.45,5.983333333333333,7.45,5.15,8.9,44.5,35.18333333333334,88.58333333333334,0.37360178970917224,0.4096774193548387
katie-sung,HYROX DOUBLES MIXED,16-24,,Sydney,2026,4.916666666666667,4.583333333333333,5.083333333333333,2.583333333333333,5.25,5.266666666666667,5.233333333333333,3.4833333333333334,5.133333333333334,5.166666666666667,5.233333333333333,2.066666666666667,5.6,5.183333333333334,7.483333333333333,7.316666666666666,9.183333333333334,43.93333333333334,35.650000000000006,88.76666666666668,0.3429844097995545,0.490506329113924
joshua-ainsworth,HYROX DOUBLES MIXED,25-29,,Sydney,2026,5.416666666666667,4.083333333333333,5.933333333333334,1.9166666666666667,6.116666666666666,3.2,6.25,3.466666666666667,6.4,4.166666666666667,6.466666666666667,1.5166666666666666,6.683333333333334,4.0,9.15,3.9,10.166666666666666,52.416666666666664,26.249999999999996,88.83333333333334,0.40801457194899815,0.5989583333333334
nicole-doherty,HYROX DOUBLES MIXED,40-44,,Sydney,2026,5.816666666666666,4.266666666666667,5.9,2.3,5.9,4.583333333333333,5.9,3.883333333333333,6.016666666666667,4.6,5.9,1.7166666666666666,5.7,5.416666666666667,7.816666666666666,4.116666666666666,9.2,48.95,30.883333333333333,89.03333333333333,0.2707889125799573,0.5018181818181818
amanda-caruana,HYROX DOUBLES MIXED,30-34,,Sydney,2026,5.033333333333333,4.283333333333333,5.55,1.85,6.183333333333334,3.6,5.9,3.966666666666667,6.283333333333333,4.7,5.683333333333334,1.7,5.883333333333334,5.2,7.75,4.516666666666667,11.15,48.26666666666666,29.816666666666663,89.23333333333333,0.35053763440860214,0.513888888888889
jennifer-jennifer,HYROX DOUBLES MIXED,25-29,,Sydney,2026,4.783333333333333,4.483333333333333,5.383333333333334,2.05,5.466666666666667,4.983333333333333,5.75,4.483333333333333,5.6,4.65,5.6,2.183333333333333,5.75,5.666666666666667,7.65,4.95,9.883333333333333,45.983333333333334,33.45,89.31666666666669,0.37472766884531594,0.41137123745819393
saffron-howard,HYROX DOUBLES MIXED,25-29,,Sydney,2026,5.35,4.516666666666667,5.316666666666666,2.3,5.466666666666667,4.633333333333334,5.5,5.45,5.516666666666667,5.133333333333334,5.316666666666666,2.2333333333333334,5.35,5.083333333333333,7.45,4.483333333333333,10.433333333333334,45.26666666666667,33.83333333333333,89.53333333333335,0.2863534675615213,0.49640287769784164
steven-frew,HYROX DOUBLES MIXED,35-39,,Sydney,2026,4.7,3.95,5.683333333333334,1.7666666666666666,5.683333333333334,3.55,5.916666666666667,3.216666666666667,8.4,4.383333333333334,6.483333333333333,1.7,6.233333333333333,4.483333333333333,9.0,4.15,10.416666666666666,52.1,27.200000000000003,89.71666666666668,0.47777777777777775,0.49765258215962443
don-bryan,HYROX DOUBLES MIXED,40-44,,Sydney,2026,4.733333333333333,4.383333333333334,5.133333333333334,1.95,5.016666666666667,4.2,5.366666666666666,4.783333333333333,5.783333333333333,5.083333333333333,5.85,2.333333333333333,5.883333333333334,5.0,8.666666666666666,5.816666666666666,9.966666666666669,46.43333333333333,33.55,89.94999999999999,0.4538461538461538,0.46428571428571425
oliver-gaetgens,HYROX DOUBLES MIXED,40-44,,Sydney,2026,4.8,4.416666666666667,5.133333333333334,2.2333333333333334,5.516666666666667,4.4,5.633333333333334,3.733333333333333,5.916666666666667,4.966666666666667,5.6,1.9333333333333331,5.7,5.466666666666667,8.466666666666667,6.533333333333333,9.633333333333333,46.76666666666667,33.68333333333333,90.08333333333334,0.4330708661417323,0.5075757575757576
andrew-lee-morris,HYROX DOUBLES MIXED,30-34,,Sydney,2026,5.266666666666667,4.2,5.883333333333334,1.8833333333333333,5.6,4.416666666666667,5.716666666666667,5.066666666666666,5.25,4.766666666666667,5.1,1.45,5.666666666666667,4.4,7.866666666666666,5.45,12.283333333333331,46.35,31.63333333333333,90.26666666666668,0.3516949152542373,0.4264150943396226
mari-yoo,HYROX DOUBLES MIXED,25-29,,Sydney,2026,5.416666666666667,4.383333333333334,5.516666666666667,1.7166666666666666,5.65,3.283333333333333,5.666666666666667,4.016666666666667,5.833333333333333,4.383333333333334,7.016666666666667,1.8333333333333333,6.3,5.35,8.5,6.0,9.716666666666669,49.9,30.96666666666666,90.58333333333333,0.3627450980392157,0.5228426395939086
yessica-thorne,HYROX DOUBLES MIXED,30-34,,Sydney,2026,5.2,4.633333333333334,5.716666666666667,1.8333333333333333,5.8,4.166666666666667,5.966666666666667,4.133333333333334,6.333333333333333,5.2,6.166666666666667,1.9,5.916666666666667,5.0,8.216666666666667,5.4,9.216666666666669,49.31666666666667,32.266666666666666,90.80000000000003,0.3671399594320487,0.43999999999999995
sarah-morris,HYROX DOUBLES MIXED,35-39,,Sydney,2026,4.516666666666667,4.2,5.166666666666667,2.1166666666666667,5.45,3.7,5.5,5.9,5.466666666666667,5.283333333333333,5.45,1.7166666666666666,5.55,6.016666666666667,8.266666666666667,6.55,10.116666666666667,45.36666666666667,35.48333333333333,90.96666666666667,0.45362903225806456,0.572072072072072
gabriel-cecatto,HYROX DOUBLES MIXED,30-34,,Sydney,2026,4.9,4.45,5.833333333333333,2.466666666666667,6.166666666666667,3.6666666666666665,6.516666666666667,4.166666666666667,6.45,4.75,6.183333333333334,1.6333333333333333,6.583333333333333,4.183333333333334,9.016666666666667,4.5,9.783333333333331,51.65,29.816666666666666,91.25000000000001,0.4565619223659889,0.6727272727272728
melissa-rodgers,HYROX DOUBLES MIXED,40-44,,Sydney,2026,4.833333333333333,4.133333333333334,5.166666666666667,1.7,5.866666666666666,4.3,6.0,5.05,6.116666666666666,5.383333333333334,6.016666666666667,1.65,6.416666666666667,5.0,8.6,5.283333333333333,9.966666666666669,49.016666666666666,32.5,91.48333333333335,0.437984496124031,0.3953488372093023
nicholas-borg,HYROX DOUBLES MIXED,16-24,,Sydney,2026,5.433333333333334,4.683333333333334,5.35,2.0,5.966666666666667,3.983333333333333,6.116666666666666,3.033333333333333,6.116666666666666,4.683333333333334,6.05,1.4833333333333334,6.466666666666667,4.866666666666666,8.433333333333334,7.483333333333333,9.533333333333331,49.93333333333334,32.21666666666667,91.68333333333334,0.3656126482213439,0.5020920502092051
kira-carter,HYROX DOUBLES MIXED,25-29,,Sydney,2026,4.766666666666667,4.216666666666667,5.416666666666667,2.0,5.933333333333334,4.066666666666666,6.25,4.316666666666666,6.233333333333333,4.6,6.166666666666667,1.95,6.4,4.933333333333334,8.733333333333333,5.183333333333334,10.85,49.9,31.266666666666666,92.01666666666667,0.4541984732824427,0.49180327868852464
chris-ayres,HYROX DOUBLES MIXED,40-44,,Sydney,2026,5.316666666666666,4.566666666666666,5.266666666666667,1.8333333333333333,5.716666666666667,4.366666666666666,5.55,5.3,5.633333333333334,5.183333333333334,5.75,2.066666666666667,5.816666666666666,5.216666666666667,8.533333333333333,5.616666666666666,10.416666666666666,47.58333333333333,34.15,92.14999999999999,0.3828125,0.41984732824427484
claudia-hui,HYROX DOUBLES MIXED,45-49,,Sydney,2026,5.283333333333333,4.3,5.8,1.6333333333333333,6.15,3.883333333333333,6.483333333333333,3.583333333333333,6.666666666666667,4.8,6.616666666666666,1.35,6.866666666666666,4.166666666666667,10.25,4.15,10.383333333333333,54.11666666666667,27.866666666666667,92.36666666666667,0.4845528455284553,0.4206008583690988
riley-nulty,HYROX DOUBLES MIXED,25-29,,Sydney,2026,5.333333333333333,4.566666666666666,5.516666666666667,2.183333333333333,5.766666666666667,5.133333333333334,5.65,5.416666666666667,5.733333333333333,5.3,5.566666666666666,2.066666666666667,5.566666666666666,4.716666666666667,8.2,5.016666666666667,10.783333333333331,47.33333333333333,34.4,92.51666666666665,0.3495934959349593,0.42532467532467527
sarah-james,HYROX DOUBLES MIXED,35-39,,Sydney,2026,5.033333333333333,4.333333333333333,5.516666666666667,2.033333333333333,5.5,3.3,5.833333333333333,3.733333333333333,6.533333333333333,4.966666666666667,5.933333333333334,1.7166666666666666,5.966666666666667,4.133333333333334,8.666666666666666,4.8,14.916666666666666,48.98333333333333,29.016666666666666,92.91666666666667,0.4192307692307692,0.6161616161616161
kara-bradley,HYROX DOUBLES MIXED,35-39,,Sydney,2026,6.35,4.366666666666666,6.35,1.9666666666666663,6.45,4.033333333333333,6.433333333333334,3.65,6.45,4.583333333333333,6.3,2.033333333333333,6.65,4.066666666666666,8.75,4.583333333333333,10.083333333333334,53.73333333333333,29.28333333333333,93.09999999999998,0.28,0.4876033057851239
linnan-maggie-cai,HYROX DOUBLES MIXED,35-39,,Sydney,2026,5.183333333333334,4.283333333333333,5.533333333333333,2.1333333333333333,5.566666666666666,3.633333333333333,5.916666666666667,3.4,5.083333333333333,4.716666666666667,5.833333333333333,2.1333333333333333,4.716666666666667,4.3,7.033333333333333,9.966666666666669,13.783333333333331,44.86666666666667,34.56666666666666,93.21666666666667,0.32938388625592413,0.5871559633027523
giorgia-zordan,HYROX DOUBLES MIXED,30-34,,Sydney,2026,5.45,4.55,5.55,2.35,5.816666666666666,4.583333333333333,5.85,4.033333333333333,5.716666666666667,4.916666666666667,6.05,1.8666666666666667,5.533333333333333,6.083333333333333,8.35,5.033333333333333,11.616666666666667,48.31666666666666,33.416666666666664,93.35,0.34730538922155685,0.5127272727272728
annabel-reynolds,HYROX DOUBLES MIXED,35-39,,Sydney,2026,5.45,4.3,5.866666666666666,1.9666666666666663,6.2,3.6666666666666665,6.233333333333333,4.2,6.6,4.716666666666667,6.4,2.216666666666667,6.783333333333333,5.033333333333333,8.783333333333333,4.466666666666667,10.683333333333334,52.31666666666666,30.56666666666667,93.56666666666666,0.37950664136622386,0.5363636363636363
elizabeth-lew,HYROX DOUBLES MIXED,45-49,,Sydney,2026,5.066666666666666,4.266666666666667,5.466666666666667,2.4166666666666665,5.766666666666667,4.766666666666667,5.8,4.066666666666666,6.316666666666666,5.466666666666667,6.183333333333334,1.75,6.133333333333334,4.716666666666667,8.6,7.183333333333334,9.883333333333333,49.333333333333336,34.63333333333334,93.85,0.4108527131782946,0.506993006993007
tawanda-ziko,HYROX DOUBLES MIXED,30-34,,Sydney,2026,4.8,4.233333333333333,5.416666666666667,2.033333333333333,5.45,4.233333333333333,5.533333333333333,4.533333333333333,5.766666666666667,5.4,5.75,2.75,5.883333333333334,5.883333333333334,8.716666666666667,7.45,10.166666666666666,47.31666666666667,36.516666666666666,94.00000000000001,0.44933078393881454,0.48031496062992124
sarah-smith,HYROX DOUBLES MIXED,30-34,,Sydney,2026,5.566666666666666,4.216666666666667,5.883333333333334,1.4833333333333334,6.25,3.083333333333333,6.583333333333333,3.7666666666666666,6.666666666666667,4.75,6.583333333333333,1.7833333333333334,6.816666666666666,5.316666666666666,10.183333333333334,4.933333333333334,10.366666666666667,54.53333333333333,29.333333333333336,94.23333333333335,0.4533551554828151,0.48108108108108116
mitchell-holz,HYROX DOUBLES MIXED,30-34,,Sydney,2026,5.066666666666666,4.45,5.666666666666667,2.2,6.366666666666666,4.666666666666667,6.166666666666667,4.283333333333333,6.366666666666666,5.133333333333334,6.25,1.7333333333333334,5.833333333333333,4.916666666666667,8.533333333333333,6.55,10.316666666666666,50.25000000000001,33.93333333333334,94.50000000000001,0.40625,0.4714285714285714
freddie-harris,HYROX DOUBLES MIXED,16-24,,Sydney,2026,6.016666666666667,4.333333333333333,5.966666666666667,1.8,6.266666666666667,4.033333333333333,6.383333333333334,4.8,7.116666666666666,4.716666666666667,6.55,1.9666666666666663,6.3,4.383333333333334,9.083333333333334,4.8,10.15,53.68333333333333,30.83333333333333,94.66666666666667,0.3431192660550459,0.4462809917355372
razin-polara,HYROX DOUBLES MIXED,25-29,,Sydney,2026,5.7,4.3,6.083333333333333,1.7833333333333334,6.6,3.7,6.616666666666666,4.15,7.016666666666667,4.616666666666666,6.883333333333334,1.85,6.866666666666666,3.966666666666667,9.7,4.533333333333333,10.566666666666666,55.46666666666667,28.9,94.93333333333332,0.4123711340206185,0.481981981981982
kiet-tran,HYROX DOUBLES MIXED,30-34,,Sydney,2026,5.516666666666667,4.366666666666666,6.116666666666666,1.8333333333333333,6.3,4.583333333333333,6.533333333333333,4.083333333333333,6.8,4.683333333333334,6.616666666666666,1.7,6.633333333333334,4.983333333333333,9.4,4.566666666666666,10.5,53.916666666666664,30.799999999999997,95.21666666666667,0.41312056737588654,0.4
scott-king,HYROX DOUBLES MIXED,50-54,,Sydney,2026,4.883333333333334,4.25,5.25,2.15,5.633333333333334,4.966666666666667,5.8,4.45,6.066666666666666,5.15,6.116666666666666,1.8833333333333333,6.316666666666666,6.1,10.333333333333334,6.4,9.683333333333334,50.4,35.35,95.43333333333335,0.5274193548387097,0.43288590604026844
paul-raicevich,HYROX DOUBLES MIXED,30-34,,Sydney,2026,5.633333333333334,4.416666666666667,5.7,1.9333333333333331,6.116666666666666,4.166666666666667,6.183333333333334,4.683333333333334,6.9,4.95,6.35,2.216666666666667,6.416666666666667,5.466666666666667,9.566666666666666,4.966666666666667,10.1,52.86666666666666,32.800000000000004,95.76666666666665,0.4111498257839721,0.4639999999999999
lyon-nakad,HYROX DOUBLES MIXED,25-29,,Sydney,2026,5.083333333333333,4.516666666666667,5.466666666666667,1.8666666666666667,6.5,4.316666666666666,6.25,3.783333333333333,6.116666666666666,5.166666666666667,6.033333333333333,1.8833333333333333,6.85,4.733333333333333,11.8,5.283333333333333,10.45,54.10000000000001,31.549999999999997,96.10000000000002,0.5692090395480226,0.43243243243243246
misty-anderson,HYROX DOUBLES MIXED,35-39,,Sydney,2026,5.816666666666666,4.616666666666666,6.066666666666666,2.05,6.3,4.9,6.333333333333333,4.016666666666667,6.833333333333333,5.316666666666666,6.516666666666667,2.1166666666666667,6.45,4.55,9.266666666666667,4.366666666666666,10.833333333333334,53.583333333333336,31.933333333333334,96.34999999999998,0.37230215827338137,0.4183673469387754
alex-mckeown,HYROX DOUBLES MIXED,40-44,,Sydney,2026,5.266666666666667,4.733333333333333,5.666666666666667,2.35,5.733333333333333,4.616666666666666,5.9,5.616666666666666,5.833333333333333,4.666666666666667,5.95,2.316666666666667,5.866666666666666,6.683333333333334,8.2,7.133333333333334,10.033333333333331,48.41666666666667,38.11666666666667,96.56666666666668,0.3577235772357723,0.5090252707581228
joel-frecklington,HYROX DOUBLES MIXED,25-29,,Sydney,2026,5.75,4.533333333333333,6.133333333333334,2.1666666666666665,6.433333333333334,4.083333333333333,6.483333333333333,6.45,6.45,5.033333333333333,6.25,1.8,6.2,5.2,8.933333333333334,4.483333333333333,10.633333333333333,52.63333333333334,33.75,97.01666666666668,0.35634328358208955,0.5306122448979592
kathy-pearson,HYROX DOUBLES MIXED,50-54,,Sydney,2026,4.916666666666667,4.383333333333334,5.75,2.6166666666666667,5.866666666666666,4.55,6.2,6.666666666666667,5.733333333333333,5.016666666666667,6.15,1.9333333333333331,6.1,6.65,8.8,6.2,9.766666666666667,49.516666666666666,38.01666666666667,97.30000000000001,0.4412878787878788,0.5750915750915752
stephanie-dobson,HYROX DOUBLES MIXED,35-39,,Sydney,2026,5.316666666666666,4.933333333333334,5.7,2.033333333333333,5.883333333333334,4.483333333333333,6.083333333333333,5.2,6.066666666666666,5.25,6.033333333333333,2.15,6.05,6.266666666666667,8.516666666666667,7.433333333333334,10.15,49.64999999999999,37.75,97.55000000000001,0.37573385518591007,0.4535315985130111
adam-doherty,HYROX DOUBLES MIXED,25-29,,Sydney,2026,5.216666666666667,4.466666666666667,5.516666666666667,2.4166666666666665,5.816666666666666,4.983333333333333,6.45,5.15,6.283333333333333,5.333333333333333,6.383333333333334,1.95,6.283333333333333,6.05,8.2,6.45,11.033333333333331,50.14999999999999,36.8,97.98333333333332,0.36382113821138207,0.4849498327759197
hugo-pilkington,HYROX DOUBLES MIXED,16-24,,Sydney,2026,4.033333333333333,4.8,5.316666666666666,2.9166666666666665,6.316666666666666,5.583333333333333,5.766666666666667,5.333333333333333,5.85,5.766666666666667,4.916666666666667,1.5666666666666669,5.566666666666666,4.833333333333333,8.25,9.716666666666669,11.833333333333334,46.016666666666666,40.516666666666666,98.36666666666665,0.5111111111111111,0.5223880597014925
lillian-sandona,HYROX DOUBLES MIXED,35-39,,Sydney,2026,5.483333333333333,4.233333333333333,5.666666666666667,1.95,6.283333333333333,4.616666666666666,6.216666666666667,4.783333333333333,6.616666666666666,4.6,6.7,1.7333333333333334,6.833333333333333,5.066666666666666,11.883333333333333,4.933333333333334,10.883333333333333,55.68333333333334,31.916666666666668,98.48333333333332,0.5385694249649369,0.4223826714801444
alicia-mcpherson,HYROX DOUBLES MIXED,16-24,,Sydney,2026,6.183333333333334,4.233333333333333,6.716666666666667,1.85,6.683333333333334,3.566666666666667,6.8,4.05,7.266666666666667,4.583333333333333,6.966666666666667,1.95,7.016666666666667,4.6,10.566666666666666,4.816666666666666,10.933333333333334,58.2,29.649999999999995,98.78333333333332,0.4148264984227129,0.5186915887850467
sarah-dowling,HYROX DOUBLES MIXED,16-24,,Sydney,2026,5.033333333333333,4.5,5.516666666666667,2.466666666666667,5.95,5.233333333333333,6.083333333333333,5.966666666666667,6.05,5.466666666666667,6.25,2.05,6.2,6.083333333333333,9.133333333333333,6.05,11.066666666666666,50.21666666666667,37.81666666666666,99.1,0.4489051094890511,0.4713375796178344
angelina-guirguis,HYROX DOUBLES MIXED,16-24,,Sydney,2026,5.333333333333333,4.85,6.016666666666667,2.3,6.316666666666666,4.6,6.35,5.25,6.616666666666666,5.166666666666667,6.266666666666667,2.216666666666667,6.2,5.433333333333334,9.25,7.183333333333334,10.233333333333333,52.35,37.0,99.58333333333334,0.42342342342342343,0.5
phil-withell,HYROX DOUBLES MIXED,50-54,,Sydney,2026,4.8,4.583333333333333,5.85,2.316666666666667,6.65,3.966666666666667,6.633333333333334,3.816666666666667,6.816666666666666,5.533333333333333,7.05,1.8166666666666669,7.933333333333334,3.716666666666667,10.833333333333334,5.35,12.183333333333334,56.56666666666667,31.1,99.85,0.556923076923077,0.5840336134453782
katherine-rull,HYROX DOUBLES MIXED,25-29,,Sydney,2026,5.5,4.966666666666667,5.55,3.05,6.083333333333333,4.133333333333334,6.416666666666667,4.2,10.683333333333334,4.883333333333334,6.55,1.4,6.25,4.783333333333333,11.216666666666669,4.916666666666667,9.733333333333333,58.25,32.33333333333333,100.31666666666669,0.5096582466567608,0.7379032258064515
ilias-tsivitis,HYROX DOUBLES MIXED,45-49,,Sydney,2026,5.483333333333333,4.55,6.05,2.35,6.466666666666667,4.6,6.333333333333333,4.75,6.4,5.116666666666666,6.816666666666666,2.15,6.733333333333333,6.833333333333333,9.666666666666666,5.9,10.433333333333334,53.949999999999996,36.25,100.63333333333333,0.43275862068965515,0.5108695652173914
aaryan-singh,HYROX DOUBLES MIXED,16-24,,Sydney,2026,5.016666666666667,4.816666666666666,5.783333333333333,2.066666666666667,6.066666666666666,4.2,6.166666666666667,4.283333333333333,6.833333333333333,5.05,6.6,1.4333333333333331,5.966666666666667,4.683333333333334,8.966666666666667,11.016666666666667,12.333333333333334,51.400000000000006,37.55,101.28333333333335,0.4405204460966543,0.4920634920634921
erick-dela-paz,HYROX DOUBLES MIXED,30-34,,Sydney,2026,6.05,4.716666666666667,6.1,2.566666666666667,6.666666666666667,6.016666666666667,6.7,3.7666666666666666,6.866666666666666,5.083333333333333,6.9,2.1,6.783333333333333,5.166666666666667,9.633333333333333,5.316666666666666,11.2,55.699999999999996,34.733333333333334,101.63333333333333,0.3719723183391003,0.42659279778393355
rebecca-hope,HYROX DOUBLES MIXED,35-39,,Sydney,2026,6.033333333333333,4.3,6.233333333333333,1.8833333333333333,6.6,4.2,6.883333333333334,4.65,7.166666666666667,5.083333333333333,6.983333333333333,2.066666666666667,6.966666666666667,4.95,9.816666666666666,6.4,11.633333333333333,56.68333333333334,33.53333333333333,101.85,0.3853989813242784,0.4484126984126984
annie-koelmeyer,HYROX DOUBLES MIXED,16-24,,Sydney,2026,5.116666666666666,4.633333333333334,5.483333333333333,2.5166666666666666,5.866666666666666,5.216666666666667,6.1,5.833333333333333,6.083333333333333,5.466666666666667,6.033333333333333,2.066666666666667,6.533333333333333,6.416666666666667,9.65,6.8,12.433333333333334,50.86666666666666,38.949999999999996,102.25,0.46977547495682215,0.48242811501597443
april-sheppard,HYROX DOUBLES MIXED,30-34,,Sydney,2026,5.5,4.4,6.966666666666667,2.316666666666667,7.0,4.416666666666667,7.333333333333333,5.333333333333333,7.7,4.7,7.066666666666666,1.85,7.833333333333333,5.066666666666666,9.783333333333331,4.916666666666667,10.383333333333333,59.18333333333333,33.0,102.56666666666666,0.43781942078364555,0.5245283018867924
taylah-batten,HYROX DOUBLES MIXED,40-44,,Sydney,2026,5.433333333333334,4.366666666666666,6.466666666666667,2.8,6.566666666666666,4.616666666666666,6.5,3.733333333333333,6.816666666666666,5.233333333333333,6.716666666666667,1.9166666666666667,7.066666666666666,7.183333333333334,9.533333333333331,5.816666666666666,12.266666666666667,55.099999999999994,35.666666666666664,103.03333333333333,0.43006993006992994,0.6064981949458484
natalie-breen,HYROX DOUBLES MIXED,35-39,,Sydney,2026,5.1,4.15,6.183333333333334,1.9666666666666663,6.716666666666667,4.65,6.8,4.45,7.266666666666667,4.9,7.283333333333333,2.1333333333333333,7.233333333333333,5.15,10.9,5.066666666666666,13.55,57.483333333333334,32.46666666666667,103.50000000000001,0.5321100917431193,0.4229390681003583
louise-foar,HYROX DOUBLES MIXED,45-49,,Sydney,2026,5.366666666666666,4.6,6.25,2.05,6.983333333333333,4.766666666666667,6.7,5.483333333333333,6.8,4.983333333333333,7.1,1.95,7.066666666666666,5.666666666666667,10.516666666666667,5.9,11.733333333333333,56.78333333333333,35.4,103.91666666666669,0.48969889064976235,0.43006993006993005
jocelyn-depamaylo,HYROX DOUBLES MIXED,25-29,,Sydney,2026,5.966666666666667,4.883333333333334,5.933333333333334,2.183333333333333,6.383333333333334,4.716666666666667,6.15,4.9,6.4,5.416666666666667,6.9,2.1166666666666667,6.816666666666666,5.6,13.133333333333333,6.266666666666667,10.666666666666666,57.68333333333333,36.083333333333336,104.43333333333334,0.5482233502538071,0.46289752650176674
angelina-tran,HYROX DOUBLES MIXED,25-29,,Sydney,2026,5.3,4.916666666666667,6.05,2.3833333333333333,7.433333333333334,4.95,7.083333333333333,3.216666666666667,6.883333333333334,5.016666666666667,7.066666666666666,1.7166666666666666,6.616666666666666,5.05,10.5,9.033333333333331,11.816666666666666,56.93333333333333,36.28333333333333,105.03333333333333,0.49523809523809526,0.48148148148148145
kate-western,HYROX DOUBLES MIXED,30-34,,Sydney,2026,5.85,4.8,6.516666666666667,2.25,6.7,4.233333333333333,6.766666666666667,5.433333333333334,6.866666666666666,5.05,7.033333333333333,1.6,7.5,4.866666666666666,10.35,9.116666666666667,10.6,57.58333333333333,37.35000000000001,105.5333333333333,0.43478260869565216,0.5314960629921259
kevin-bui,HYROX DOUBLES MIXED,25-29,,Sydney,2026,5.633333333333334,5.316666666666666,5.75,1.9166666666666667,6.65,5.45,6.85,4.933333333333334,6.766666666666667,5.533333333333333,7.233333333333333,1.8333333333333333,7.533333333333333,5.1,10.5,6.4,12.65,56.916666666666664,36.48333333333333,106.05000000000001,0.46349206349206346,0.3516819571865443
sarah-dance,HYROX DOUBLES MIXED,35-39,,Sydney,2026,5.066666666666666,4.566666666666666,5.95,2.35,6.483333333333333,4.116666666666666,7.566666666666666,4.733333333333333,7.85,5.216666666666667,7.916666666666667,1.95,7.45,4.483333333333333,12.266666666666667,6.633333333333334,12.133333333333333,60.55,34.050000000000004,106.73333333333332,0.5869565217391305,0.5708502024291499
dennis-ou,HYROX DOUBLES MIXED,25-29,,Sydney,2026,5.7,4.65,5.866666666666666,2.316666666666667,6.866666666666666,4.566666666666666,7.266666666666667,5.3,8.466666666666667,5.15,8.55,1.7,6.85,5.133333333333334,11.316666666666666,4.9,12.65,60.88333333333334,33.71666666666667,107.25000000000003,0.49631811487481586,0.5072992700729928
patrick-guno,HYROX DOUBLES MIXED,30-34,,Sydney,2026,5.5,4.366666666666666,6.383333333333334,2.85,7.083333333333333,4.483333333333333,6.883333333333334,3.7,6.816666666666666,5.116666666666666,7.483333333333333,1.8666666666666667,6.766666666666667,6.616666666666666,14.0,6.416666666666667,11.683333333333334,60.916666666666664,35.416666666666664,108.01666666666665,0.6071428571428571,0.6356877323420075
alejandra-arias,HYROX DOUBLES MIXED,35-39,,Sydney,2026,4.616666666666666,4.716666666666667,6.5,2.533333333333333,6.533333333333333,5.2,6.166666666666667,5.15,6.766666666666667,5.733333333333333,6.6,2.2666666666666666,7.15,9.083333333333334,9.583333333333334,8.416666666666666,11.616666666666667,53.916666666666664,43.1,108.63333333333333,0.5182608695652174,0.4871794871794871
vincent-tran,HYROX DOUBLES MIXED,25-29,,Sydney,2026,6.516666666666667,4.266666666666667,6.2,1.5166666666666666,6.883333333333334,4.1,6.95,4.55,7.083333333333333,4.366666666666666,7.333333333333333,1.45,7.95,4.633333333333334,18.65,4.416666666666667,12.6,67.56666666666666,29.3,109.46666666666665,0.6675603217158177,0.3699186991869919
shane-martin,HYROX DOUBLES MIXED,30-34,,Sydney,2026,6.6,4.183333333333334,7.766666666666667,1.7166666666666666,8.166666666666666,3.633333333333333,8.383333333333333,3.883333333333333,8.35,4.433333333333334,8.216666666666667,1.85,8.9,5.683333333333334,11.716666666666669,4.583333333333333,12.25,68.1,29.96666666666667,110.31666666666665,0.43669985775248943,0.47247706422018354
hayden-reedy,HYROX DOUBLES MIXED,25-29,,Sydney,2026,5.933333333333334,4.95,6.316666666666666,2.6,6.55,5.8,6.883333333333334,6.583333333333333,7.033333333333333,5.483333333333333,6.983333333333333,2.25,7.55,6.3,11.166666666666666,7.25,11.85,58.416666666666664,41.21666666666667,111.48333333333332,0.4686567164179104,0.4482758620689655
shaylee-puckeridge,HYROX DOUBLES MIXED,25-29,,Sydney,2026,5.716666666666667,4.683333333333334,6.416666666666667,1.7333333333333334,7.7,3.633333333333333,7.383333333333334,4.25,8.7,5.45,7.8,1.9,8.25,4.416666666666667,14.15,6.866666666666666,13.85,66.11666666666666,32.93333333333333,112.89999999999999,0.5959952885747939,0.4770642201834863
geix-houng-lim,HYROX DOUBLES MIXED,16-24,,Sydney,2026,5.766666666666667,4.8,6.8,2.283333333333333,7.916666666666667,5.05,7.25,5.433333333333334,8.25,5.466666666666667,7.333333333333333,2.283333333333333,8.516666666666667,5.65,11.45,6.533333333333333,13.0,63.28333333333333,37.49999999999999,113.78333333333333,0.4963609898107714,0.4521452145214521
ritesh-shetty,HYROX DOUBLES MIXED,40-44,,Sydney,2026,5.366666666666666,4.9,6.2,2.7666666666666666,6.616666666666666,5.133333333333334,6.6,5.1,6.833333333333333,5.4,7.05,2.0,6.85,6.25,17.666666666666668,7.5,12.983333333333333,63.18333333333334,39.05,115.21666666666668,0.6962264150943396,0.5389610389610389
alexander-lombardo,HYROX DOUBLES MIXED,16-24,,Sydney,2026,5.483333333333333,5.033333333333333,6.433333333333334,2.3,6.65,5.433333333333334,6.833333333333333,5.933333333333334,7.75,5.15,8.333333333333334,1.95,8.1,7.733333333333333,12.45,6.416666666666667,14.366666666666667,62.033333333333346,39.949999999999996,116.35000000000002,0.5595716198125836,0.42331288343558277
page-kakenga-clark,HYROX DOUBLES MIXED,30-34,,Sydney,2026,6.5,4.633333333333334,7.3,2.333333333333333,7.033333333333333,4.6,7.05,7.1,7.833333333333333,5.583333333333333,7.766666666666667,2.2333333333333334,7.766666666666667,6.666666666666667,11.633333333333333,6.883333333333334,14.616666666666667,62.88333333333333,40.03333333333333,117.53333333333333,0.4412607449856733,0.5072463768115941
dhanya-venkatesh-sulugodu,HYROX DOUBLES MIXED,35-39,,Sydney,2026,5.55,4.95,6.216666666666667,4.166666666666667,6.6,5.7,6.433333333333334,7.583333333333333,6.316666666666666,5.666666666666667,6.4,2.1166666666666667,7.033333333333333,8.25,9.816666666666666,12.316666666666666,13.816666666666666,54.36666666666666,50.75,118.93333333333331,0.43463497453310695,0.7309941520467836
aidan-goldthorpe,HYROX DOUBLES MIXED,30-34,,Sydney,2026,7.833333333333333,5.3,8.283333333333333,2.05,8.383333333333333,4.433333333333334,8.183333333333334,4.733333333333333,8.833333333333334,5.316666666666666,8.766666666666667,2.183333333333333,8.733333333333333,5.983333333333333,12.333333333333334,6.75,13.3,71.35000000000001,36.75,121.4,0.3648648648648649,0.46240601503759393
rebecca-adouni,HYROX DOUBLES MIXED,30-34,,Sydney,2026,9.983333333333333,4.616666666666666,11.533333333333331,3.1333333333333333,11.733333333333333,5.516666666666667,6.216666666666667,4.433333333333334,7.6,5.4,6.183333333333334,2.816666666666667,6.35,6.766666666666667,10.066666666666666,9.85,10.733333333333333,69.66666666666667,42.53333333333334,122.93333333333334,0.4730113636363636,0.56797583081571
eric-amador,HYROX DOUBLES MIXED,35-39,,Sydney,2026,6.416666666666667,4.533333333333333,7.966666666666667,2.716666666666667,8.65,5.366666666666666,8.616666666666667,6.0,8.133333333333333,5.25,7.983333333333333,2.4833333333333334,8.916666666666666,8.116666666666667,12.333333333333334,7.383333333333334,14.4,69.01666666666667,41.85,125.26666666666667,0.4797297297297297,0.5062111801242236
yike-wang,HYROX DOUBLES MIXED,25-29,,Sydney,2026,5.666666666666667,5.233333333333333,6.35,2.833333333333333,6.8,7.133333333333334,6.733333333333333,5.366666666666666,9.183333333333334,5.35,8.3,2.3666666666666667,7.383333333333334,10.066666666666666,10.083333333333334,16.75,13.1,60.5,55.099999999999994,128.7,0.4380165289256198,0.3971962616822429
sione-spencer-fuailemaa,HYROX DOUBLES MIXED,35-39,,Sydney,2026,6.5,4.8,7.516666666666667,2.4,8.066666666666666,4.116666666666666,8.316666666666666,6.866666666666666,9.133333333333333,6.45,9.066666666666666,2.683333333333333,9.2,8.483333333333333,15.266666666666667,8.533333333333333,16.483333333333334,73.06666666666666,44.33333333333333,133.88333333333333,0.5742358078602621,0.5829959514170041
sione-john-harold-faletau,HYROX DOUBLES MIXED,40-44,,Sydney,2026,9.716666666666669,4.85,9.866666666666667,1.7,10.233333333333333,3.933333333333333,10.066666666666666,4.45,10.483333333333333,5.083333333333333,10.25,2.45,10.4,7.5,18.316666666666663,6.4,14.866666666666667,89.33333333333334,36.36666666666667,140.5666666666667,0.4695177434030935,0.4322033898305085
jack-presley,HYROX DOUBLES MIXED,25-29,,Sydney,2026,6.766666666666667,5.05,8.25,4.133333333333334,8.433333333333334,6.066666666666666,8.866666666666667,15.6,9.333333333333334,5.65,9.183333333333334,5.2,10.15,18.866666666666667,14.6,19.683333333333334,15.616666666666667,75.58333333333333,80.25,171.45000000000002,0.5365296803652968,0.6813186813186815
jesse-bruce,HYROX DOUBLES MIXED,35-39,,Toronto,2025,3.3666666666666667,3.983333333333333,3.7666666666666666,1.7,3.8666666666666663,2.7,3.883333333333333,2.3,3.966666666666667,4.05,3.9,1.2833333333333334,3.9166666666666665,2.2333333333333334,3.333333333333333,3.4,3.7666666666666666,30.0,21.650000000000002,55.416666666666664,0.1596638655462186,0.6296296296296295
reece-fallon,HYROX DOUBLES MIXED,30-34,,Toronto,2025,3.5166666666666666,4.066666666666666,4.1,1.9833333333333332,4.266666666666667,2.95,4.216666666666667,2.8666666666666667,4.316666666666666,4.166666666666667,4.4,1.4666666666666666,4.416666666666667,3.033333333333333,3.633333333333333,3.75,3.9,32.866666666666674,24.28333333333333,61.050000000000004,0.20377358490566044,0.6723163841807909
danielle-blasini,HYROX DOUBLES MIXED,30-34,,Toronto,2025,3.966666666666667,4.033333333333333,4.6,1.6666666666666667,4.916666666666667,2.816666666666667,4.866666666666666,2.45,4.816666666666666,4.2,4.766666666666667,1.2666666666666666,4.95,2.15,3.883333333333333,3.55,3.983333333333333,36.766666666666666,22.133333333333333,62.88333333333333,0.21548821548821562,0.591715976331361
gentiane-le-grand,HYROX DOUBLES MIXED,25-29,,Toronto,2025,3.733333333333333,4.033333333333333,4.483333333333333,1.5166666666666666,5.016666666666667,2.833333333333333,4.583333333333333,2.3,4.8,4.116666666666666,4.783333333333333,1.3333333333333333,4.9,2.533333333333333,3.983333333333333,4.966666666666667,4.2,36.28333333333333,23.633333333333333,64.11666666666666,0.25581395348837216,0.5352941176470588
jose-lima,HYROX DOUBLES MIXED,30-34,,Toronto,2025,3.716666666666667,4.05,4.566666666666666,2.0166666666666666,4.9,3.183333333333333,4.966666666666667,2.15,4.883333333333334,4.35,4.916666666666667,1.45,5.15,2.7,4.15,3.65,4.766666666666667,37.25,23.549999999999997,65.56666666666666,0.2783171521035599,0.6335078534031414
hailley-seed,HYROX DOUBLES MIXED,25-29,,Toronto,2025,3.8333333333333335,4.166666666666667,4.566666666666666,1.8666666666666667,4.7,3.35,4.466666666666667,2.6166666666666667,4.9,4.6,4.616666666666666,1.4833333333333334,4.7,3.25,3.7666666666666666,5.0,4.566666666666666,35.550000000000004,26.333333333333336,66.45,0.23129251700680278,0.5572139303482587
samantha-heller,HYROX DOUBLES MIXED,30-34,,Toronto,2025,3.733333333333333,4.283333333333333,4.45,2.1666666666666665,4.783333333333333,3.4,4.883333333333334,2.583333333333333,4.983333333333333,4.6,4.85,1.6166666666666667,4.9,3.35,4.133333333333334,3.816666666666667,5.05,36.71666666666667,25.816666666666666,67.58333333333334,0.2508361204013379,0.6372549019607843
kristin-graham,HYROX DOUBLES MIXED,45-49,,Toronto,2025,3.983333333333333,4.2,4.616666666666666,2.066666666666667,4.85,3.0,4.783333333333333,3.1,4.983333333333333,4.75,4.9,1.7666666666666666,4.733333333333333,3.8666666666666663,3.983333333333333,4.766666666666667,4.583333333333333,36.833333333333336,27.516666666666666,68.93333333333334,0.20066889632107032,0.688888888888889
michael-meeks,HYROX DOUBLES MIXED,50-54,,Toronto,2025,3.983333333333333,4.066666666666666,4.566666666666666,2.15,4.733333333333333,4.233333333333333,4.716666666666667,3.733333333333333,4.766666666666667,4.966666666666667,4.716666666666667,1.7333333333333334,4.75,4.366666666666666,4.083333333333333,4.016666666666667,4.433333333333334,36.31666666666667,29.266666666666666,70.01666666666668,0.1643356643356644,0.5078740157480315
jonathan-herr,HYROX DOUBLES MIXED,35-39,,Toronto,2025,4.2,3.966666666666667,4.833333333333333,1.7166666666666666,5.7,2.783333333333333,5.7,2.25,6.25,4.25,5.633333333333334,1.5166666666666666,5.8,2.333333333333333,4.783333333333333,3.566666666666667,5.633333333333334,42.9,22.383333333333333,70.91666666666667,0.32799999999999996,0.6167664670658682
tommy-bezeau,HYROX DOUBLES MIXED,30-34,,Toronto,2025,3.983333333333333,4.55,4.8,1.9333333333333331,5.0,3.783333333333333,5.133333333333334,3.183333333333333,5.666666666666667,4.816666666666666,4.916666666666667,1.7333333333333334,5.0,3.4,4.366666666666666,4.166666666666667,5.35,38.86666666666667,27.566666666666666,71.78333333333332,0.2970588235294119,0.5110132158590308
elizabeth-good,HYROX DOUBLES MIXED,40-44,,Toronto,2025,4.733333333333333,4.35,5.383333333333334,2.033333333333333,5.433333333333334,4.05,5.4,2.5,5.433333333333334,4.333333333333333,5.433333333333334,1.5833333333333333,5.416666666666667,2.783333333333333,4.533333333333333,3.85,5.183333333333334,41.766666666666666,25.483333333333334,72.43333333333334,0.16564417177914117,0.5020576131687243
briana-van-boxmeer,HYROX DOUBLES MIXED,35-39,,Toronto,2025,4.233333333333333,4.216666666666667,4.983333333333333,1.6833333333333331,5.133333333333334,3.8666666666666663,5.183333333333334,3.066666666666667,5.316666666666666,4.833333333333333,5.366666666666666,1.6333333333333333,5.366666666666666,3.633333333333333,4.3,4.266666666666667,5.916666666666667,39.88333333333333,27.199999999999996,73.00000000000001,0.2111801242236024,0.4353448275862069
alexander-krieger,HYROX DOUBLES MIXED,30-34,,Toronto,2025,4.616666666666666,4.45,5.2,1.75,5.266666666666667,3.55,5.25,2.95,5.5,4.95,5.316666666666666,1.4666666666666666,5.4,2.9166666666666665,4.783333333333333,4.75,5.416666666666667,41.33333333333333,26.78333333333333,73.53333333333335,0.16060606060606067,0.49295774647887325
troy-leslie,HYROX DOUBLES MIXED,35-39,,Toronto,2025,3.9166666666666665,4.1,4.783333333333333,2.566666666666667,4.95,3.75,5.216666666666667,4.05,5.366666666666666,4.683333333333334,5.333333333333333,1.6166666666666667,5.583333333333333,3.75,4.55,4.683333333333334,5.333333333333333,39.699999999999996,29.2,74.23333333333333,0.29850746268656714,0.6844444444444445
nicole-bowman,HYROX DOUBLES MIXED,40-44,,Toronto,2025,4.233333333333333,4.35,4.933333333333334,2.6333333333333333,5.366666666666666,4.8,5.233333333333333,3.0166666666666666,5.4,4.9,5.35,1.8666666666666667,5.45,3.55,4.55,3.7666666666666666,5.383333333333334,40.51666666666667,28.88333333333333,74.78333333333335,0.22324159021406728,0.5486111111111112
meg-hector,HYROX DOUBLES MIXED,25-29,,Toronto,2025,3.5166666666666666,3.966666666666667,8.25,1.85,5.033333333333333,4.266666666666667,5.016666666666667,2.9833333333333334,5.45,4.6,5.183333333333334,1.5666666666666669,5.183333333333334,2.833333333333333,4.583333333333333,4.633333333333334,6.433333333333334,42.21666666666666,26.699999999999996,75.35000000000001,0.5737373737373738,0.43359375
osama-benmofta,HYROX DOUBLES MIXED,40-44,,Toronto,2025,4.016666666666667,4.533333333333333,4.916666666666667,2.183333333333333,5.183333333333334,4.866666666666666,5.633333333333334,2.7,5.666666666666667,4.833333333333333,5.65,1.7833333333333334,5.85,4.05,4.666666666666667,4.233333333333333,5.1,41.583333333333336,29.183333333333334,75.86666666666666,0.31339031339031337,0.4486301369863014
logan-grenon,HYROX DOUBLES MIXED,16-24,,Toronto,2025,4.65,4.283333333333333,5.033333333333333,2.35,5.283333333333333,3.466666666666667,5.233333333333333,2.783333333333333,5.75,4.65,5.533333333333333,1.55,5.616666666666666,3.183333333333333,6.833333333333333,4.283333333333333,5.75,43.93333333333334,26.549999999999997,76.23333333333333,0.3195121951219511,0.6778846153846154
erin-strate,HYROX DOUBLES MIXED,35-39,,Toronto,2025,4.45,4.4,4.95,1.9333333333333331,5.25,4.116666666666666,5.416666666666667,3.2333333333333334,5.616666666666666,4.883333333333334,5.266666666666667,1.9333333333333331,5.133333333333334,3.716666666666667,6.433333333333334,4.883333333333334,5.233333333333333,42.516666666666666,29.1,76.85,0.3082901554404145,0.46963562753036436
alex-gabrini,HYROX DOUBLES MIXED,45-49,,Toronto,2025,4.75,4.4,5.583333333333333,1.9666666666666663,5.783333333333333,3.983333333333333,5.816666666666666,3.333333333333333,5.966666666666667,4.766666666666667,5.866666666666666,1.6833333333333331,5.983333333333333,3.6166666666666663,4.85,3.7,5.333333333333333,44.6,27.45,77.38333333333333,0.20612813370473537,0.4937238493723849
barbara-st-thomas,HYROX DOUBLES MIXED,40-44,,Toronto,2025,5.016666666666667,4.35,5.7,1.85,6.0,3.533333333333333,6.066666666666666,2.85,6.166666666666667,4.516666666666667,6.05,1.5166666666666666,5.933333333333334,3.6666666666666665,5.066666666666666,4.016666666666667,5.566666666666666,46.0,26.299999999999997,77.86666666666667,0.18648648648648652,0.5235849056603774
emily-mitchell,HYROX DOUBLES MIXED,30-34,,Toronto,2025,4.333333333333333,4.366666666666666,5.366666666666666,1.9166666666666667,6.116666666666666,3.2,6.133333333333334,3.566666666666667,6.183333333333334,4.933333333333334,5.766666666666667,1.5,6.05,3.35,5.266666666666667,4.283333333333333,5.95,45.21666666666666,27.116666666666667,78.28333333333333,0.29919137466307283,0.5989583333333334
eleanor-cepiel,HYROX DOUBLES MIXED,16-24,,Toronto,2025,4.55,4.283333333333333,5.516666666666667,2.05,5.733333333333333,3.983333333333333,5.983333333333333,3.4166666666666665,6.216666666666667,4.783333333333333,6.15,1.5666666666666669,6.116666666666666,3.3,4.916666666666667,4.133333333333334,5.933333333333334,45.18333333333333,27.516666666666666,78.63333333333333,0.2680965147453084,0.5146443514644351
sydney-bartha,HYROX DOUBLES MIXED,35-39,,Toronto,2025,4.366666666666666,4.45,5.416666666666667,2.05,5.533333333333333,3.8,5.55,3.566666666666667,5.733333333333333,4.883333333333334,5.6,1.75,6.1,3.583333333333333,5.416666666666667,4.833333333333333,6.483333333333333,43.71666666666667,28.916666666666664,79.11666666666666,0.2841530054644809,0.5394736842105263
riley-kovacs,HYROX DOUBLES MIXED,16-24,,Toronto,2025,5.416666666666667,4.416666666666667,6.2,1.7,6.5,3.4,6.5,2.8666666666666667,6.45,4.6,6.133333333333334,1.6,5.933333333333334,3.05,4.966666666666667,3.85,5.883333333333334,48.10000000000001,25.483333333333338,79.46666666666667,0.2358974358974359,0.5
lara-drury,HYROX DOUBLES MIXED,30-34,,Toronto,2025,4.833333333333333,4.283333333333333,5.616666666666666,1.6833333333333331,5.7,4.75,5.866666666666666,3.5166666666666666,6.233333333333333,4.833333333333333,6.0,1.5666666666666669,5.983333333333333,3.1,5.2,4.25,6.383333333333334,45.43333333333334,27.983333333333334,79.8,0.2245989304812835,0.35438596491228064
kiersten-trafford,HYROX DOUBLES MIXED,45-49,,Toronto,2025,4.866666666666666,4.6,5.65,2.183333333333333,5.716666666666667,4.55,6.333333333333333,3.4166666666666665,5.983333333333333,5.016666666666667,5.833333333333333,2.1166666666666667,5.883333333333334,3.183333333333333,5.066666666666666,4.183333333333334,5.683333333333334,45.33333333333333,29.25,80.26666666666667,0.23157894736842108,0.4798534798534798
romain-cabriel,HYROX DOUBLES MIXED,30-34,,Toronto,2025,5.133333333333334,4.466666666666667,5.75,1.8666666666666667,6.216666666666667,2.8833333333333333,6.25,3.85,6.2,4.783333333333333,5.916666666666667,1.6833333333333331,5.7,3.716666666666667,4.8,4.516666666666667,7.016666666666667,45.96666666666667,27.766666666666666,80.75,0.23200000000000004,0.6473988439306358
mike-morrison,HYROX DOUBLES MIXED,35-39,,Toronto,2025,4.916666666666667,4.1,5.516666666666667,1.8666666666666667,5.966666666666667,2.6666666666666665,5.883333333333334,3.8666666666666663,6.216666666666667,4.633333333333334,5.933333333333334,1.75,8.666666666666666,3.633333333333333,5.316666666666666,3.9,6.4,48.41666666666667,26.416666666666664,81.23333333333335,0.4326923076923076,0.7000000000000001
erin-assman,HYROX DOUBLES MIXED,30-34,,Toronto,2025,5.1,4.5,5.666666666666667,1.85,8.733333333333333,4.4,5.866666666666666,3.2666666666666666,6.066666666666666,4.366666666666666,5.883333333333334,1.3666666666666667,6.083333333333333,3.8333333333333335,5.266666666666667,4.2,5.15,48.66666666666667,27.78333333333333,81.6,0.416030534351145,0.4204545454545454
sophie-rochon,HYROX DOUBLES MIXED,16-24,,Toronto,2025,4.65,4.566666666666666,5.6,2.5166666666666666,5.85,5.45,5.966666666666667,3.7,5.916666666666667,4.95,5.916666666666667,1.75,5.933333333333334,3.6666666666666665,4.916666666666667,4.7,6.033333333333333,44.75000000000001,31.3,82.08333333333336,0.22067039106145248,0.4617737003058104
majed-karam,HYROX DOUBLES MIXED,30-34,,Toronto,2025,4.983333333333333,4.433333333333334,5.533333333333333,1.7166666666666666,5.616666666666666,4.5,5.783333333333333,4.1,5.75,4.85,5.55,1.4833333333333334,5.9,4.366666666666666,4.666666666666667,7.533333333333333,5.666666666666667,43.783333333333324,32.983333333333334,82.43333333333332,0.20903954802259886,0.3814814814814815
laura-kaye,HYROX DOUBLES MIXED,30-34,,Toronto,2025,5.25,4.55,5.833333333333333,1.95,6.25,3.966666666666667,6.15,3.033333333333333,6.533333333333333,4.9,6.383333333333334,1.6166666666666667,6.433333333333334,3.9,5.416666666666667,3.95,6.666666666666667,48.24999999999999,27.866666666666664,82.78333333333333,0.19642857142857142,0.49159663865546216
james-heslinga,HYROX DOUBLES MIXED,25-29,,Toronto,2025,5.683333333333334,4.633333333333334,6.2,1.35,6.3,3.4166666666666665,6.366666666666666,4.116666666666666,6.75,4.816666666666666,6.416666666666667,1.6333333333333333,6.383333333333334,3.3833333333333333,5.633333333333334,4.033333333333333,6.016666666666667,49.733333333333334,27.383333333333333,83.13333333333334,0.16543209876543205,0.3951219512195122
jack-randall,HYROX DOUBLES MIXED,16-24,,Toronto,2025,5.35,4.383333333333334,6.433333333333334,2.083333333333333,6.666666666666667,3.883333333333333,6.75,2.8,6.766666666666667,4.55,6.333333333333333,1.6666666666666667,6.383333333333334,3.2,5.0,4.733333333333333,6.383333333333334,49.68333333333333,27.3,83.36666666666667,0.26108374384236455,0.5364806866952789
mitchell-white,HYROX DOUBLES MIXED,16-24,,Toronto,2025,5.25,4.75,5.883333333333334,2.1166666666666667,6.533333333333333,4.183333333333334,6.566666666666666,3.15,6.583333333333333,4.8,6.516666666666667,1.8166666666666669,6.266666666666667,2.816666666666667,5.65,4.216666666666667,6.55,49.24999999999999,27.85,83.64999999999999,0.20253164556962022,0.5059760956175299
jack-mcintyre,HYROX DOUBLES MIXED,30-34,,Toronto,2025,4.766666666666667,4.466666666666667,5.466666666666667,1.7,6.033333333333333,4.183333333333334,6.066666666666666,4.033333333333333,6.5,5.016666666666667,6.183333333333334,1.5833333333333333,6.266666666666667,3.9166666666666665,5.583333333333333,5.7,6.65,46.86666666666667,30.6,84.11666666666667,0.26666666666666666,0.40637450199203184
mikayla-short,HYROX DOUBLES MIXED,45-49,,Toronto,2025,5.6,4.466666666666667,6.533333333333333,2.15,6.4,3.783333333333333,6.316666666666666,4.6,6.566666666666666,4.516666666666667,6.45,1.5,6.4,3.583333333333333,5.933333333333334,3.9166666666666665,5.7,50.2,28.516666666666666,84.41666666666667,0.1472081218274112,0.5682819383259912
stefan-cambouris,HYROX DOUBLES MIXED,25-29,,Toronto,2025,4.65,4.35,5.7,2.1166666666666667,5.95,4.716666666666667,5.933333333333334,4.566666666666666,6.483333333333333,5.5,6.016666666666667,1.7833333333333334,5.95,3.8333333333333335,5.083333333333333,4.566666666666666,7.666666666666667,45.76666666666667,31.433333333333334,84.86666666666667,0.28277634961439585,0.4487632508833922
sophia-voutianitis,HYROX DOUBLES MIXED,40-44,,Toronto,2025,4.916666666666667,4.683333333333334,5.666666666666667,2.083333333333333,5.95,4.783333333333333,6.083333333333333,4.933333333333334,6.2,5.1,6.25,2.1166666666666667,6.166666666666667,4.166666666666667,5.283333333333333,4.866666666666666,5.966666666666667,46.51666666666666,32.733333333333334,85.21666666666664,0.2133333333333333,0.4355400696864111
gabe-rabess,HYROX DOUBLES MIXED,45-49,,Toronto,2025,5.016666666666667,4.466666666666667,6.366666666666666,2.4166666666666665,5.866666666666666,4.166666666666667,6.083333333333333,4.3,6.166666666666667,4.85,6.15,1.7666666666666666,6.2,5.4,4.816666666666666,5.5,6.2,46.66666666666667,32.86666666666667,85.73333333333333,0.24345549738219893,0.58
ahmed-azzam,HYROX DOUBLES MIXED,35-39,,Toronto,2025,4.983333333333333,4.633333333333334,8.866666666666667,2.25,5.75,4.6,5.6,3.816666666666667,5.816666666666666,5.416666666666667,5.75,1.6666666666666667,6.183333333333334,4.383333333333334,4.85,4.9,6.683333333333334,47.800000000000004,31.66666666666667,86.15000000000003,0.4530075187969925,0.48913043478260876
alisha-elford,HYROX DOUBLES MIXED,40-44,,Toronto,2025,5.2,4.9,9.316666666666666,2.716666666666667,6.216666666666667,4.566666666666666,5.883333333333334,3.633333333333333,5.966666666666667,4.733333333333333,5.816666666666666,1.6333333333333333,6.0,3.733333333333333,5.05,5.0,6.0,49.45,30.916666666666668,86.36666666666669,0.45796064400715564,0.5948905109489052
james-raleigh,HYROX DOUBLES MIXED,30-34,,Toronto,2025,5.35,4.366666666666666,6.3,1.95,6.466666666666667,3.816666666666667,6.6,3.966666666666667,6.733333333333333,5.133333333333334,6.666666666666667,1.8833333333333333,6.6,3.466666666666667,5.583333333333333,4.783333333333333,6.966666666666667,50.300000000000004,29.366666666666667,86.63333333333335,0.20544554455445552,0.5109170305676856
heather-mckelvey,HYROX DOUBLES MIXED,45-49,,Toronto,2025,4.916666666666667,4.5,5.466666666666667,1.8333333333333333,6.0,4.25,5.983333333333333,4.65,6.716666666666667,4.816666666666666,6.183333333333334,1.6333333333333333,6.016666666666667,4.9,5.383333333333334,6.583333333333333,7.166666666666667,46.666666666666664,33.166666666666664,87.00000000000001,0.2679900744416873,0.4313725490196078
chris-slawson,HYROX DOUBLES MIXED,30-34,,Toronto,2025,5.133333333333334,4.5,5.75,1.8333333333333333,5.9,4.566666666666666,6.133333333333334,3.25,6.116666666666666,4.916666666666667,6.366666666666666,2.1,6.6,4.55,6.233333333333333,6.266666666666667,7.116666666666666,48.233333333333334,31.983333333333334,87.33333333333333,0.22222222222222213,0.40145985401459855
jacob-mcgorman,HYROX DOUBLES MIXED,25-29,,Toronto,2025,5.533333333333333,5.033333333333333,5.783333333333333,3.0,5.816666666666666,5.283333333333333,5.783333333333333,3.85,6.0,5.0,5.966666666666667,1.7666666666666666,5.816666666666666,4.466666666666667,5.033333333333333,6.95,6.433333333333334,45.733333333333334,35.35,87.51666666666668,0.16111111111111112,0.5678233438485805
ashley-worobec,HYROX DOUBLES MIXED,45-49,,Toronto,2025,4.983333333333333,4.65,5.75,2.7,6.05,4.45,5.983333333333333,5.1,6.183333333333334,5.333333333333333,6.05,1.9166666666666667,6.2,5.05,5.316666666666666,4.983333333333333,7.083333333333333,46.516666666666666,34.18333333333333,87.78333333333333,0.19623655913978497,0.6067415730337079
rachele-molyneaux,HYROX DOUBLES MIXED,40-44,,Toronto,2025,5.2,4.5,6.016666666666667,1.9166666666666667,6.2,4.683333333333334,6.216666666666667,4.083333333333333,6.6,4.8,6.566666666666666,1.9,6.5,3.816666666666667,5.616666666666666,5.316666666666666,8.266666666666667,48.916666666666664,31.016666666666666,88.19999999999999,0.21212121212121204,0.4092526690391459
joyce-parsons,HYROX DOUBLES MIXED,50-54,,Toronto,2025,4.833333333333333,4.45,5.766666666666667,2.65,6.35,4.783333333333333,6.233333333333333,3.966666666666667,6.083333333333333,5.35,5.766666666666667,1.8666666666666667,5.933333333333334,5.616666666666666,5.5,5.516666666666667,7.933333333333334,46.46666666666667,34.2,88.6,0.2388451443569554,0.554006968641115
tara-fuerth,HYROX DOUBLES MIXED,50-54,,Toronto,2025,5.466666666666667,4.933333333333334,6.116666666666666,1.7666666666666666,6.366666666666666,3.3,6.183333333333334,5.166666666666667,6.5,4.783333333333333,6.383333333333334,1.95,6.4,4.8,5.65,6.583333333333333,6.766666666666667,49.06666666666666,33.28333333333334,89.11666666666666,0.15897435897435896,0.5353535353535354
mary-shepley,HYROX DOUBLES MIXED,35-39,,Toronto,2025,5.15,4.466666666666667,5.916666666666667,1.6166666666666667,6.766666666666667,3.55,7.033333333333333,3.4166666666666665,7.9,5.45,7.183333333333334,1.6166666666666667,6.833333333333333,3.3666666666666667,6.283333333333333,5.1,8.083333333333334,53.06666666666667,28.583333333333336,89.73333333333332,0.3481012658227848,0.45539906103286387
remy-modak,HYROX DOUBLES MIXED,35-39,,Toronto,2025,5.383333333333334,4.65,6.583333333333333,1.7333333333333334,6.75,3.583333333333333,6.966666666666667,3.583333333333333,7.5,5.05,6.683333333333334,1.9333333333333331,6.716666666666667,4.55,5.7,5.233333333333333,7.633333333333334,52.283333333333346,30.31666666666667,90.23333333333335,0.28222222222222215,0.4837209302325582
shelley-nebel,HYROX DOUBLES MIXED,35-39,,Toronto,2025,5.0,4.133333333333334,6.583333333333333,1.6166666666666667,6.2,3.3833333333333333,6.45,4.25,7.533333333333333,4.816666666666666,7.15,1.6666666666666667,9.133333333333333,3.8666666666666663,6.5,4.783333333333333,7.583333333333333,54.55,28.516666666666666,90.64999999999999,0.4525547445255474,0.47783251231527096
joshua-pompilii,HYROX DOUBLES MIXED,16-24,,Toronto,2025,5.383333333333334,4.9,6.283333333333333,1.7,6.716666666666667,4.666666666666667,6.866666666666666,3.4166666666666665,7.15,5.066666666666666,6.916666666666667,2.2666666666666666,7.116666666666666,3.55,6.616666666666666,4.983333333333333,7.266666666666667,53.05,30.55,90.86666666666666,0.24708624708624707,0.36428571428571427
patrick-ward,HYROX DOUBLES MIXED,30-34,,Toronto,2025,5.716666666666667,4.583333333333333,6.55,1.95,6.933333333333334,4.466666666666667,7.283333333333333,3.583333333333333,7.25,4.95,7.133333333333334,2.183333333333333,7.316666666666666,3.816666666666667,6.05,3.65,7.85,54.233333333333334,29.18333333333333,91.26666666666667,0.21867881548974938,0.43656716417910446
anett-trifonov,HYROX DOUBLES MIXED,35-39,,Toronto,2025,5.316666666666666,4.766666666666667,6.7,2.7333333333333334,7.133333333333334,4.3,7.166666666666667,3.5166666666666666,7.55,4.766666666666667,7.416666666666667,1.6166666666666667,7.633333333333334,4.366666666666666,5.95,4.1,6.716666666666667,54.86666666666667,30.166666666666664,91.74999999999999,0.30349344978165943,0.6356589147286822
chris-abdool,HYROX DOUBLES MIXED,30-34,,Toronto,2025,5.2,4.566666666666666,5.9,2.1166666666666667,6.183333333333334,4.083333333333333,6.333333333333333,3.683333333333333,7.15,5.25,6.8,1.8833333333333333,6.9,4.716666666666667,8.1,5.733333333333333,7.433333333333334,52.56666666666666,32.03333333333333,92.03333333333335,0.3580246913580246,0.5183673469387755
peter-collins,HYROX DOUBLES MIXED,35-39,,Toronto,2025,5.966666666666667,5.1,6.6,2.6166666666666667,6.816666666666666,3.9166666666666665,6.983333333333333,3.3666666666666667,7.383333333333334,5.483333333333333,6.883333333333334,2.1333333333333333,7.133333333333334,4.183333333333334,5.583333333333333,4.75,7.6,53.35,31.55,92.5,0.2437923250564335,0.6680851063829788
kathleen-armstrong,HYROX DOUBLES MIXED,40-44,,Toronto,2025,5.816666666666666,4.8,6.633333333333334,2.466666666666667,6.4,5.166666666666667,6.516666666666667,3.683333333333333,6.983333333333333,5.183333333333334,6.666666666666667,2.2,7.433333333333334,4.216666666666667,5.966666666666667,5.0,7.716666666666667,52.41666666666667,32.71666666666667,92.85000000000002,0.2174887892376682,0.4774193548387097
kaarina-kowalec,HYROX DOUBLES MIXED,40-44,,Toronto,2025,5.1,4.55,5.75,2.1166666666666667,6.35,4.65,7.266666666666667,3.4,7.5,5.216666666666667,7.216666666666667,2.0166666666666666,7.083333333333333,4.016666666666667,8.7,5.466666666666667,7.133333333333334,54.96666666666667,31.43333333333333,93.53333333333335,0.41379310344827586,0.4551971326164874
kieran-whitton-booth,HYROX DOUBLES MIXED,25-29,,Toronto,2025,6.883333333333334,5.05,6.1,1.6833333333333331,6.3,5.9,6.516666666666667,3.75,7.333333333333333,5.133333333333334,7.316666666666666,1.7166666666666666,6.466666666666667,4.016666666666667,7.683333333333334,3.933333333333333,8.133333333333333,54.60000000000001,31.18333333333333,93.91666666666669,0.2060737527114968,0.28531073446327676
aleks-ljubinkovic,HYROX DOUBLES MIXED,30-34,,Toronto,2025,5.816666666666666,4.516666666666667,7.016666666666667,1.7833333333333334,7.066666666666666,4.816666666666666,7.133333333333334,3.883333333333333,7.066666666666666,4.933333333333334,7.15,1.6666666666666667,7.233333333333333,4.766666666666667,6.366666666666666,4.716666666666667,8.3,54.849999999999994,31.083333333333336,94.23333333333333,0.19585253456221202,0.37024221453287204
jessica-haystead,HYROX DOUBLES MIXED,40-44,,Toronto,2025,5.933333333333334,4.533333333333333,6.416666666666667,2.05,6.533333333333333,3.816666666666667,6.616666666666666,5.55,6.683333333333334,5.283333333333333,6.716666666666667,2.333333333333333,6.75,6.416666666666667,5.7,5.566666666666666,7.966666666666667,51.35000000000001,35.55,94.86666666666667,0.15555555555555553,0.5371179039301309
seth-edwards,HYROX DOUBLES MIXED,25-29,,Toronto,2025,5.666666666666667,4.683333333333334,6.433333333333334,2.933333333333333,6.616666666666666,4.216666666666667,6.55,3.433333333333333,7.9,5.55,7.05,1.9833333333333332,6.983333333333333,3.966666666666667,5.916666666666667,5.3,10.116666666666667,53.11666666666667,32.06666666666666,95.29999999999998,0.28270042194092826,0.6956521739130435
angie-vyfschaft,HYROX DOUBLES MIXED,35-39,,Toronto,2025,4.216666666666667,4.133333333333334,5.95,2.1333333333333333,5.433333333333334,3.333333333333333,8.0,3.45,12.183333333333334,4.616666666666666,8.233333333333333,2.15,9.566666666666666,3.5,8.366666666666667,4.033333333333333,6.55,61.949999999999996,27.35,95.85,0.6538987688098495,0.64
cherie-quan,HYROX DOUBLES MIXED,25-29,,Toronto,2025,5.983333333333333,5.133333333333334,6.85,2.716666666666667,7.0,4.366666666666666,6.933333333333334,3.533333333333333,7.416666666666667,5.3,7.083333333333333,1.8666666666666667,7.75,4.016666666666667,6.133333333333334,5.3,9.1,55.15,32.233333333333334,96.4833333333333,0.2279569892473118,0.6221374045801528
nathan-suarez,HYROX DOUBLES MIXED,30-34,,Toronto,2025,5.7,4.55,6.533333333333333,3.15,6.833333333333333,5.6,6.8,3.983333333333333,7.383333333333334,5.266666666666667,7.133333333333334,2.2666666666666666,7.283333333333333,4.966666666666667,6.116666666666666,6.0,7.5,53.78333333333333,35.78333333333333,97.06666666666666,0.22799097065462756,0.5625
kaitlin-oneill,HYROX DOUBLES MIXED,30-34,,Toronto,2025,4.866666666666666,4.416666666666667,5.983333333333333,2.6333333333333333,6.75,6.1,7.616666666666666,4.15,7.25,5.183333333333334,6.4,1.9,6.783333333333333,6.25,6.483333333333333,6.1,8.7,52.13333333333333,36.733333333333334,97.56666666666668,0.36105032822757116,0.4316939890710383
victoria-mangialardi,HYROX DOUBLES MIXED,25-29,,Toronto,2025,5.883333333333334,4.983333333333333,6.75,2.316666666666667,6.866666666666666,4.533333333333333,7.083333333333333,3.733333333333333,7.666666666666667,5.333333333333333,7.316666666666666,2.05,7.15,4.516666666666667,6.15,7.75,7.916666666666667,54.86666666666666,35.21666666666667,98.0,0.2326086956521739,0.511029411764706
catalina-ristic,HYROX DOUBLES MIXED,35-39,,Toronto,2025,5.95,4.816666666666666,6.683333333333334,2.6666666666666665,6.583333333333333,5.066666666666666,6.866666666666666,4.133333333333334,7.0,4.766666666666667,7.233333333333333,1.8666666666666667,7.5,6.166666666666667,6.283333333333333,6.616666666666666,8.516666666666667,54.099999999999994,36.1,98.71666666666665,0.20666666666666664,0.5263157894736842
sara-yan,HYROX DOUBLES MIXED,25-29,,Toronto,2025,5.316666666666666,4.466666666666667,7.633333333333334,1.8666666666666667,8.0,4.283333333333333,8.016666666666667,3.783333333333333,9.1,4.866666666666666,7.516666666666667,1.7833333333333334,7.816666666666666,3.933333333333333,6.85,5.033333333333333,8.9,60.25000000000001,30.016666666666666,99.16666666666666,0.4157509157509158,0.4357976653696498
michelle-walsh,HYROX DOUBLES MIXED,45-49,,Toronto,2025,5.616666666666666,4.55,6.55,3.2,7.216666666666667,5.216666666666667,9.15,3.75,7.916666666666667,5.25,7.816666666666666,1.9166666666666667,8.133333333333333,3.933333333333333,6.866666666666666,4.516666666666667,8.05,59.266666666666666,32.333333333333336,99.65,0.3861566484517305,0.6134185303514377
shane-lykke,HYROX DOUBLES MIXED,45-49,,Toronto,2025,5.616666666666666,4.6,6.85,2.7666666666666666,7.083333333333333,4.166666666666667,7.15,5.416666666666667,7.416666666666667,5.366666666666666,7.5,1.9333333333333331,7.666666666666667,5.0,6.45,6.2,8.783333333333333,55.73333333333333,35.45,99.96666666666667,0.26739130434782615,0.6639999999999999
jordan-cash,HYROX DOUBLES MIXED,45-49,,Toronto,2025,6.25,5.7,6.9,2.1666666666666665,6.816666666666666,4.183333333333334,6.716666666666667,4.633333333333334,7.233333333333333,5.083333333333333,6.833333333333333,2.2333333333333334,6.816666666666666,5.166666666666667,6.1,9.183333333333334,8.433333333333334,53.66666666666668,38.35,100.45000000000003,0.15668202764976963,0.5179282868525896
robyn-vaillancourt,HYROX DOUBLES MIXED,40-44,,Toronto,2025,6.9,5.283333333333333,7.683333333333334,2.216666666666667,7.316666666666666,4.066666666666666,7.466666666666667,4.366666666666666,7.783333333333333,5.133333333333334,7.183333333333334,1.85,7.533333333333333,4.583333333333333,6.483333333333333,5.266666666666667,10.05,58.349999999999994,32.766666666666666,101.16666666666664,0.16702355460385437,0.5450819672131149
grant-hillier,HYROX DOUBLES MIXED,45-49,,Toronto,2025,6.283333333333333,5.033333333333333,6.833333333333333,1.9166666666666667,6.933333333333334,4.716666666666667,7.316666666666666,4.5,7.35,5.15,7.716666666666667,2.2,7.333333333333333,5.283333333333333,9.25,5.316666666666666,8.7,59.01666666666667,34.116666666666674,101.83333333333336,0.3207207207207207,0.40636042402826855
steve-vignola,HYROX DOUBLES MIXED,35-39,,Toronto,2025,5.8,5.333333333333333,6.9,3.433333333333333,6.933333333333334,5.916666666666667,7.183333333333334,4.833333333333333,7.3,5.716666666666667,7.45,1.95,7.316666666666666,6.133333333333334,5.966666666666667,6.516666666666667,7.816666666666666,54.85000000000001,39.833333333333336,102.50000000000001,0.22147651006711414,0.580281690140845
ahsher-zeldin,HYROX DOUBLES MIXED,25-29,,Toronto,2025,5.833333333333333,4.616666666666666,6.666666666666667,3.65,6.683333333333334,6.2,6.883333333333334,3.183333333333333,8.183333333333334,5.033333333333333,7.666666666666667,2.0,7.55,4.35,7.416666666666667,8.366666666666667,9.216666666666669,56.883333333333326,37.4,103.5,0.2871690427698575,0.5887096774193548
kirby-jagape,HYROX DOUBLES MIXED,25-29,,Toronto,2025,5.916666666666667,5.05,7.283333333333333,2.583333333333333,7.816666666666666,5.483333333333333,8.083333333333334,2.966666666666667,8.016666666666667,5.55,8.3,1.6833333333333331,8.0,6.583333333333333,8.033333333333333,4.466666666666667,8.433333333333334,61.45,34.36666666666667,104.25,0.28714859437751006,0.4711246200607902
kylie-filion,HYROX DOUBLES MIXED,35-39,,Toronto,2025,6.183333333333334,4.55,7.083333333333333,2.35,6.966666666666667,4.866666666666666,7.333333333333333,5.483333333333333,7.383333333333334,5.666666666666667,7.266666666666667,2.216666666666667,7.25,5.766666666666667,6.883333333333334,8.866666666666667,8.95,56.35,39.766666666666666,105.06666666666668,0.16252821670428896,0.48287671232876717
mara-decella,HYROX DOUBLES MIXED,25-29,,Toronto,2025,4.833333333333333,4.833333333333333,5.8,2.3666666666666667,6.15,4.016666666666667,6.3,3.083333333333333,9.133333333333333,5.033333333333333,9.55,1.8166666666666669,10.183333333333334,3.4,11.9,5.616666666666666,12.483333333333333,63.85,30.16666666666666,106.49999999999999,0.5938375350140056,0.5892116182572614
andrew-dyke,HYROX DOUBLES MIXED,30-34,,Toronto,2025,9.066666666666666,4.716666666666667,7.366666666666666,2.966666666666667,8.033333333333333,5.266666666666667,8.116666666666667,4.366666666666666,8.116666666666667,5.2,7.816666666666666,1.9166666666666667,7.65,4.183333333333334,6.916666666666667,7.333333333333333,8.95,63.08333333333333,35.95,107.98333333333333,0.2371323529411764,0.5632911392405063
crystal-samuel,HYROX DOUBLES MIXED,40-44,,Toronto,2025,5.9,4.783333333333333,7.533333333333333,3.3666666666666667,7.916666666666667,3.933333333333333,8.033333333333333,5.166666666666667,9.0,5.333333333333333,8.8,2.0166666666666666,10.516666666666667,5.4,8.05,5.6,8.5,65.75,35.6,109.85,0.43898573692551507,0.8559322033898306
selena-de-rose,HYROX DOUBLES MIXED,16-24,,Toronto,2025,5.116666666666666,4.583333333333333,7.216666666666667,3.283333333333333,8.55,5.383333333333334,8.416666666666666,4.583333333333333,8.333333333333334,5.733333333333333,8.733333333333333,1.6333333333333333,8.516666666666667,5.4,7.516666666666667,7.466666666666667,10.85,62.4,38.06666666666667,111.31666666666668,0.41412213740458015,0.609907120743034
dan-marchioni,HYROX DOUBLES MIXED,35-39,,Toronto,2025,6.366666666666666,5.483333333333333,7.183333333333334,3.2333333333333334,7.383333333333334,7.766666666666667,7.783333333333333,7.05,7.916666666666667,6.066666666666666,7.6,2.1333333333333333,7.733333333333333,5.316666666666666,6.85,6.5,10.766666666666667,58.81666666666667,43.55,113.13333333333333,0.1957894736842106,0.4163090128755365
candace-nikkel,HYROX DOUBLES MIXED,25-29,,Toronto,2025,6.65,4.833333333333333,8.233333333333333,2.4833333333333334,9.383333333333333,4.5,8.916666666666666,5.633333333333334,9.55,5.666666666666667,9.1,2.333333333333333,8.8,4.566666666666666,7.85,4.466666666666667,10.916666666666666,68.48333333333333,34.483333333333334,113.88333333333334,0.3036649214659686,0.5518518518518518
jannine-rane,HYROX DOUBLES MIXED,30-34,,Toronto,2025,6.25,5.183333333333334,7.466666666666667,3.883333333333333,8.166666666666666,6.433333333333334,7.85,4.533333333333333,8.366666666666667,5.766666666666667,7.983333333333333,2.55,8.1,5.9,6.983333333333333,9.866666666666667,9.7,61.16666666666667,44.11666666666667,114.98333333333336,0.252988047808765,0.6036269430051813
neel-bhatt,HYROX DOUBLES MIXED,35-39,,Toronto,2025,5.883333333333334,5.033333333333333,7.283333333333333,2.95,8.116666666666667,6.2,8.383333333333333,5.183333333333334,9.683333333333334,5.483333333333333,8.416666666666666,2.3666666666666667,8.833333333333334,6.2,7.616666666666666,8.7,9.766666666666667,64.21666666666667,42.116666666666674,116.10000000000001,0.39242685025817553,0.47580645161290325
amanda-panozzo,HYROX DOUBLES MIXED,30-34,,Toronto,2025,6.9,5.083333333333333,8.55,2.3666666666666667,9.266666666666667,3.6166666666666663,9.466666666666669,7.8,9.7,5.366666666666666,9.416666666666666,1.9833333333333332,9.433333333333334,6.133333333333334,8.5,4.933333333333334,9.416666666666666,71.23333333333333,37.28333333333333,117.93333333333332,0.2886597938144329,0.6543778801843319
stephen-pitts,HYROX DOUBLES MIXED,50-54,,Toronto,2025,6.7,5.4,7.45,3.933333333333333,7.433333333333334,7.083333333333333,7.7,6.55,8.483333333333333,5.35,8.083333333333334,1.9166666666666667,8.333333333333334,7.8,7.683333333333334,10.466666666666669,9.65,61.866666666666674,48.50000000000001,120.01666666666668,0.21021611001964627,0.5552941176470588
david-ellis,HYROX DOUBLES MIXED,45-49,,Toronto,2025,6.35,5.1,6.85,2.433333333333333,7.333333333333333,7.15,7.4,6.216666666666667,11.166666666666666,6.0,7.666666666666667,2.316666666666667,8.566666666666666,6.6,11.083333333333334,9.0,10.95,66.41666666666666,44.81666666666666,122.18333333333332,0.43134328358208956,0.3403263403263403
david-laszlo,HYROX DOUBLES MIXED,25-29,,Toronto,2025,6.733333333333333,5.433333333333334,8.45,2.333333333333333,8.6,5.016666666666667,9.0,7.916666666666667,9.85,5.216666666666667,9.2,2.0,9.933333333333334,6.033333333333333,9.266666666666667,11.116666666666667,10.133333333333333,71.03333333333333,45.06666666666666,126.23333333333332,0.32214765100671144,0.4651162790697674
florence-yan,HYROX DOUBLES MIXED,35-39,,Toronto,2025,5.883333333333334,4.783333333333333,7.433333333333334,3.2666666666666666,7.6,5.6,7.666666666666667,3.466666666666667,10.316666666666666,5.483333333333333,12.333333333333334,1.8833333333333333,15.883333333333333,7.283333333333333,11.0,6.433333333333334,14.433333333333334,78.11666666666667,38.2,130.75,0.6295907660020986,0.5833333333333334
amber-brown,HYROX DOUBLES MIXED,50-54,,Toronto,2025,7.9,4.683333333333334,10.333333333333334,2.6,10.566666666666666,4.35,10.8,8.65,11.666666666666666,6.016666666666667,12.233333333333333,0.8833333333333333,7.333333333333333,7.283333333333333,10.016666666666667,10.716666666666669,11.066666666666666,80.85,45.18333333333333,137.1,0.40054495912806537,0.5977011494252874
hailey-kirk,HYROX DOUBLES MIXED,16-24,,Toronto,2025,6.25,5.433333333333334,8.283333333333333,6.683333333333334,9.383333333333333,7.233333333333333,10.65,4.883333333333334,9.866666666666667,5.733333333333333,11.133333333333333,3.083333333333333,11.166666666666666,6.633333333333334,14.633333333333333,8.566666666666666,15.1,81.36666666666667,48.25,144.7166666666667,0.5728929384965832,0.923963133640553
thierry-willigenburg,HYROX DOUBLES MIXED,25-29,,Utrecht,2025,3.6,3.583333333333333,3.8333333333333335,1.65,4.016666666666667,2.6,3.95,2.4833333333333334,4.0,3.816666666666667,3.9166666666666665,1.3166666666666669,3.883333333333333,2.333333333333333,2.933333333333333,3.533333333333333,2.833333333333333,30.133333333333333,21.316666666666663,54.283333333333346,0.26970954356846477,0.6346153846153846
yael-thuis,HYROX DOUBLES MIXED,25-29,,Utrecht,2025,4.233333333333333,3.8666666666666663,4.416666666666667,2.0,4.583333333333333,2.583333333333333,4.65,2.3,4.8,4.333333333333333,5.0,1.9,4.783333333333333,2.216666666666667,3.5,3.633333333333333,3.333333333333333,35.96666666666667,22.83333333333333,62.13333333333334,0.3,0.7741935483870969
quinten-bijwaard,HYROX DOUBLES MIXED,30-34,,Utrecht,2025,4.233333333333333,3.8333333333333335,4.516666666666667,2.3666666666666667,4.7,3.216666666666667,4.733333333333333,2.716666666666667,4.733333333333333,4.383333333333334,4.75,1.6,4.683333333333334,2.8666666666666667,3.566666666666667,4.166666666666667,3.35,35.91666666666667,25.150000000000006,64.41666666666667,0.24912280701754383,0.7357512953367875
che-martens,HYROX DOUBLES MIXED,35-39,,Utrecht,2025,4.383333333333334,3.6666666666666665,4.716666666666667,1.7166666666666666,5.0,2.683333333333333,5.05,2.1333333333333333,5.116666666666666,4.216666666666667,5.05,1.5,5.25,2.9,5.433333333333334,3.816666666666667,4.033333333333333,40.0,22.633333333333333,66.66666666666667,0.19325153374233126,0.639751552795031
safae-temsamani,HYROX DOUBLES MIXED,35-39,,Utrecht,2025,4.233333333333333,3.966666666666667,4.683333333333334,2.2333333333333334,5.066666666666666,2.95,4.866666666666666,2.5,5.1,4.4,5.033333333333333,1.6,5.016666666666667,3.0166666666666666,5.416666666666667,3.716666666666667,3.9166666666666665,39.416666666666664,24.383333333333333,67.71666666666667,0.21846153846153848,0.7570621468926554
lysbet-de-boer,HYROX DOUBLES MIXED,30-34,,Utrecht,2025,4.316666666666666,3.85,4.75,2.566666666666667,5.35,3.25,5.233333333333333,2.816666666666667,5.083333333333333,4.266666666666667,4.916666666666667,1.4166666666666667,4.9,3.0,3.6166666666666663,4.566666666666666,4.283333333333333,38.166666666666664,25.733333333333334,68.18333333333334,0.32398753894081,0.7897435897435898
samentha-van-jaarsveld,HYROX DOUBLES MIXED,35-39,,Utrecht,2025,4.833333333333333,3.95,5.1,1.75,5.366666666666666,3.433333333333333,5.45,2.433333333333333,5.5,4.266666666666667,5.3,1.5833333333333333,5.366666666666666,2.95,3.966666666666667,3.6,3.95,40.88333333333333,23.966666666666665,68.8,0.27878787878787875,0.5097087378640777
franka-kruithof,HYROX DOUBLES MIXED,16-24,,Utrecht,2025,5.433333333333334,4.1,5.333333333333333,2.05,5.216666666666667,3.2333333333333334,5.166666666666667,2.716666666666667,5.166666666666667,4.483333333333333,5.15,1.5166666666666666,5.3,2.8833333333333333,3.95,3.6166666666666663,4.05,40.71666666666667,24.599999999999998,69.36666666666666,0.27300613496932513,0.634020618556701
myles-mcnulty,HYROX DOUBLES MIXED,55-59,,Utrecht,2025,4.633333333333334,4.016666666666667,5.166666666666667,2.533333333333333,5.35,2.583333333333333,5.45,2.9833333333333334,5.4,4.05,5.45,1.55,5.5,3.1166666666666667,4.133333333333334,3.95,4.0,41.083333333333336,24.783333333333335,69.86666666666666,0.24848484848484842,0.9806451612903226
juna-krommenhoek,HYROX DOUBLES MIXED,16-24,,Utrecht,2025,4.916666666666667,4.3,4.966666666666667,2.25,5.45,3.4,5.25,2.783333333333333,5.483333333333333,4.516666666666667,5.316666666666666,1.5833333333333333,5.25,3.0166666666666666,3.966666666666667,4.016666666666667,4.083333333333333,40.6,25.866666666666664,70.55,0.2765957446808511,0.6617647058823529
chantal-v-doorn,HYROX DOUBLES MIXED,30-34,,Utrecht,2025,4.533333333333333,3.6666666666666665,4.733333333333333,2.4,4.9,2.966666666666667,4.9,2.816666666666667,5.0,4.35,5.116666666666666,4.05,5.033333333333333,3.066666666666667,3.8,4.433333333333334,5.166666666666667,38.016666666666666,27.75,70.93333333333334,0.257328990228013,0.8089887640449438
jeroen-vreeken,HYROX DOUBLES MIXED,35-39,,Utrecht,2025,4.816666666666666,4.283333333333333,4.95,2.1166666666666667,5.15,3.7,5.05,2.45,5.3,4.6,5.35,1.8,5.15,2.9166666666666665,5.666666666666667,4.316666666666666,3.85,41.43333333333333,26.183333333333334,71.46666666666665,0.15000000000000008,0.572072072072072
daphne-van-kints,HYROX DOUBLES MIXED,40-44,,Utrecht,2025,4.433333333333334,3.85,4.95,2.466666666666667,5.25,3.8,5.25,3.15,5.416666666666667,4.466666666666667,5.3,1.7833333333333334,5.35,3.683333333333333,4.1,4.183333333333334,4.466666666666667,40.050000000000004,27.383333333333336,71.9,0.2430769230769232,0.6491228070175439
hannes-bossuyt,HYROX DOUBLES MIXED,35-39,,Utrecht,2025,5.6,3.95,5.25,2.083333333333333,5.383333333333334,3.3833333333333333,5.116666666666666,2.683333333333333,5.383333333333334,4.25,5.483333333333333,1.25,5.366666666666666,2.8,4.066666666666666,5.933333333333334,4.116666666666666,41.650000000000006,26.333333333333336,72.1,0.2738095238095238,0.6157635467980295
sander-windeij,HYROX DOUBLES MIXED,30-34,,Utrecht,2025,5.133333333333334,4.183333333333334,5.183333333333334,2.2666666666666666,5.65,3.816666666666667,5.716666666666667,3.1333333333333333,5.533333333333333,4.566666666666666,5.366666666666666,1.7,5.366666666666666,3.2,3.816666666666667,3.9166666666666665,3.9166666666666665,41.76666666666667,26.783333333333335,72.46666666666668,0.3323615160349854,0.593886462882096
mark-severijn,HYROX DOUBLES MIXED,40-44,,Utrecht,2025,4.433333333333334,3.85,4.883333333333334,1.7833333333333334,5.133333333333334,3.333333333333333,5.283333333333333,3.1666666666666665,5.683333333333334,4.7,5.483333333333333,1.55,5.366666666666666,3.15,6.333333333333333,3.733333333333333,4.883333333333334,42.6,25.266666666666666,72.75000000000001,0.29999999999999993,0.535
lisanne-oskam,HYROX DOUBLES MIXED,16-24,,Utrecht,2025,5.066666666666666,4.05,5.25,2.3,5.6,3.25,6.1,3.333333333333333,5.65,4.433333333333334,5.483333333333333,1.5666666666666669,5.7,3.083333333333333,4.15,4.216666666666667,3.9166666666666665,43.0,26.233333333333334,73.15,0.3196721311475409,0.7076923076923076
jornt-holwerda,HYROX DOUBLES MIXED,40-44,,Utrecht,2025,4.616666666666666,4.016666666666667,4.916666666666667,2.2333333333333334,5.2,2.3833333333333333,5.233333333333333,3.533333333333333,5.333333333333333,4.666666666666667,5.25,4.0,5.333333333333333,4.25,4.016666666666667,4.216666666666667,4.416666666666667,39.9,29.299999999999997,73.61666666666666,0.24687499999999996,0.9370629370629371
ilse-van-den-berg,HYROX DOUBLES MIXED,35-39,,Utrecht,2025,4.316666666666666,4.25,4.566666666666666,3.15,4.683333333333334,4.7,4.983333333333333,3.633333333333333,5.233333333333333,5.05,5.266666666666667,1.85,5.2,4.15,4.066666666666666,4.083333333333333,4.816666666666666,38.31666666666666,30.86666666666667,73.99999999999999,0.22784810126582283,0.6702127659574467
joanna-de-bruijn,HYROX DOUBLES MIXED,16-24,,Utrecht,2025,4.533333333333333,4.283333333333333,5.283333333333333,2.2,5.783333333333333,2.9833333333333334,5.65,3.816666666666667,6.05,4.6,5.666666666666667,1.7833333333333334,5.65,3.533333333333333,4.366666666666666,3.9,4.35,42.983333333333334,27.1,74.43333333333334,0.278236914600551,0.7374301675977654
nina-bos,HYROX DOUBLES MIXED,25-29,,Utrecht,2025,4.566666666666666,3.75,5.233333333333333,2.183333333333333,5.35,3.55,5.483333333333333,3.783333333333333,5.5,4.133333333333334,5.583333333333333,1.45,5.416666666666667,3.566666666666667,6.083333333333333,4.4,4.766666666666667,43.21666666666667,26.81666666666667,74.8,0.2493150684931507,0.6150234741784038
marine-silva,HYROX DOUBLES MIXED,40-44,,Utrecht,2025,5.366666666666666,4.166666666666667,5.733333333333333,2.1666666666666665,5.766666666666667,4.283333333333333,5.916666666666667,2.566666666666667,5.516666666666667,4.516666666666667,5.566666666666666,1.55,5.5,3.8666666666666663,4.066666666666666,3.933333333333333,4.716666666666667,43.43333333333334,27.05,75.2,0.31267605633802825,0.5058365758754864
sander-meissner,HYROX DOUBLES MIXED,35-39,,Utrecht,2025,5.566666666666666,4.333333333333333,5.45,2.433333333333333,5.566666666666666,3.283333333333333,5.5,3.2666666666666666,5.5,4.45,5.316666666666666,1.8333333333333333,5.45,2.966666666666667,6.45,4.066666666666666,4.283333333333333,44.800000000000004,26.63333333333333,75.71666666666667,0.17571059431524555,0.7411167512690355
pepijn-six-dijkstra,HYROX DOUBLES MIXED,25-29,,Utrecht,2025,5.233333333333333,4.1,5.55,2.083333333333333,5.933333333333334,3.7,5.9,3.75,5.866666666666666,4.316666666666666,5.816666666666666,1.7666666666666666,5.783333333333333,3.566666666666667,4.35,3.9166666666666665,4.466666666666667,44.43333333333333,27.2,76.10000000000001,0.26685393258426976,0.563063063063063
eline-spierts,HYROX DOUBLES MIXED,30-34,,Utrecht,2025,5.05,4.316666666666666,5.033333333333333,2.2333333333333334,5.5,4.216666666666667,5.516666666666667,3.783333333333333,5.466666666666667,4.766666666666667,5.516666666666667,2.0,5.216666666666667,4.116666666666666,4.116666666666666,4.666666666666667,4.883333333333334,41.416666666666664,30.1,76.4,0.2537764350453173,0.5296442687747036
rosa-spruit,HYROX DOUBLES MIXED,25-29,,Utrecht,2025,5.233333333333333,4.25,5.5,2.283333333333333,6.033333333333333,3.583333333333333,5.8,2.9,5.916666666666667,4.483333333333333,6.0,1.8166666666666669,5.883333333333334,3.0166666666666666,4.9,4.4,4.716666666666667,45.266666666666666,26.733333333333334,76.71666666666667,0.18784530386740325,0.6372093023255814
siebe-jagersma,HYROX DOUBLES MIXED,16-24,,Utrecht,2025,5.583333333333333,4.566666666666666,5.683333333333334,2.316666666666667,5.766666666666667,3.65,5.65,3.216666666666667,5.683333333333334,4.666666666666667,5.566666666666666,2.083333333333333,5.233333333333333,3.05,3.983333333333333,5.933333333333334,4.2,43.15,29.483333333333334,76.83333333333334,0.30924855491329484,0.634703196347032
eise-verouden,HYROX DOUBLES MIXED,30-34,,Utrecht,2025,4.5,3.933333333333333,5.633333333333334,2.4833333333333334,5.95,3.4,6.066666666666666,2.9833333333333334,6.083333333333333,4.25,6.0,1.45,5.833333333333333,3.583333333333333,4.3,5.283333333333333,5.433333333333334,44.36666666666667,27.366666666666667,77.16666666666667,0.29315068493150687,0.7303921568627452
philip-verdonk,HYROX DOUBLES MIXED,25-29,,Utrecht,2025,5.383333333333334,4.133333333333334,5.483333333333333,2.9833333333333334,5.483333333333333,3.4833333333333334,5.433333333333334,4.45,5.483333333333333,4.733333333333333,5.333333333333333,2.1,5.133333333333334,3.683333333333333,3.9,5.733333333333333,4.666666666666667,41.63333333333333,31.300000000000004,77.60000000000001,0.2887537993920973,0.8564593301435407
jasper-waasdorp,HYROX DOUBLES MIXED,30-34,,Utrecht,2025,5.233333333333333,4.1,5.283333333333333,2.7333333333333334,5.566666666666666,3.316666666666667,5.766666666666667,3.8333333333333335,6.05,4.533333333333333,6.25,1.8666666666666667,5.983333333333333,3.783333333333333,4.65,4.666666666666667,4.35,44.78333333333333,28.833333333333332,77.96666666666667,0.25599999999999995,0.8241206030150754
rick-mulder,HYROX DOUBLES MIXED,35-39,,Utrecht,2025,4.85,3.95,5.366666666666666,2.6333333333333333,5.783333333333333,2.716666666666667,6.783333333333333,3.6166666666666663,6.216666666666667,4.433333333333334,6.266666666666667,2.15,6.35,3.3,4.9,3.816666666666667,5.116666666666666,46.516666666666666,26.616666666666667,78.25,0.28501228501228504,0.9693251533742331
britte-marcus,HYROX DOUBLES MIXED,35-39,,Utrecht,2025,5.75,3.95,5.883333333333334,2.15,6.066666666666666,3.316666666666667,6.1,2.6666666666666665,6.35,4.533333333333333,6.25,1.8833333333333333,6.416666666666667,3.0166666666666666,4.833333333333333,5.35,3.95,47.65,26.866666666666667,78.46666666666667,0.24675324675324684,0.6482412060301507
diederik-boerman,HYROX DOUBLES MIXED,40-44,,Utrecht,2025,5.1,4.183333333333334,5.55,2.566666666666667,5.633333333333334,4.383333333333334,6.0,4.05,5.95,4.7,5.75,1.8666666666666667,5.666666666666667,4.35,4.4,4.083333333333333,4.683333333333334,44.05,30.183333333333334,78.91666666666666,0.2666666666666666,0.5855513307984791
niek-hiddink,HYROX DOUBLES MIXED,16-24,,Utrecht,2025,5.3,4.133333333333334,5.416666666666667,2.466666666666667,5.933333333333334,3.8,5.833333333333333,3.55,6.0,4.966666666666667,6.116666666666666,1.95,6.066666666666666,3.5166666666666666,4.716666666666667,5.366666666666666,4.116666666666666,45.383333333333326,29.749999999999996,79.24999999999997,0.22888283378746588,0.6491228070175439
marco-bravenboer,HYROX DOUBLES MIXED,30-34,,Utrecht,2025,5.65,4.166666666666667,5.85,2.8666666666666667,6.033333333333333,3.4166666666666665,5.933333333333334,2.1333333333333333,6.033333333333333,4.35,5.883333333333334,2.1166666666666667,6.033333333333333,3.2,6.716666666666667,4.85,4.3,48.13333333333333,27.099999999999994,79.53333333333332,0.15880893300248136,0.8390243902439025
bjorn-wekking,HYROX DOUBLES MIXED,35-39,,Utrecht,2025,5.466666666666667,4.116666666666666,5.183333333333334,2.683333333333333,5.5,4.3,5.5,3.333333333333333,5.766666666666667,4.533333333333333,5.633333333333334,1.7166666666666666,5.666666666666667,4.1,4.45,3.966666666666667,7.766666666666667,43.166666666666664,28.749999999999993,79.68333333333332,0.2283236994219653,0.624031007751938
roos-hooijer,HYROX DOUBLES MIXED,25-29,,Utrecht,2025,5.583333333333333,4.283333333333333,5.95,2.4,5.883333333333334,3.433333333333333,6.283333333333333,4.15,6.55,4.333333333333333,6.483333333333333,1.4166666666666667,6.716666666666667,3.2333333333333334,4.633333333333334,3.9166666666666665,4.566666666666666,48.083333333333336,27.16666666666667,79.81666666666666,0.3101736972704714,0.6990291262135923
dorien-lap,HYROX DOUBLES MIXED,35-39,,Utrecht,2025,5.166666666666667,4.233333333333333,5.466666666666667,2.083333333333333,5.583333333333333,5.116666666666666,5.783333333333333,3.6,5.816666666666666,5.2,5.85,1.8666666666666667,5.9,3.8666666666666663,4.416666666666667,4.3,5.866666666666666,43.98333333333333,30.26666666666667,80.11666666666665,0.2514124293785311,0.4071661237785016
daphne-wessels,HYROX DOUBLES MIXED,25-29,,Utrecht,2025,4.683333333333334,4.166666666666667,5.683333333333334,2.466666666666667,6.816666666666666,3.7666666666666666,6.183333333333334,3.633333333333333,6.133333333333334,4.683333333333334,6.333333333333333,2.216666666666667,6.116666666666666,3.1166666666666667,4.733333333333333,3.983333333333333,5.566666666666666,46.68333333333334,28.03333333333334,80.28333333333333,0.3129584352078239,0.6548672566371682
guus-hulsbos,HYROX DOUBLES MIXED,35-39,,Utrecht,2025,5.5,4.333333333333333,5.833333333333333,2.1666666666666665,6.2,3.8,6.133333333333334,3.4166666666666665,6.216666666666667,4.866666666666666,5.933333333333334,1.75,6.116666666666666,4.0,4.583333333333333,4.8,4.8,46.516666666666666,29.133333333333333,80.44999999999999,0.2627345844504022,0.5701754385964912
marije-vlietstra,HYROX DOUBLES MIXED,30-34,,Utrecht,2025,5.1,4.2,5.683333333333334,2.316666666666667,6.033333333333333,3.95,6.316666666666666,3.783333333333333,6.3,4.683333333333334,6.45,1.5833333333333333,6.866666666666666,3.3833333333333333,5.116666666666666,4.35,4.633333333333334,47.86666666666667,28.25,80.75000000000001,0.25728155339805825,0.5864978902953587
boukje-van-gent,HYROX DOUBLES MIXED,30-34,,Utrecht,2025,5.533333333333333,4.25,5.866666666666666,2.1333333333333333,6.05,3.733333333333333,6.05,2.7333333333333334,6.433333333333334,4.633333333333334,6.483333333333333,2.05,6.4,3.083333333333333,6.983333333333333,4.116666666666666,4.5,49.8,26.73333333333333,81.03333333333332,0.20763723150358,0.5714285714285715
tom-kolsteeg,HYROX DOUBLES MIXED,50-54,,Utrecht,2025,5.066666666666666,4.25,5.283333333333333,2.5166666666666666,5.583333333333333,3.8,5.566666666666666,3.733333333333333,5.633333333333334,5.1,5.95,2.0,5.733333333333333,4.416666666666667,4.55,6.633333333333334,5.483333333333333,43.36666666666667,32.45,81.30000000000001,0.23529411764705888,0.662280701754386
julia-maas,HYROX DOUBLES MIXED,25-29,,Utrecht,2025,5.483333333333333,4.366666666666666,5.833333333333333,2.05,6.033333333333333,3.4833333333333334,6.1,4.183333333333334,6.083333333333333,4.666666666666667,5.983333333333333,2.0166666666666666,6.016666666666667,3.6666666666666665,4.633333333333334,5.45,5.516666666666667,46.166666666666664,29.883333333333333,81.56666666666668,0.24043715846994523,0.5885167464114832
david-roovers,HYROX DOUBLES MIXED,45-49,,Utrecht,2025,5.1,4.066666666666666,6.15,2.566666666666667,6.05,4.15,6.0,3.566666666666667,6.4,4.916666666666667,6.25,1.8166666666666669,6.166666666666667,3.466666666666667,4.95,4.183333333333334,5.983333333333333,47.06666666666667,28.73333333333333,81.78333333333335,0.22656250000000003,0.6184738955823293
warren-rijavec,HYROX DOUBLES MIXED,30-34,,Utrecht,2025,4.816666666666666,4.383333333333334,4.933333333333334,2.583333333333333,5.116666666666666,3.5,5.1,4.416666666666667,5.45,4.9,5.333333333333333,2.05,5.516666666666667,2.95,6.033333333333333,7.766666666666667,7.116666666666666,42.3,32.55,81.96666666666665,0.20165745856353592,0.738095238095238
giovanni-helsens,HYROX DOUBLES MIXED,25-29,,Utrecht,2025,6.316666666666666,4.5,6.483333333333333,2.0,6.633333333333334,3.183333333333333,6.55,3.716666666666667,6.6,4.716666666666667,6.466666666666667,1.8666666666666667,6.4,3.2666666666666666,4.7,3.783333333333333,5.1,50.150000000000006,27.03333333333333,82.28333333333332,0.29145728643216084,0.6282722513089005
vincent-van-leeuwen,HYROX DOUBLES MIXED,16-24,,Utrecht,2025,5.366666666666666,4.25,5.416666666666667,2.4833333333333334,5.55,3.55,5.716666666666667,4.4,5.666666666666667,4.65,6.266666666666667,2.6666666666666665,5.7,4.316666666666666,6.566666666666666,4.95,5.05,46.25,31.26666666666667,82.56666666666666,0.18274111675126906,0.699530516431925
frits-schefferlie,HYROX DOUBLES MIXED,40-44,,Utrecht,2025,5.1,3.983333333333333,7.316666666666666,2.7666666666666666,5.816666666666666,3.5166666666666666,5.916666666666667,4.35,6.15,4.633333333333334,5.933333333333334,2.066666666666667,5.95,4.35,4.6,4.333333333333333,6.083333333333333,46.78333333333334,29.999999999999996,82.86666666666666,0.3712984054669704,0.7867298578199052
marloes-van-rooij,HYROX DOUBLES MIXED,35-39,,Utrecht,2025,5.533333333333333,4.333333333333333,5.433333333333334,2.9833333333333334,5.516666666666667,4.166666666666667,5.683333333333334,4.533333333333333,5.783333333333333,4.816666666666666,5.933333333333334,2.1,5.85,5.25,4.816666666666666,4.8,5.55,44.55000000000001,32.983333333333334,83.08333333333333,0.1882022471910113,0.716
aurelie-godfroid,HYROX DOUBLES MIXED,40-44,,Utrecht,2025,5.55,4.083333333333333,5.85,3.2666666666666666,6.0,3.983333333333333,6.116666666666666,4.15,6.383333333333334,4.95,6.25,1.9166666666666667,6.15,3.466666666666667,4.933333333333334,5.55,4.816666666666666,47.233333333333334,31.36666666666667,83.41666666666667,0.22715404699738906,0.8200836820083682
joel-de-jager,HYROX DOUBLES MIXED,35-39,,Utrecht,2025,6.15,4.0,6.266666666666667,2.5166666666666666,6.3,3.533333333333333,6.533333333333333,3.5,6.616666666666666,4.4,6.7,1.8333333333333333,6.65,4.083333333333333,5.033333333333333,3.95,5.483333333333333,50.25,27.816666666666666,83.55,0.24875621890547267,0.7122641509433962
olga-goor,HYROX DOUBLES MIXED,35-39,,Utrecht,2025,4.366666666666666,4.1,5.116666666666666,3.2333333333333334,6.2,4.366666666666666,6.216666666666667,3.283333333333333,6.2,4.916666666666667,6.233333333333333,2.05,6.166666666666667,4.05,7.083333333333333,4.433333333333334,5.8,47.58333333333333,30.433333333333334,83.81666666666666,0.3835294117647059,0.7404580152671757
jeroen-planken,HYROX DOUBLES MIXED,45-49,,Utrecht,2025,5.166666666666667,4.016666666666667,5.683333333333334,3.0,6.45,3.9166666666666665,6.483333333333333,3.066666666666667,6.25,4.75,6.45,1.8666666666666667,6.366666666666666,3.3833333333333333,7.45,4.466666666666667,5.4,50.300000000000004,28.46666666666667,84.16666666666667,0.3064876957494407,0.7659574468085106
simon-van-den-berg,HYROX DOUBLES MIXED,30-34,,Utrecht,2025,5.0,4.45,5.716666666666667,2.566666666666667,6.166666666666667,4.2,6.283333333333333,4.233333333333333,6.566666666666666,4.883333333333334,6.55,2.15,6.4,4.516666666666667,5.2,4.633333333333334,4.883333333333334,47.88333333333333,31.633333333333333,84.40000000000003,0.23857868020304565,0.6111111111111112
charlotte-wienen,HYROX DOUBLES MIXED,35-39,,Utrecht,2025,5.716666666666667,4.366666666666666,6.033333333333333,2.533333333333333,6.266666666666667,3.5166666666666666,6.4,3.4833333333333334,6.4,4.9,6.316666666666666,1.8666666666666667,6.15,3.1333333333333333,6.8,4.566666666666666,6.133333333333334,50.08333333333332,28.366666666666664,84.58333333333333,0.15931372549019604,0.7203791469194313
jeroen-kunst,HYROX DOUBLES MIXED,25-29,,Utrecht,2025,5.8,4.533333333333333,5.95,2.7,6.583333333333333,3.5,6.533333333333333,3.2,6.85,4.033333333333333,6.516666666666667,2.0166666666666666,6.4,3.4833333333333334,5.05,4.15,7.516666666666667,49.68333333333333,27.616666666666667,84.81666666666668,0.26277372262773724,0.7714285714285715
nishant-jayaswal,HYROX DOUBLES MIXED,30-34,,Utrecht,2025,5.616666666666666,4.166666666666667,6.233333333333333,2.8666666666666667,6.5,4.25,6.833333333333333,3.55,6.566666666666666,4.65,6.55,2.316666666666667,6.15,3.983333333333333,5.25,4.183333333333334,5.45,49.699999999999996,29.96666666666667,85.11666666666667,0.2317073170731707,0.6745098039215687
koen-vroomen,HYROX DOUBLES MIXED,30-34,,Utrecht,2025,5.266666666666667,4.033333333333333,5.916666666666667,2.2666666666666666,6.166666666666667,4.15,7.1,3.8666666666666663,6.383333333333334,5.0,6.45,1.9833333333333332,6.45,3.716666666666667,5.416666666666667,4.5,6.716666666666667,49.150000000000006,29.516666666666666,85.38333333333334,0.2582159624413145,0.5461847389558232
janine-tivers,HYROX DOUBLES MIXED,35-39,,Utrecht,2025,6.233333333333333,4.216666666666667,6.533333333333333,2.4166666666666665,6.733333333333333,2.55,6.95,3.35,6.866666666666666,4.483333333333333,6.9,2.1,7.0,3.8,5.2,4.166666666666667,6.383333333333334,52.416666666666664,27.083333333333336,85.88333333333333,0.2571428571428571,0.9477124183006536
mark-vis,HYROX DOUBLES MIXED,35-39,,Utrecht,2025,4.933333333333334,4.183333333333334,5.383333333333334,3.25,5.783333333333333,7.316666666666666,5.783333333333333,5.116666666666666,5.9,4.916666666666667,6.033333333333333,2.0166666666666666,5.916666666666667,4.333333333333333,4.533333333333333,5.616666666666666,5.133333333333334,44.26666666666666,36.75,86.14999999999998,0.24861878453038674,0.44419134396355353
patrick-espin-guirao,HYROX DOUBLES MIXED,35-39,,Utrecht,2025,6.8,4.133333333333334,6.816666666666666,2.066666666666667,6.733333333333333,3.633333333333333,6.8,3.8666666666666663,6.933333333333334,4.5,7.0,1.9166666666666667,7.033333333333333,3.566666666666667,5.466666666666667,3.9166666666666665,5.116666666666666,53.583333333333336,27.6,86.3,0.22274881516587675,0.5688073394495414
puck-baams,HYROX DOUBLES MIXED,25-29,,Utrecht,2025,4.4,4.566666666666666,5.8,2.7,6.766666666666667,4.283333333333333,6.733333333333333,3.316666666666667,7.0,4.9,6.866666666666666,1.8666666666666667,7.016666666666667,3.433333333333333,5.866666666666666,4.333333333333333,6.633333333333334,50.449999999999996,29.4,86.48333333333333,0.3729216152019002,0.6303501945525293
thecla-goossen,HYROX DOUBLES MIXED,30-34,,Utrecht,2025,5.25,4.333333333333333,5.55,2.1666666666666665,5.7,3.4833333333333334,5.9,3.9,6.3,4.866666666666666,6.4,1.9666666666666663,6.616666666666666,3.816666666666667,7.95,4.483333333333333,8.016666666666667,49.66666666666667,29.016666666666666,86.7,0.339622641509434,0.6220095693779903
ingrid-van-den-berg,HYROX DOUBLES MIXED,40-44,,Utrecht,2025,6.216666666666667,4.5,6.733333333333333,2.4,6.716666666666667,3.966666666666667,6.833333333333333,3.316666666666667,6.75,5.0,6.833333333333333,2.1333333333333333,6.816666666666666,3.85,5.333333333333333,4.333333333333333,5.366666666666666,52.23333333333334,29.5,87.1,0.21951219512195122,0.6050420168067226
anke-van-der-velden,HYROX DOUBLES MIXED,25-29,,Utrecht,2025,5.45,4.216666666666667,5.966666666666667,1.85,6.416666666666667,4.25,6.716666666666667,5.15,6.8,5.05,6.7,1.75,6.816666666666666,4.15,5.25,4.583333333333333,6.15,50.116666666666674,30.999999999999996,87.26666666666668,0.2298288508557457,0.43529411764705883
dennis-kuiper,HYROX DOUBLES MIXED,25-29,,Utrecht,2025,6.466666666666667,3.8333333333333335,9.016666666666667,1.7,9.3,3.15,6.533333333333333,3.05,7.116666666666666,4.4,7.0,1.7666666666666666,6.85,2.7666666666666666,5.466666666666667,4.233333333333333,4.85,57.75000000000001,24.9,87.50000000000001,0.41218637992831547,0.5396825396825397
georgien-douma,HYROX DOUBLES MIXED,40-44,,Utrecht,2025,5.783333333333333,4.183333333333334,6.116666666666666,3.083333333333333,6.366666666666666,4.2,6.55,4.8,6.516666666666667,4.766666666666667,6.466666666666667,2.0,6.7,4.766666666666667,5.15,5.55,4.866666666666666,49.65,33.349999999999994,87.86666666666666,0.23134328358208953,0.7341269841269841
genevie-miranda-morra,HYROX DOUBLES MIXED,30-34,,Utrecht,2025,5.55,4.4,6.216666666666667,3.683333333333333,6.366666666666666,4.133333333333334,6.333333333333333,3.566666666666667,6.483333333333333,4.733333333333333,6.316666666666666,2.033333333333333,6.683333333333334,4.033333333333333,7.433333333333334,5.116666666666666,5.083333333333333,51.38333333333334,31.700000000000003,88.16666666666666,0.25336322869955163,0.8911290322580644
jessica-helmer,HYROX DOUBLES MIXED,16-24,,Utrecht,2025,5.483333333333333,4.383333333333334,6.233333333333333,2.6,6.533333333333333,4.55,6.616666666666666,5.1,6.533333333333333,5.0,6.266666666666667,2.0166666666666666,6.666666666666667,4.283333333333333,5.266666666666667,4.75,6.1,49.599999999999994,32.68333333333333,88.38333333333331,0.21000000000000005,0.5714285714285715
marieke-welters-huijskes,HYROX DOUBLES MIXED,40-44,,Utrecht,2025,6.316666666666666,4.15,6.65,3.0,7.15,3.333333333333333,7.166666666666667,3.95,7.433333333333334,4.583333333333333,7.283333333333333,2.066666666666667,7.4,3.8,4.916666666666667,4.45,5.083333333333333,54.31666666666666,29.333333333333332,88.73333333333332,0.33856502242152464,0.9000000000000001
maud-nijhof,HYROX DOUBLES MIXED,35-39,,Utrecht,2025,5.866666666666666,4.416666666666667,6.35,3.5166666666666666,6.9,4.266666666666667,6.866666666666666,3.6666666666666665,6.166666666666667,4.816666666666666,6.666666666666667,1.9833333333333332,7.666666666666667,4.1,5.083333333333333,4.65,6.033333333333333,51.56666666666666,31.416666666666664,89.01666666666665,0.3369565217391305,0.82421875
nathalie-bauduin,HYROX DOUBLES MIXED,35-39,,Utrecht,2025,6.633333333333334,4.65,7.066666666666666,2.466666666666667,7.7,3.683333333333333,7.383333333333334,3.883333333333333,6.8,4.483333333333333,6.783333333333333,2.2666666666666666,6.816666666666666,4.366666666666666,4.8,4.716666666666667,4.866666666666666,53.98333333333332,30.516666666666666,89.36666666666665,0.37662337662337664,0.6696832579185521
wisse-zwanenburg,HYROX DOUBLES MIXED,25-29,,Utrecht,2025,5.65,4.3,6.3,2.9166666666666665,6.633333333333334,4.1,6.616666666666666,4.15,6.566666666666666,4.616666666666666,6.5,2.283333333333333,6.483333333333333,4.6,5.533333333333333,6.183333333333334,6.183333333333334,50.28333333333333,33.150000000000006,89.61666666666666,0.1658291457286433,0.7113821138211383
anouk-buijsman,HYROX DOUBLES MIXED,16-24,,Utrecht,2025,6.233333333333333,4.083333333333333,6.9,2.4,7.233333333333333,3.9,6.9,3.733333333333333,7.2,4.783333333333333,7.083333333333333,1.7,7.15,3.733333333333333,5.583333333333333,4.533333333333333,6.716666666666667,54.28333333333334,28.866666666666667,89.86666666666667,0.22811059907834105,0.6153846153846154
flori-katambaku,HYROX DOUBLES MIXED,25-29,,Utrecht,2025,6.783333333333333,4.283333333333333,6.783333333333333,3.35,7.25,3.066666666666667,7.4,3.1166666666666667,7.466666666666667,4.3,7.333333333333333,1.6666666666666667,7.2,3.966666666666667,5.583333333333333,5.4,5.25,55.80000000000001,29.15,90.20000000000002,0.2522321428571429,1.092391304347826
frank-de-vries,HYROX DOUBLES MIXED,35-39,,Utrecht,2025,5.816666666666666,4.316666666666666,6.283333333333333,2.6333333333333333,6.533333333333333,3.933333333333333,6.5,4.083333333333333,7.2,5.183333333333334,7.116666666666666,2.083333333333333,7.0,4.616666666666666,5.4,6.366666666666666,5.55,51.85,33.21666666666666,90.61666666666665,0.24999999999999997,0.6694915254237288
nikki-turkenburg,HYROX DOUBLES MIXED,30-34,,Utrecht,2025,6.533333333333333,4.216666666666667,6.733333333333333,2.2666666666666666,6.933333333333334,3.3833333333333333,6.916666666666667,3.6,7.383333333333334,4.616666666666666,7.283333333333333,2.066666666666667,7.316666666666666,3.933333333333333,5.633333333333334,5.15,7.033333333333333,54.73333333333333,29.233333333333334,90.99999999999999,0.23702031602708803,0.6699507389162561
joelle-van-riemsdijk,HYROX DOUBLES MIXED,25-29,,Utrecht,2025,5.4,4.933333333333334,6.066666666666666,3.35,7.183333333333334,4.633333333333334,6.566666666666666,4.8,6.65,5.25,6.433333333333334,2.2333333333333334,6.366666666666666,5.25,5.283333333333333,6.083333333333333,4.883333333333334,49.949999999999996,36.53333333333334,91.36666666666666,0.26450116009280744,0.7230215827338129
lotte-uineken,HYROX DOUBLES MIXED,16-24,,Utrecht,2025,5.433333333333334,4.2,6.183333333333334,2.55,7.216666666666667,4.416666666666667,6.85,5.7,7.15,5.166666666666667,6.933333333333334,2.283333333333333,6.733333333333333,4.066666666666666,5.333333333333333,5.6,6.016666666666667,51.833333333333336,33.983333333333334,91.83333333333333,0.2609699769053118,0.5773584905660376
noa-aartsen,HYROX DOUBLES MIXED,25-29,,Utrecht,2025,6.05,4.65,6.55,2.6,6.85,3.8333333333333335,6.833333333333333,3.566666666666667,7.133333333333334,4.566666666666666,6.966666666666667,2.2333333333333334,6.816666666666666,5.166666666666667,5.4,6.0,6.983333333333333,52.6,32.616666666666674,92.2,0.24299065420560748,0.6782608695652174
floris-kerkhoff,HYROX DOUBLES MIXED,16-24,,Utrecht,2025,6.55,4.316666666666666,7.183333333333334,2.2,7.733333333333333,3.6166666666666663,7.633333333333334,4.3,7.45,4.516666666666667,7.5,2.0166666666666666,7.6,3.8666666666666663,5.783333333333333,4.45,5.916666666666667,57.43333333333334,29.28333333333333,92.63333333333333,0.25215517241379315,0.6082949308755762
daphne-van-veenen,HYROX DOUBLES MIXED,25-29,,Utrecht,2025,5.833333333333333,4.366666666666666,6.216666666666667,2.7666666666666666,6.45,4.783333333333333,6.533333333333333,4.966666666666667,6.75,4.85,6.916666666666667,2.283333333333333,7.166666666666667,4.566666666666666,5.916666666666667,6.85,6.0,51.783333333333324,35.43333333333333,93.21666666666664,0.18604651162790706,0.578397212543554
cecile-vink,HYROX DOUBLES MIXED,25-29,,Utrecht,2025,6.533333333333333,4.683333333333334,6.866666666666666,2.933333333333333,6.966666666666667,4.683333333333334,7.05,3.8,6.95,5.0,6.95,1.6666666666666667,6.983333333333333,4.55,5.216666666666667,6.9,5.833333333333333,53.51666666666667,34.21666666666667,93.56666666666666,0.26004728132387706,0.6263345195729536
lana-hommes,HYROX DOUBLES MIXED,30-34,,Utrecht,2025,6.466666666666667,4.566666666666666,6.366666666666666,3.0,9.4,3.783333333333333,6.566666666666666,4.25,7.1,4.866666666666666,7.116666666666666,1.7166666666666666,6.916666666666667,3.8666666666666663,6.016666666666667,6.3,5.616666666666666,55.949999999999996,32.349999999999994,93.91666666666664,0.35992907801418444,0.7929515418502203
vincent-cornelis,HYROX DOUBLES MIXED,30-34,,Utrecht,2025,5.466666666666667,4.15,6.033333333333333,2.566666666666667,6.316666666666666,5.233333333333333,6.383333333333334,4.016666666666667,6.683333333333334,5.316666666666666,6.733333333333333,2.6333333333333333,6.85,5.583333333333333,7.85,6.6,5.866666666666666,52.31666666666667,36.099999999999994,94.28333333333332,0.30360934182590227,0.4904458598726115
damaris-wattimena,HYROX DOUBLES MIXED,30-34,,Utrecht,2025,6.616666666666666,4.416666666666667,7.0,3.066666666666667,7.416666666666667,3.283333333333333,7.35,4.933333333333334,7.666666666666667,4.833333333333333,7.333333333333333,1.9,7.15,4.733333333333333,5.8,4.5,6.766666666666667,56.33333333333333,31.666666666666668,94.76666666666667,0.24347826086956528,0.9340101522842641
jeroen-sanders,HYROX DOUBLES MIXED,30-34,,Utrecht,2025,6.55,4.366666666666666,7.0,2.4,7.3,3.9,7.233333333333333,3.966666666666667,7.75,4.933333333333334,7.533333333333333,2.0166666666666666,7.483333333333333,4.383333333333334,5.666666666666667,5.75,7.066666666666666,56.516666666666666,31.716666666666665,95.30000000000001,0.26881720430107525,0.6153846153846154
sophie-brehm,HYROX DOUBLES MIXED,25-29,,Utrecht,2025,6.5,4.4,6.6,2.9,6.666666666666667,4.733333333333333,6.95,5.216666666666667,7.2,4.966666666666667,7.133333333333334,2.45,6.716666666666667,4.9,5.233333333333333,5.533333333333333,7.75,53.0,35.1,95.85000000000001,0.27314814814814814,0.6126760563380281
janna-post,HYROX DOUBLES MIXED,16-24,,Utrecht,2025,6.266666666666667,4.516666666666667,6.483333333333333,3.15,6.783333333333333,5.783333333333333,7.233333333333333,4.083333333333333,7.416666666666667,5.033333333333333,7.383333333333334,1.95,7.316666666666666,4.9,5.516666666666667,5.833333333333333,6.916666666666667,54.39999999999999,35.25,96.56666666666666,0.2561797752808989,0.5446685878962536
kim-hendriks,HYROX DOUBLES MIXED,50-54,,Utrecht,2025,6.433333333333334,4.45,6.666666666666667,2.966666666666667,6.716666666666667,3.7,7.0,6.05,7.466666666666667,4.983333333333333,7.766666666666667,2.1166666666666667,7.733333333333333,5.25,6.166666666666667,5.116666666666666,6.666666666666667,55.95,34.63333333333333,97.25,0.20600858369098707,0.8018018018018018
renee-da-costa,HYROX DOUBLES MIXED,40-44,,Utrecht,2025,6.483333333333333,4.466666666666667,7.316666666666666,2.8666666666666667,7.766666666666667,3.3,7.733333333333333,4.333333333333333,8.483333333333333,4.7,8.116666666666667,2.183333333333333,8.116666666666667,4.533333333333333,6.05,4.9,6.433333333333334,60.06666666666666,31.28333333333333,97.78333333333333,0.28683693516699404,0.8686868686868687
arnaud-vander-borght,HYROX DOUBLES MIXED,30-34,,Utrecht,2025,6.8,4.4,7.416666666666667,2.95,8.0,5.1,7.533333333333333,3.966666666666667,7.716666666666667,4.983333333333333,7.216666666666667,2.316666666666667,7.416666666666667,5.766666666666667,5.416666666666667,4.933333333333334,7.0,57.516666666666666,34.416666666666664,98.93333333333332,0.32291666666666663,0.5784313725490197
stef-ligthart,HYROX DOUBLES MIXED,16-24,,Utrecht,2025,6.516666666666667,4.583333333333333,6.716666666666667,2.816666666666667,6.766666666666667,5.333333333333333,7.133333333333334,4.633333333333334,8.333333333333334,5.216666666666667,7.316666666666666,1.7333333333333334,7.066666666666666,4.383333333333334,6.066666666666666,6.666666666666667,8.083333333333334,55.91666666666666,35.36666666666667,99.36666666666667,0.2720000000000001,0.5281250000000001
xander-kitscheck,HYROX DOUBLES MIXED,16-24,,Utrecht,2025,6.2,4.116666666666666,7.833333333333333,2.4166666666666665,8.316666666666666,4.083333333333333,8.416666666666666,3.933333333333333,8.883333333333333,4.2,8.3,2.0,8.533333333333333,3.7666666666666666,6.9,4.716666666666667,7.966666666666667,63.38333333333333,29.233333333333334,100.58333333333334,0.3020637898686679,0.5918367346938775
jeske-van-der-velden,HYROX DOUBLES MIXED,40-44,,Utrecht,2025,6.25,5.033333333333333,6.283333333333333,2.6333333333333333,6.333333333333333,4.883333333333334,6.4,4.966666666666667,7.733333333333333,5.316666666666666,7.016666666666667,2.583333333333333,7.283333333333333,5.083333333333333,9.3,5.7,8.25,56.599999999999994,36.199999999999996,101.05,0.32795698924731187,0.5392491467576791
martine-de-jong,HYROX DOUBLES MIXED,50-54,,Utrecht,2025,6.4,4.75,6.95,2.4,7.25,4.25,7.4,4.983333333333333,7.65,6.016666666666667,7.35,2.033333333333333,7.733333333333333,5.066666666666666,6.25,9.516666666666667,6.116666666666666,56.983333333333334,39.016666666666666,102.11666666666666,0.19181034482758622,0.5647058823529412
jochem-slinkman,HYROX DOUBLES MIXED,30-34,,Utrecht,2025,6.416666666666667,4.516666666666667,6.733333333333333,2.6666666666666665,7.433333333333334,4.583333333333333,8.566666666666666,4.816666666666666,7.766666666666667,4.966666666666667,7.633333333333334,2.216666666666667,7.766666666666667,4.116666666666666,6.333333333333333,8.1,8.083333333333334,58.650000000000006,35.983333333333334,102.71666666666665,0.2607003891050584,0.5818181818181818
vera-jansen,HYROX DOUBLES MIXED,25-29,,Utrecht,2025,6.383333333333334,4.5,6.883333333333334,3.75,7.65,5.1,7.616666666666666,6.116666666666666,8.0,5.033333333333333,7.783333333333333,2.2333333333333334,7.833333333333333,5.35,6.05,6.433333333333334,7.116666666666666,58.199999999999996,38.516666666666666,103.8333333333333,0.24375000000000002,0.7352941176470589
annedoor-anink,HYROX DOUBLES MIXED,35-39,,Utrecht,2025,7.5,4.683333333333334,7.733333333333333,1.9,7.816666666666666,3.033333333333333,7.95,5.516666666666667,8.966666666666667,4.883333333333334,8.233333333333333,1.6833333333333331,7.916666666666667,3.8333333333333335,9.25,5.75,8.3,65.36666666666667,31.28333333333333,104.95000000000002,0.1891891891891892,0.6263736263736264
carlijn-kat,HYROX DOUBLES MIXED,16-24,,Utrecht,2025,6.7,4.2,8.316666666666666,2.3666666666666667,9.133333333333333,3.3833333333333333,9.416666666666666,3.816666666666667,9.0,4.85,8.033333333333333,1.8166666666666669,8.266666666666667,4.133333333333334,9.866666666666667,5.016666666666667,7.383333333333334,68.73333333333332,29.583333333333332,105.69999999999999,0.32094594594594594,0.6995073891625616
coen-wielhouwer,HYROX DOUBLES MIXED,35-39,,Utrecht,2025,7.116666666666666,4.8,7.5,2.716666666666667,7.483333333333333,4.6,7.733333333333333,6.783333333333333,7.816666666666666,5.1,7.716666666666667,2.1333333333333333,7.933333333333334,6.133333333333334,7.6,5.133333333333334,8.633333333333333,60.90000000000001,37.4,106.93333333333337,0.10294117647058831,0.5905797101449276
marijke-knol,HYROX DOUBLES MIXED,35-39,,Utrecht,2025,7.083333333333333,4.35,7.75,2.3833333333333333,9.033333333333331,3.633333333333333,9.0,5.8,8.25,5.35,8.166666666666666,2.3666666666666667,8.116666666666667,5.483333333333333,6.483333333333333,5.116666666666666,9.75,63.883333333333326,34.483333333333334,108.11666666666665,0.2822878228782286,0.6559633027522936
eleonora-van-feggelen,HYROX DOUBLES MIXED,16-24,,Utrecht,2025,5.866666666666666,4.416666666666667,6.95,3.0166666666666666,7.383333333333334,4.95,7.883333333333334,6.4,8.133333333333333,5.2,8.183333333333334,2.083333333333333,8.633333333333333,6.616666666666666,6.933333333333334,9.55,7.95,59.96666666666667,42.233333333333334,110.15,0.3204633204633205,0.6094276094276094
robin-hartog,HYROX DOUBLES MIXED,30-34,,Utrecht,2025,6.433333333333334,4.866666666666666,6.95,4.15,7.65,6.2,7.5,7.15,7.833333333333333,5.333333333333333,7.916666666666667,2.6,7.983333333333333,6.716666666666667,8.666666666666666,7.333333333333333,6.633333333333334,60.93333333333333,44.35,111.91666666666667,0.2576923076923076,0.6693548387096775
eva-smidts,HYROX DOUBLES MIXED,35-39,,Utrecht,2025,6.866666666666666,4.916666666666667,7.333333333333333,2.9833333333333334,7.6,4.566666666666666,8.333333333333334,8.55,9.166666666666666,5.833333333333333,8.95,2.183333333333333,8.95,5.066666666666666,6.683333333333334,5.516666666666667,11.316666666666666,63.88333333333334,39.61666666666666,114.81666666666666,0.2709090909090908,0.6532846715328468
manon-visscher,HYROX DOUBLES MIXED,25-29,,Utrecht,2025,6.716666666666667,4.433333333333334,7.6,2.85,8.5,5.75,9.7,5.75,10.216666666666669,5.266666666666667,9.8,1.9666666666666663,8.816666666666666,5.65,12.1,5.216666666666667,8.5,73.44999999999999,36.88333333333333,118.83333333333333,0.44490358126721763,0.4956521739130435
vigo-van-den-broek,HYROX DOUBLES MIXED,16-24,,Utrecht,2025,7.783333333333333,4.583333333333333,9.383333333333333,3.3,9.633333333333333,5.3,10.55,6.233333333333333,10.316666666666666,5.316666666666666,10.016666666666667,2.566666666666667,9.616666666666667,7.0,7.6,6.55,9.783333333333331,74.89999999999998,40.849999999999994,125.53333333333329,0.2796208530805688,0.6226415094339622
megan-matthijssen,HYROX DOUBLES MIXED,35-39,,Utrecht,2025,8.05,4.683333333333334,9.966666666666669,3.6166666666666663,10.9,4.5,10.533333333333331,12.1,11.766666666666667,5.433333333333334,11.133333333333333,2.6666666666666665,10.933333333333334,12.55,9.933333333333334,9.533333333333331,12.383333333333333,83.21666666666667,55.08333333333333,150.68333333333334,0.3158640226628895,0.8037037037037036
