Name,Class,Age_Group,Nationality,Event,Year,Run_One,Ski_Erg,Run_Two,Sled_Push,Run_Three,Sled_Pull,Run_Four,BBJ,Run_Five,Row_Erg,Run_Six,Farmers_Carry,Run_Seven,Lunges,Run_Eight,Wall_Balls,Rox_zone,Total_Running_Time,Total_Workout_Time,Total_Race_Time,Running_Spread,Sled_Push_Pull_Ratio
maarten-enthoven,HYROX PRO DOUBLES MEN,25-29,,Athens,2026,3.85,3.333333333333333,3.15,1.5,3.216666666666667,2.4,3.25,1.6833333333333331,3.25,3.583333333333333,3.2333333333333334,1.3,3.2666666666666666,2.066666666666667,3.25,3.2333333333333334,3.966666666666667,26.46666666666667,19.1,49.53333333333334,0.18181818181818185,0.625
alexander-miller-dumas,HYROX PRO DOUBLES MEN,25-29,,Athens,2026,3.9166666666666665,3.466666666666667,3.25,2.083333333333333,3.7,2.9166666666666665,3.5166666666666666,2.066666666666667,3.583333333333333,3.716666666666667,3.65,1.6666666666666667,3.55,2.583333333333333,3.583333333333333,3.466666666666667,4.266666666666667,28.749999999999996,21.96666666666667,54.983333333333334,0.17021276595744678,0.7142857142857142
filipe-martins,HYROX PRO DOUBLES MEN,30-34,,Athens,2026,4.216666666666667,3.55,3.55,1.9166666666666667,3.6666666666666665,3.35,3.533333333333333,2.5166666666666666,3.65,3.783333333333333,3.6666666666666665,1.4,3.683333333333333,2.7333333333333334,3.716666666666667,3.4833333333333334,4.433333333333334,29.683333333333337,22.733333333333334,56.849999999999994,0.1620553359683795,0.5721393034825871
tarek-emad,HYROX PRO DOUBLES MEN,35-39,,Athens,2026,4.5,3.55,3.6666666666666665,2.1333333333333333,3.883333333333333,3.1666666666666665,3.85,2.0166666666666666,3.8666666666666663,3.8666666666666663,3.85,1.6,3.883333333333333,3.083333333333333,3.883333333333333,3.6166666666666663,4.65,31.383333333333333,23.033333333333335,59.06666666666666,0.18518518518518523,0.6736842105263158
declan-mccabe,HYROX PRO DOUBLES MEN,45-49,,Athens,2026,4.6,4.1,3.683333333333333,2.3666666666666667,3.6666666666666665,3.7666666666666666,3.533333333333333,1.6,3.55,4.4,3.633333333333333,1.8333333333333333,3.6666666666666665,3.333333333333333,3.6,3.85,5.583333333333333,29.933333333333334,25.25,60.76666666666667,0.23188405797101447,0.6283185840707964
jozo-perisic,HYROX PRO DOUBLES MEN,30-34,,Athens,2026,4.633333333333334,3.5166666666666666,3.783333333333333,2.2,4.083333333333333,3.733333333333333,3.9,2.4166666666666665,4.066666666666666,4.0,3.883333333333333,1.9833333333333332,3.983333333333333,2.966666666666667,4.083333333333333,4.2,5.05,32.416666666666664,25.016666666666662,62.483333333333334,0.18345323741007205,0.5892857142857144
dogus-dicle,HYROX PRO DOUBLES MEN,35-39,,Athens,2026,4.583333333333333,3.65,4.016666666666667,2.7333333333333334,4.4,4.45,4.416666666666667,2.4,4.4,3.966666666666667,4.383333333333334,1.6,4.366666666666666,2.8666666666666667,4.583333333333333,3.533333333333333,5.566666666666666,35.150000000000006,25.200000000000003,65.91666666666667,0.12363636363636359,0.6142322097378277
clifford-agius,HYROX PRO DOUBLES MEN,45-49,,Athens,2026,4.716666666666667,3.8333333333333335,3.95,2.55,4.216666666666667,4.283333333333333,4.2,3.433333333333333,4.15,4.65,4.1,1.7333333333333334,4.066666666666666,5.033333333333333,4.233333333333333,4.083333333333333,5.783333333333333,33.63333333333333,29.599999999999998,69.01666666666667,0.1625441696113074,0.5953307392996109
vasilis-gaitanis,HYROX PRO DOUBLES MEN,35-39,,Athens,2026,4.283333333333333,4.1,5.65,2.7666666666666666,4.55,4.583333333333333,5.183333333333334,3.6166666666666663,4.816666666666666,4.75,4.55,2.033333333333333,4.45,3.8333333333333335,4.766666666666667,5.066666666666666,7.1,38.25,30.75,76.1,0.24188790560471984,0.6036363636363636
filip-stasiak,HYROX PRO DOUBLES MEN,35-39,,Athens,2026,5.066666666666666,3.933333333333333,6.516666666666667,2.333333333333333,7.2,3.316666666666667,7.116666666666666,3.65,7.333333333333333,4.6,7.233333333333333,1.6833333333333331,5.05,3.7,2.9166666666666665,3.9,6.65,48.43333333333333,27.116666666666664,82.20000000000002,0.6022727272727272,0.7035175879396983
habin-kim,HYROX PRO DOUBLES MEN,25-29,,Beijing,2025,3.5166666666666666,3.45,3.583333333333333,1.8833333333333333,3.6166666666666663,2.8833333333333333,3.683333333333333,1.4666666666666666,3.9166666666666665,3.816666666666667,3.6666666666666665,1.55,3.6166666666666663,2.6166666666666667,3.983333333333333,3.283333333333333,4.433333333333334,29.583333333333336,20.950000000000003,54.96666666666667,0.1171548117154811,0.653179190751445
matt-wu,HYROX PRO DOUBLES MEN,35-39,,Beijing,2025,3.783333333333333,3.733333333333333,3.8333333333333335,2.2666666666666666,4.116666666666666,4.3,4.0,2.45,4.133333333333334,4.183333333333334,3.983333333333333,1.4833333333333334,4.083333333333333,2.9166666666666665,4.316666666666666,3.733333333333333,5.0,32.25,25.06666666666667,62.31666666666667,0.12355212355212353,0.5271317829457365
yu-xia,HYROX PRO DOUBLES MEN,25-29,,Beijing,2025,3.95,3.9,4.2,2.216666666666667,4.55,4.6,4.433333333333334,2.55,4.633333333333334,4.083333333333333,4.783333333333333,1.55,4.683333333333334,3.4166666666666665,5.1,3.816666666666667,6.15,36.33333333333333,26.133333333333333,68.61666666666666,0.2254901960784313,0.4818840579710146
jerry-poh,HYROX PRO DOUBLES MEN,40-44,,Beijing,2025,4.4,4.083333333333333,4.583333333333333,2.783333333333333,4.716666666666667,5.65,4.8,3.283333333333333,5.016666666666667,4.583333333333333,4.866666666666666,1.7166666666666666,5.1,5.35,5.366666666666666,4.866666666666666,5.7,38.85,32.31666666666666,76.86666666666666,0.18012422360248434,0.4926253687315634
jian-guan,HYROX PRO DOUBLES MEN,30-34,,Beijing,2025,4.166666666666667,3.983333333333333,4.4,2.8,5.266666666666667,5.316666666666666,4.683333333333334,2.566666666666667,5.65,4.6,5.183333333333334,2.033333333333333,5.05,3.75,5.35,4.616666666666666,10.7,39.75,29.666666666666664,80.11666666666666,0.26253687315634217,0.5266457680250783
chuan-wei-li,HYROX PRO DOUBLES MEN,50-54,,Beijing,2025,4.966666666666667,4.05,5.35,3.0166666666666666,5.516666666666667,5.283333333333333,6.016666666666667,2.8666666666666667,6.083333333333333,4.45,5.8,1.8333333333333333,6.216666666666667,4.7,6.766666666666667,5.466666666666667,8.0,46.71666666666666,31.666666666666664,86.38333333333333,0.2660098522167487,0.5709779179810726
yang-liu,HYROX PRO DOUBLES MEN,30-34,,Beijing,2025,4.75,4.166666666666667,9.766666666666667,2.45,5.383333333333334,6.483333333333333,5.683333333333334,2.95,6.366666666666666,4.75,6.05,1.75,5.733333333333333,4.85,6.216666666666667,7.516666666666667,10.133333333333333,49.95,34.916666666666664,95.0,0.5136518771331059,0.37789203084832906
jonny-drake,HYROX PRO DOUBLES MEN,30-34,,Bengaluru,2026,3.816666666666667,3.583333333333333,3.65,1.7166666666666666,3.816666666666667,3.1666666666666665,3.8666666666666663,2.283333333333333,3.8333333333333335,3.8333333333333335,3.7666666666666666,1.5833333333333333,3.85,2.8833333333333333,3.933333333333333,3.433333333333333,3.5166666666666666,30.53333333333333,22.483333333333334,56.53333333333333,0.07203389830508472,0.5421052631578948
mohd-saddam-bin-mohd-pittli,HYROX PRO DOUBLES MEN,30-34,,Bengaluru,2026,4.533333333333333,3.8666666666666663,4.6,2.05,5.05,3.55,4.883333333333334,1.8333333333333333,4.783333333333333,3.983333333333333,4.75,1.6666666666666667,4.916666666666667,3.4166666666666665,5.0,3.1333333333333333,4.533333333333333,38.516666666666666,23.5,66.55,0.1023102310231023,0.5774647887323944
parth-rath,HYROX PRO DOUBLES MEN,16-24,,Bengaluru,2026,4.55,4.15,4.35,2.683333333333333,4.633333333333334,4.683333333333334,4.6,2.7666666666666666,4.8,5.016666666666667,4.666666666666667,2.033333333333333,4.733333333333333,3.9,5.166666666666667,4.216666666666667,5.066666666666666,37.5,29.450000000000003,72.01666666666665,0.15806451612903238,0.5729537366548042
karn-gumber,HYROX PRO DOUBLES MEN,30-34,,Bengaluru,2026,4.75,4.15,4.55,2.833333333333333,5.016666666666667,5.116666666666666,4.9,2.583333333333333,5.15,4.466666666666667,5.083333333333333,1.8333333333333333,5.133333333333334,4.666666666666667,5.483333333333333,4.3,5.166666666666667,40.06666666666667,29.95,75.18333333333335,0.17021276595744686,0.5537459283387622
vidit-aatrey,HYROX PRO DOUBLES MEN,35-39,,Bengaluru,2026,5.033333333333333,4.15,4.916666666666667,2.45,5.416666666666667,5.683333333333334,4.966666666666667,3.1333333333333333,5.083333333333333,4.75,4.966666666666667,1.7666666666666666,4.95,5.05,5.283333333333333,4.483333333333333,7.15,40.61666666666667,31.46666666666667,79.23333333333335,0.0923076923076923,0.4310850439882698
kapil-bhati,HYROX PRO DOUBLES MEN,40-44,,Bengaluru,2026,4.8,3.966666666666667,5.433333333333334,2.9166666666666665,6.0,4.4,5.833333333333333,2.9833333333333334,5.933333333333334,4.6,5.95,1.7166666666666666,5.95,4.383333333333334,6.416666666666667,4.533333333333333,6.033333333333333,46.31666666666667,29.5,81.85000000000001,0.25194805194805203,0.6628787878787878
kwoa-hui-liew,HYROX PRO DOUBLES MEN,40-44,,Bengaluru,2026,5.483333333333333,4.316666666666666,5.483333333333333,3.5166666666666666,5.866666666666666,5.233333333333333,5.783333333333333,2.65,5.866666666666666,4.583333333333333,5.766666666666667,2.2,5.75,3.75,5.966666666666667,3.65,7.483333333333333,45.96666666666667,29.9,83.35000000000001,0.08100558659217878,0.6719745222929936
omar-basri,HYROX PRO DOUBLES MEN,35-39,,Bengaluru,2026,5.183333333333334,4.4,5.083333333333333,3.2,5.75,6.333333333333333,5.733333333333333,3.966666666666667,5.916666666666667,4.916666666666667,5.683333333333334,2.5,5.816666666666666,5.4,6.183333333333334,5.416666666666667,5.633333333333334,45.35000000000001,36.13333333333333,87.1166666666667,0.1778975741239893,0.5052631578947369
vivek-chandran,HYROX PRO DOUBLES MEN,40-44,,Bengaluru,2026,5.316666666666666,4.033333333333333,5.783333333333333,2.433333333333333,6.05,5.083333333333333,6.45,3.3,6.75,4.716666666666667,6.366666666666666,1.9666666666666663,6.766666666666667,4.2,7.5,4.316666666666666,9.816666666666666,50.98333333333333,30.05,90.85,0.29111111111111115,0.4786885245901639
john-peter-y,HYROX PRO DOUBLES MEN,25-29,,Bengaluru,2026,4.583333333333333,4.216666666666667,6.166666666666667,4.416666666666667,9.516666666666667,4.8,6.416666666666667,3.05,5.95,4.65,6.183333333333334,2.4833333333333334,6.816666666666666,5.683333333333334,6.85,4.283333333333333,8.666666666666666,52.48333333333333,33.583333333333336,94.73333333333333,0.5183887915936953,0.920138888888889
nifu-ny,HYROX PRO DOUBLES MEN,30-34,,Bengaluru,2026,4.733333333333333,3.883333333333333,4.916666666666667,1.7166666666666666,8.416666666666666,7.333333333333333,12.033333333333331,4.05,7.966666666666667,5.016666666666667,7.283333333333333,2.033333333333333,7.25,4.733333333333333,6.716666666666667,4.1,8.966666666666667,59.31666666666666,32.86666666666667,101.14999999999998,0.6066481994459834,0.2340909090909091
arjun-ram,HYROX PRO DOUBLES MEN,35-39,,Bengaluru,2026,6.266666666666667,4.583333333333333,6.516666666666667,4.5,7.066666666666666,7.566666666666666,7.283333333333333,3.95,7.133333333333334,4.916666666666667,7.65,2.25,7.716666666666667,5.466666666666667,8.466666666666667,7.35,8.983333333333333,58.1,40.583333333333336,107.66666666666667,0.2598425196850394,0.5947136563876653
deepak-engineer,HYROX PRO DOUBLES MEN,45-49,,Bengaluru,2026,5.8,4.366666666666666,6.4,3.583333333333333,7.8,5.916666666666667,7.5,3.9,7.683333333333334,5.45,7.7,3.1166666666666667,8.35,3.0,10.066666666666666,9.916666666666666,14.133333333333333,61.30000000000001,39.25,114.68333333333334,0.423841059602649,0.6056338028169014
ashwanth-s,HYROX PRO DOUBLES MEN,25-29,,Bengaluru,2026,6.4,4.683333333333334,6.533333333333333,4.55,8.733333333333333,13.3,7.683333333333334,5.383333333333334,8.166666666666666,5.95,6.9,2.183333333333333,7.516666666666667,7.583333333333333,8.766666666666667,8.066666666666666,11.333333333333334,60.699999999999996,51.7,123.73333333333332,0.2699619771863118,0.3421052631578947
athavan-sudhakar,HYROX PRO DOUBLES MEN,30-34,,Bengaluru,2026,6.7,5.466666666666667,8.633333333333333,4.666666666666667,9.45,9.783333333333331,9.95,4.75,10.8,6.5,9.816666666666666,2.1666666666666665,10.333333333333334,6.866666666666666,10.1,10.416666666666666,18.433333333333334,75.78333333333332,50.61666666666666,144.83333333333331,0.37962962962962965,0.4770017035775129
lucas-parker,HYROX PRO DOUBLES MEN,16-29,,Cardiff,2025,3.65,3.3666666666666667,3.35,1.5,3.4166666666666665,2.75,3.45,1.9666666666666663,3.4833333333333334,3.7666666666666666,3.4166666666666665,1.3833333333333333,3.433333333333333,2.35,3.9166666666666665,3.316666666666667,2.75,28.11666666666667,20.400000000000002,51.26666666666667,0.14468085106382972,0.5454545454545454
david-sloan,HYROX PRO DOUBLES MEN,40-49,,Cardiff,2025,4.05,3.733333333333333,3.6,1.5666666666666669,3.716666666666667,3.1166666666666667,3.75,2.2666666666666666,3.75,4.1,3.7666666666666666,1.3833333333333333,3.816666666666667,2.433333333333333,4.416666666666667,3.466666666666667,2.95,30.866666666666667,22.06666666666667,55.88333333333334,0.18490566037735853,0.5026737967914439
joe-walker,HYROX PRO DOUBLES MEN,30-39,,Cardiff,2025,3.966666666666667,3.733333333333333,3.683333333333333,1.7833333333333334,3.9166666666666665,3.466666666666667,3.883333333333333,2.55,3.7,4.0,3.816666666666667,1.5666666666666669,3.9166666666666665,2.6166666666666667,4.533333333333333,3.283333333333333,3.2666666666666666,31.416666666666664,23.0,57.68333333333333,0.18750000000000003,0.514423076923077
tom-oxley,HYROX PRO DOUBLES MEN,16-29,,Cardiff,2025,4.116666666666666,3.6666666666666665,3.8666666666666663,1.8,4.05,3.1333333333333333,4.066666666666666,2.45,4.05,4.0,4.066666666666666,1.3833333333333333,4.183333333333334,2.683333333333333,4.65,3.95,3.1166666666666667,33.05,23.066666666666666,59.23333333333333,0.16845878136200731,0.574468085106383
tom-wood,HYROX PRO DOUBLES MEN,16-29,,Cardiff,2025,4.116666666666666,3.7666666666666666,3.716666666666667,1.7166666666666666,4.05,3.733333333333333,4.033333333333333,2.4833333333333334,4.05,4.083333333333333,4.15,1.95,4.116666666666666,2.683333333333333,4.516666666666667,4.583333333333333,3.083333333333333,32.75,24.999999999999996,60.83333333333334,0.17712177121771214,0.4598214285714286
james-yarnell,HYROX PRO DOUBLES MEN,30-39,,Cardiff,2025,3.983333333333333,3.783333333333333,3.7666666666666666,1.9,3.966666666666667,4.05,3.8666666666666663,3.066666666666667,3.966666666666667,4.3,3.983333333333333,1.3333333333333333,4.033333333333333,3.6666666666666665,4.55,4.266666666666667,3.85,32.11666666666666,26.366666666666667,62.33333333333332,0.17216117216117213,0.4691358024691358
evan-davies,HYROX PRO DOUBLES MEN,16-29,,Cardiff,2025,4.2,3.783333333333333,4.066666666666666,1.75,4.45,3.683333333333333,4.35,2.683333333333333,4.35,3.966666666666667,4.266666666666667,1.95,4.283333333333333,3.4166666666666665,4.75,4.116666666666666,3.7,34.71666666666666,25.35,63.76666666666666,0.14385964912280708,0.47511312217194573
craig-simpson,HYROX PRO DOUBLES MEN,16-29,,Cardiff,2025,4.333333333333333,3.95,4.083333333333333,1.85,4.416666666666667,4.166666666666667,4.466666666666667,2.316666666666667,4.433333333333334,4.316666666666666,4.316666666666666,1.2833333333333334,4.383333333333334,2.8666666666666667,4.983333333333333,4.683333333333334,4.066666666666666,35.416666666666664,25.433333333333337,64.91666666666666,0.18060200668896328,0.444
ryan-hyde,HYROX PRO DOUBLES MEN,30-39,,Cardiff,2025,4.4,3.983333333333333,4.016666666666667,2.033333333333333,4.233333333333333,3.9166666666666665,4.283333333333333,3.316666666666667,4.55,4.266666666666667,4.35,1.6166666666666667,4.483333333333333,4.0,5.166666666666667,4.75,3.533333333333333,35.483333333333334,27.883333333333333,66.9,0.2225806451612904,0.5191489361702127
elliot-phillips,HYROX PRO DOUBLES MEN,16-29,,Cardiff,2025,4.616666666666666,3.966666666666667,4.15,2.4,4.45,4.366666666666666,4.45,2.8833333333333333,4.5,4.1,4.5,1.6666666666666667,4.416666666666667,3.816666666666667,5.266666666666667,4.55,3.8333333333333335,36.35,27.750000000000004,67.93333333333334,0.21202531645569614,0.549618320610687
martin-lees,HYROX PRO DOUBLES MEN,40-49,,Cardiff,2025,4.55,4.033333333333333,4.1,2.2,4.283333333333333,5.3,4.283333333333333,3.1166666666666667,4.35,4.616666666666666,4.3,1.75,4.4,4.85,5.1,5.033333333333333,3.5166666666666666,35.36666666666667,30.9,69.78333333333333,0.19607843137254904,0.4150943396226416
ashley-powell,HYROX PRO DOUBLES MEN,30-39,,Cardiff,2025,4.7,3.883333333333333,4.616666666666666,1.7833333333333334,5.033333333333333,4.033333333333333,5.266666666666667,2.716666666666667,5.316666666666666,4.233333333333333,5.116666666666666,1.5333333333333334,5.533333333333333,3.316666666666667,6.033333333333333,4.266666666666667,4.35,41.61666666666667,25.766666666666666,71.73333333333333,0.2348066298342542,0.44214876033057854
jack-gearing,HYROX PRO DOUBLES MEN,30-39,,Cardiff,2025,5.016666666666667,3.8333333333333335,6.0,1.8166666666666669,4.833333333333333,4.516666666666667,4.916666666666667,3.8333333333333335,4.716666666666667,4.416666666666667,4.6,1.7166666666666666,4.533333333333333,3.7666666666666666,5.433333333333334,4.25,6.166666666666667,40.05,28.15,74.36666666666667,0.24444444444444446,0.40221402214022145
giuseppe-pio-campisi,HYROX PRO DOUBLES MEN,16-29,,Cardiff,2025,5.366666666666666,4.2,4.616666666666666,2.683333333333333,4.866666666666666,5.55,5.283333333333333,3.566666666666667,5.533333333333333,4.716666666666667,4.866666666666666,2.2,4.983333333333333,3.9166666666666665,5.75,4.333333333333333,4.5,41.266666666666666,31.166666666666668,76.93333333333334,0.19710144927536238,0.48348348348348347
james-buky,HYROX PRO DOUBLES MEN,16-29,,Cardiff,2025,5.416666666666667,4.216666666666667,5.116666666666666,2.033333333333333,5.833333333333333,4.75,5.983333333333333,3.85,5.766666666666667,4.683333333333334,5.916666666666667,1.4166666666666667,6.2,3.6666666666666665,7.133333333333334,4.283333333333333,4.45,47.36666666666667,28.9,80.71666666666668,0.2827102803738319,0.4280701754385965
joe-colwill,HYROX PRO DOUBLES MEN,16-29,,Cardiff,2025,5.283333333333333,4.316666666666666,4.883333333333334,3.0166666666666666,5.133333333333334,6.716666666666667,5.316666666666666,5.116666666666666,5.75,5.466666666666667,5.666666666666667,2.2666666666666666,5.816666666666666,4.783333333333333,6.866666666666666,7.4,6.916666666666667,44.71666666666666,39.08333333333333,90.71666666666667,0.28883495145631055,0.44913151364764264
caio-assayag,HYROX PRO DOUBLES MEN,30-34,,Fortaleza,2026,3.9166666666666665,3.533333333333333,3.45,1.7833333333333334,3.533333333333333,3.066666666666667,3.5,2.1666666666666665,3.6166666666666663,3.933333333333333,3.566666666666667,1.6,3.6666666666666665,2.65,3.816666666666667,3.55,3.933333333333333,29.066666666666666,22.28333333333333,55.283333333333324,0.11914893617021269,0.5815217391304348
michele-diraca,HYROX PRO DOUBLES MEN,25-29,,Fortaleza,2026,4.5,4.133333333333334,3.65,2.316666666666667,3.85,3.816666666666667,3.816666666666667,2.8666666666666667,3.966666666666667,4.433333333333334,3.9166666666666665,2.15,3.8,3.65,4.0,4.016666666666667,4.633333333333334,31.5,27.383333333333333,63.51666666666667,0.1888888888888889,0.6069868995633187
edson-vander-das-neves-junior,HYROX PRO DOUBLES MEN,30-34,,Fortaleza,2026,4.583333333333333,3.983333333333333,4.133333333333334,2.283333333333333,4.316666666666666,3.816666666666667,4.6,2.783333333333333,4.766666666666667,4.283333333333333,4.633333333333334,1.9333333333333331,4.683333333333334,3.433333333333333,5.15,3.716666666666667,5.35,36.86666666666667,26.233333333333334,68.44999999999999,0.19741100323624594,0.5982532751091703
francisco-lopes-de-amorim-neto,HYROX PRO DOUBLES MEN,25-29,,Fortaleza,2026,5.283333333333333,4.033333333333333,4.266666666666667,1.85,4.7,4.733333333333333,4.7,2.35,4.833333333333333,4.333333333333333,4.566666666666666,1.75,4.816666666666666,3.4833333333333334,5.416666666666667,3.583333333333333,6.883333333333334,38.58333333333333,26.116666666666667,71.58333333333334,0.21230769230769236,0.39084507042253525
lucas-monteiro-alves,HYROX PRO DOUBLES MEN,25-29,,Fortaleza,2026,5.083333333333333,3.95,6.833333333333333,1.85,5.066666666666666,4.416666666666667,5.516666666666667,2.4833333333333334,5.2,4.133333333333334,5.35,1.9,5.133333333333334,3.633333333333333,5.433333333333334,3.4833333333333334,6.516666666666667,43.61666666666666,25.85,75.98333333333332,0.25853658536585367,0.4188679245283019
andre-ballard,HYROX PRO DOUBLES MEN,40-44,,Fortaleza,2026,5.6,4.133333333333334,5.2,2.2,5.45,4.05,5.733333333333333,3.45,5.816666666666666,4.466666666666667,5.666666666666667,1.6,5.866666666666666,3.316666666666667,6.283333333333333,4.05,7.566666666666666,45.61666666666667,27.266666666666666,80.44999999999999,0.17241379310344823,0.54320987654321
ollie-russell,HYROX PRO DOUBLES MEN,25-29,,Lisbon,2026,2.75,3.55,3.45,1.8833333333333333,3.583333333333333,2.7,3.6166666666666663,1.5666666666666669,3.65,3.533333333333333,3.6166666666666663,1.3333333333333333,3.65,2.083333333333333,3.65,3.25,2.9833333333333334,27.96666666666666,19.9,50.85000000000001,0.2465753424657534,0.6975308641975309
vitor-santos,HYROX PRO DOUBLES MEN,40-44,,Lisbon,2026,2.75,3.733333333333333,3.4833333333333334,2.0,3.6,3.533333333333333,3.5166666666666666,2.2333333333333334,3.5166666666666666,3.8333333333333335,3.566666666666667,1.6,3.75,2.966666666666667,3.716666666666667,3.9166666666666665,3.1166666666666667,27.9,23.816666666666666,54.833333333333336,0.26666666666666666,0.5660377358490566
silvio-goncalves,HYROX PRO DOUBLES MEN,30-34,,Lisbon,2026,2.833333333333333,3.683333333333333,3.7,1.85,4.0,3.316666666666667,4.0,2.316666666666667,3.983333333333333,3.75,4.1,1.4833333333333334,4.1,2.8,4.15,3.45,3.35,30.866666666666667,22.65,56.866666666666674,0.317269076305221,0.5577889447236181
lucio-carrilho,HYROX PRO DOUBLES MEN,40-44,,Lisbon,2026,2.9833333333333334,3.8666666666666663,3.6666666666666665,2.283333333333333,3.85,3.816666666666667,3.8333333333333335,2.4166666666666665,3.85,4.0,3.95,1.6,3.966666666666667,2.9833333333333334,4.1,4.0,3.6666666666666665,30.200000000000003,24.96666666666667,58.833333333333336,0.2723577235772357,0.5982532751091703
ludovic-beuret,HYROX PRO DOUBLES MEN,25-29,,Lisbon,2026,3.2,3.683333333333333,3.8666666666666663,2.5,4.116666666666666,3.933333333333333,4.15,2.316666666666667,4.15,4.1,4.1,1.6833333333333331,4.183333333333334,2.6,4.233333333333333,3.583333333333333,3.75,32.0,24.4,60.15,0.24409448818897633,0.6355932203389831
norberto-santos,HYROX PRO DOUBLES MEN,40-44,,Lisbon,2026,3.05,3.716666666666667,3.8333333333333335,2.3,4.066666666666666,4.4,4.15,2.533333333333333,4.266666666666667,4.0,4.2,1.4666666666666666,4.266666666666667,3.183333333333333,4.216666666666667,3.716666666666667,3.883333333333333,32.05,25.31666666666667,61.24999999999999,0.28515625000000006,0.5227272727272726
valentin-beaujean,HYROX PRO DOUBLES MEN,30-34,,Lisbon,2026,3.2333333333333334,3.55,4.0,2.283333333333333,4.316666666666666,3.6666666666666665,4.316666666666666,2.75,4.416666666666667,4.116666666666666,4.25,1.7,4.266666666666667,2.6166666666666667,4.433333333333334,4.266666666666667,4.233333333333333,33.233333333333334,24.95,62.416666666666664,0.27067669172932335,0.6227272727272727
sergio-gomez,HYROX PRO DOUBLES MEN,25-29,,Lisbon,2026,3.35,3.816666666666667,3.983333333333333,2.55,4.3,4.1,4.216666666666667,2.083333333333333,4.183333333333334,4.116666666666666,4.2,1.5333333333333334,4.316666666666666,3.733333333333333,4.35,4.616666666666666,3.966666666666667,32.9,26.550000000000004,63.41666666666667,0.22988505747126428,0.6219512195121951
luca-flask,HYROX PRO DOUBLES MEN,25-29,,Lisbon,2026,3.333333333333333,3.8,4.15,2.3666666666666667,4.383333333333334,4.166666666666667,4.416666666666667,2.3,4.316666666666666,4.133333333333334,4.3,1.5333333333333334,4.333333333333333,3.283333333333333,4.216666666666667,5.016666666666667,3.816666666666667,33.45,26.6,63.86666666666666,0.24528301886792464,0.568
david-solera-remon,HYROX PRO DOUBLES MEN,50-54,,Lisbon,2026,3.4,4.166666666666667,4.133333333333334,2.283333333333333,4.333333333333333,4.45,4.3,2.783333333333333,4.333333333333333,4.233333333333333,4.333333333333333,1.8333333333333333,4.3,3.433333333333333,4.483333333333333,3.933333333333333,4.1,33.61666666666667,27.116666666666667,64.83333333333333,0.24163568773234204,0.5131086142322097
miguel-angel-delgado,HYROX PRO DOUBLES MEN,35-39,,Lisbon,2026,2.85,3.9,3.8333333333333335,3.433333333333333,4.066666666666666,5.166666666666667,4.216666666666667,2.6166666666666667,4.25,4.45,4.316666666666666,1.6333333333333333,4.283333333333333,3.966666666666667,4.483333333333333,4.433333333333334,3.6666666666666665,32.300000000000004,29.599999999999998,65.56666666666668,0.3643122676579926,0.664516129032258
david-mccahill,HYROX PRO DOUBLES MEN,16-24,,Lisbon,2026,3.4,3.8666666666666663,4.233333333333333,2.25,4.366666666666666,3.683333333333333,4.283333333333333,2.816666666666667,4.333333333333333,4.283333333333333,4.3,1.55,4.5,3.8666666666666663,4.783333333333333,5.433333333333334,4.45,34.199999999999996,27.75,66.39999999999999,0.289198606271777,0.6108597285067874
emanuel-fonseca,HYROX PRO DOUBLES MEN,35-39,,Lisbon,2026,2.95,3.5166666666666666,4.583333333333333,2.3833333333333333,4.7,3.4,4.75,3.033333333333333,4.75,3.883333333333333,4.9,1.5833333333333333,4.933333333333334,4.316666666666666,5.1,4.216666666666667,4.283333333333333,36.666666666666664,26.333333333333336,67.28333333333333,0.42156862745098034,0.7009803921568628
renan-petros,HYROX PRO DOUBLES MEN,35-39,,Lisbon,2026,3.35,4.05,4.033333333333333,3.0166666666666666,4.266666666666667,4.1,4.233333333333333,2.333333333333333,4.233333333333333,4.133333333333334,4.2,1.7333333333333334,4.416666666666667,3.716666666666667,4.416666666666667,7.65,3.8,33.15,30.733333333333334,67.68333333333334,0.24150943396226418,0.7357723577235773
bruno-ramos,HYROX PRO DOUBLES MEN,35-39,,Lisbon,2026,3.7,3.8,4.433333333333334,2.55,4.6,4.133333333333334,4.716666666666667,2.85,4.766666666666667,4.283333333333333,4.766666666666667,1.6666666666666667,4.85,3.566666666666667,4.8,4.383333333333334,4.316666666666666,36.633333333333326,27.233333333333334,68.18333333333332,0.23711340206185558,0.6169354838709676
fabio-almeida,HYROX PRO DOUBLES MEN,25-29,,Lisbon,2026,3.35,3.9,4.1,2.4833333333333334,4.733333333333333,4.55,4.8,3.0166666666666666,4.866666666666666,4.233333333333333,4.833333333333333,1.8,5.016666666666667,1.75,5.016666666666667,3.6666666666666665,6.433333333333334,36.71666666666667,25.400000000000002,68.55,0.3322259136212624,0.5457875457875458
vitor-silva,HYROX PRO DOUBLES MEN,40-44,,Lisbon,2026,3.7666666666666666,3.85,4.483333333333333,3.216666666666667,4.783333333333333,4.45,4.8,2.533333333333333,4.866666666666666,4.133333333333334,4.8,1.85,4.666666666666667,3.583333333333333,4.85,4.0,4.566666666666666,37.016666666666666,27.616666666666667,69.2,0.22602739726027393,0.7228464419475655
ricardo-marta,HYROX PRO DOUBLES MEN,35-39,,Lisbon,2026,3.8333333333333335,4.266666666666667,4.466666666666667,2.95,4.85,4.45,4.65,2.966666666666667,5.033333333333333,4.25,4.583333333333333,1.9333333333333331,4.783333333333333,4.333333333333333,4.933333333333334,4.066666666666666,4.033333333333333,37.13333333333334,29.216666666666665,70.38333333333334,0.23841059602649,0.6629213483146068
shaw-hasyj,HYROX PRO DOUBLES MEN,45-49,,Lisbon,2026,4.2,3.85,5.016666666666667,2.8,5.283333333333333,3.6,5.216666666666667,2.683333333333333,5.15,4.066666666666666,5.266666666666667,1.5,5.3,3.733333333333333,5.2,3.966666666666667,4.416666666666667,40.63333333333333,26.200000000000003,71.25,0.20754716981132068,0.7777777777777777
pedro-cerqueira,HYROX PRO DOUBLES MEN,30-34,,Lisbon,2026,3.15,3.966666666666667,4.15,2.5166666666666666,4.483333333333333,5.716666666666667,4.6,2.683333333333333,4.833333333333333,4.516666666666667,5.133333333333334,1.4166666666666667,5.2,3.433333333333333,4.8,6.833333333333333,5.066666666666666,36.349999999999994,31.083333333333332,72.49999999999999,0.3942307692307693,0.4402332361516035
pedro-brites,HYROX PRO DOUBLES MEN,25-29,,Lisbon,2026,3.45,4.2,4.316666666666666,3.35,4.666666666666667,5.466666666666667,4.666666666666667,3.1166666666666667,4.866666666666666,4.283333333333333,4.816666666666666,1.9833333333333332,5.066666666666666,3.466666666666667,5.35,5.933333333333334,4.683333333333334,37.2,31.8,73.68333333333335,0.3551401869158878,0.6128048780487805
bruno-nogueira,HYROX PRO DOUBLES MEN,35-39,,Lisbon,2026,3.566666666666667,4.083333333333333,4.366666666666666,2.4833333333333334,4.916666666666667,4.616666666666666,5.0,4.383333333333334,5.0,4.516666666666667,5.2,2.1666666666666665,5.2,4.266666666666667,5.716666666666667,4.266666666666667,5.3,38.96666666666667,30.78333333333333,75.05,0.3760932944606414,0.5379061371841156
eduardo-macedo,HYROX PRO DOUBLES MEN,30-34,,Lisbon,2026,3.85,3.883333333333333,4.4,2.933333333333333,5.233333333333333,5.183333333333334,5.3,2.783333333333333,5.183333333333334,4.65,5.35,1.7833333333333334,5.333333333333333,4.55,5.066666666666666,5.916666666666667,5.116666666666666,39.71666666666667,31.683333333333337,76.51666666666667,0.28037383177570085,0.5659163987138263
jayden-fortes,HYROX PRO DOUBLES MEN,16-24,,Lisbon,2026,3.3833333333333333,4.05,4.366666666666666,2.833333333333333,5.133333333333334,9.3,4.983333333333333,2.6666666666666665,5.066666666666666,4.416666666666667,4.866666666666666,1.5833333333333333,4.766666666666667,3.3833333333333333,4.816666666666666,7.85,4.933333333333334,37.38333333333334,36.083333333333336,78.4,0.340909090909091,0.30465949820788524
ricardo-barros,HYROX PRO DOUBLES MEN,30-34,,Lisbon,2026,3.6,3.783333333333333,4.666666666666667,3.7,5.116666666666666,5.916666666666667,5.033333333333333,3.4,5.516666666666667,4.416666666666667,5.516666666666667,2.0,5.6,4.133333333333334,5.9,6.866666666666666,5.066666666666666,40.949999999999996,34.21666666666667,80.23333333333332,0.3898305084745763,0.6253521126760563
luis-cano-guerra,HYROX PRO DOUBLES MEN,30-34,,Lisbon,2026,3.8666666666666663,3.883333333333333,4.783333333333333,3.15,5.416666666666667,5.783333333333333,5.516666666666667,3.4,5.466666666666667,4.716666666666667,5.683333333333334,2.083333333333333,5.516666666666667,4.966666666666667,5.833333333333333,4.566666666666666,7.4,42.083333333333336,32.55,82.03333333333333,0.3371428571428572,0.5446685878962536
sergio-cruz,HYROX PRO DOUBLES MEN,40-44,,Lisbon,2026,4.15,4.3,5.5,3.533333333333333,5.883333333333334,5.866666666666666,5.95,3.1333333333333333,6.083333333333333,4.483333333333333,6.3,2.333333333333333,6.2,4.916666666666667,6.083333333333333,5.333333333333333,5.9,46.150000000000006,33.9,85.95,0.34126984126984117,0.6022727272727273
goncalo-duarte,HYROX PRO DOUBLES MEN,35-39,,Lisbon,2026,4.166666666666667,4.366666666666666,5.216666666666667,3.7,5.816666666666666,9.6,5.85,4.216666666666667,6.2,4.683333333333334,6.35,2.083333333333333,6.483333333333333,4.6,6.75,4.433333333333334,5.65,46.83333333333333,37.68333333333334,90.16666666666667,0.38271604938271603,0.3854166666666667
charlie-botterill,HYROX PRO DOUBLES MEN,16-29,,London,2025,3.216666666666667,3.2333333333333334,3.283333333333333,1.5666666666666669,3.3,2.583333333333333,3.25,1.8833333333333333,3.283333333333333,3.433333333333333,3.35,1.1666666666666667,3.4,2.083333333333333,4.516666666666667,3.533333333333333,3.0,27.6,19.483333333333334,50.083333333333336,0.2878228782287823,0.6064516129032259
niall-mcmeeken,HYROX PRO DOUBLES MEN,30-39,,London,2025,3.2666666666666666,3.3666666666666667,3.183333333333333,1.6,3.316666666666667,2.6166666666666667,3.25,2.433333333333333,3.4,3.583333333333333,3.3833333333333333,1.4666666666666666,3.333333333333333,2.3666666666666667,4.633333333333334,3.533333333333333,3.033333333333333,27.766666666666662,20.96666666666667,51.76666666666666,0.3129496402877699,0.6114649681528662
luke-mccarthy,HYROX PRO DOUBLES MEN,30-39,,London,2025,3.5,3.533333333333333,3.2666666666666666,1.8,3.283333333333333,2.966666666666667,3.283333333333333,2.316666666666667,3.4,4.083333333333333,3.433333333333333,1.5,3.466666666666667,2.6333333333333333,4.683333333333334,3.983333333333333,3.1,28.316666666666666,22.816666666666666,54.23333333333334,0.302491103202847,0.6067415730337079
jorell-hill,HYROX PRO DOUBLES MEN,16-29,,London,2025,3.8,3.466666666666667,3.583333333333333,1.5166666666666666,3.733333333333333,2.7333333333333334,3.75,2.0166666666666666,3.8,3.783333333333333,3.683333333333333,1.35,3.816666666666667,2.816666666666667,5.05,4.266666666666667,3.3666666666666667,31.216666666666665,21.95,56.53333333333333,0.29042904290429045,0.5548780487804877
matt-death,HYROX PRO DOUBLES MEN,16-29,,London,2025,3.8333333333333335,3.55,3.683333333333333,1.75,3.8,2.966666666666667,3.8,2.4833333333333334,3.85,4.016666666666667,3.95,1.3666666666666667,3.9,3.25,5.133333333333334,3.733333333333333,3.733333333333333,31.95,23.116666666666667,58.800000000000004,0.2824675324675326,0.5898876404494382
matt-foreman,HYROX PRO DOUBLES MEN,30-39,,London,2025,3.816666666666667,3.6166666666666663,3.65,2.0166666666666666,3.7,3.25,3.8,2.6666666666666665,3.7666666666666666,4.183333333333334,3.7,1.6333333333333333,3.6666666666666665,3.1,5.016666666666667,4.75,3.8666666666666663,31.116666666666667,25.21666666666667,60.199999999999996,0.2724252491694352,0.6205128205128205
michele-zanirato,HYROX PRO DOUBLES MEN,30-39,,London,2025,3.8333333333333335,3.6166666666666663,3.733333333333333,1.7166666666666666,4.0,3.2666666666666666,4.116666666666666,2.1166666666666667,4.166666666666667,4.133333333333334,4.016666666666667,1.4666666666666666,4.166666666666667,3.1,5.4,4.25,3.95,33.43333333333334,23.666666666666668,61.05000000000001,0.30864197530864207,0.5255102040816326
paul-preston,HYROX PRO DOUBLES MEN,30-39,,London,2025,4.3,3.716666666666667,4.05,1.7,4.233333333333333,3.1666666666666665,4.15,2.05,4.283333333333333,3.9,3.966666666666667,1.5333333333333334,4.083333333333333,3.3,5.366666666666666,4.266666666666667,3.8,34.43333333333333,23.633333333333333,61.86666666666665,0.26086956521739124,0.5368421052631579
ben-vincent,HYROX PRO DOUBLES MEN,30-39,,London,2025,4.066666666666666,3.7,3.966666666666667,1.9833333333333332,4.15,3.4166666666666665,4.166666666666667,2.216666666666667,4.266666666666667,4.116666666666666,4.2,1.6,4.233333333333333,3.2,5.783333333333333,4.366666666666666,3.683333333333333,34.833333333333336,24.6,63.116666666666674,0.3141210374639769,0.5804878048780487
sam-richardson,HYROX PRO DOUBLES MEN,16-29,,London,2025,3.933333333333333,3.5,3.933333333333333,2.05,4.033333333333333,3.683333333333333,4.066666666666666,2.533333333333333,4.2,3.933333333333333,4.116666666666666,1.9166666666666667,4.083333333333333,3.433333333333333,5.666666666666667,4.533333333333333,3.95,34.03333333333333,25.583333333333336,63.56666666666665,0.30588235294117655,0.5565610859728507
kyle-james,HYROX PRO DOUBLES MEN,30-39,,London,2025,4.383333333333334,3.6666666666666665,4.2,1.9833333333333332,4.35,3.65,4.383333333333334,2.2666666666666666,4.583333333333333,4.133333333333334,4.4,1.6,4.333333333333333,3.466666666666667,5.816666666666666,4.133333333333334,3.783333333333333,36.449999999999996,24.9,65.13333333333333,0.2779369627507163,0.5433789954337899
aaron-marley,HYROX PRO DOUBLES MEN,40-49,,London,2025,4.05,3.4833333333333334,3.733333333333333,1.7,3.8666666666666663,3.6,3.9,2.6666666666666665,4.05,4.233333333333333,4.033333333333333,1.5,4.05,3.633333333333333,5.483333333333333,7.533333333333333,4.15,33.166666666666664,28.35,65.66666666666667,0.31914893617021284,0.4722222222222222
luke-moore,HYROX PRO DOUBLES MEN,30-39,,London,2025,4.05,3.583333333333333,4.1,1.7333333333333334,4.6,3.6,4.533333333333333,2.6166666666666667,4.766666666666667,4.0,4.433333333333334,1.4666666666666666,4.783333333333333,3.1333333333333333,6.166666666666667,4.383333333333334,4.383333333333334,37.43333333333333,24.516666666666666,66.33333333333334,0.3432432432432433,0.4814814814814815
james-drake,HYROX PRO DOUBLES MEN,30-39,,London,2025,4.416666666666667,3.7,4.05,2.1333333333333333,4.333333333333333,3.3,4.366666666666666,2.5166666666666666,4.5,3.9,4.25,1.4833333333333334,4.4,3.716666666666667,5.866666666666666,6.1,4.183333333333334,36.18333333333334,26.85,67.21666666666667,0.3096590909090909,0.6464646464646465
ronan-sweeney,HYROX PRO DOUBLES MEN,40-49,,London,2025,4.55,3.8333333333333335,4.233333333333333,2.183333333333333,4.383333333333334,4.0,4.583333333333333,2.583333333333333,4.633333333333334,4.516666666666667,4.583333333333333,1.7,4.466666666666667,3.6,5.916666666666667,4.533333333333333,5.116666666666666,37.349999999999994,26.949999999999996,69.41666666666666,0.28450704225352114,0.5458333333333333
diyar-abubakr,HYROX PRO DOUBLES MEN,16-29,,London,2025,3.883333333333333,3.883333333333333,4.033333333333333,1.9833333333333332,4.683333333333334,5.683333333333334,4.416666666666667,2.7,4.65,4.366666666666666,4.45,1.6166666666666667,4.833333333333333,3.4166666666666665,6.383333333333334,4.716666666666667,4.183333333333334,37.33333333333333,28.366666666666667,69.88333333333333,0.3916449086161881,0.34897360703812313
james-treloar,HYROX PRO DOUBLES MEN,40-49,,London,2025,4.716666666666667,3.733333333333333,4.5,1.7666666666666666,4.966666666666667,3.55,5.1,2.6166666666666667,5.183333333333334,3.8333333333333335,5.016666666666667,1.65,5.15,3.183333333333333,7.0,4.0,4.683333333333334,41.63333333333333,24.333333333333336,70.65,0.35714285714285715,0.49765258215962443
daniel-miller,HYROX PRO DOUBLES MEN,16-29,,London,2025,4.633333333333334,3.933333333333333,4.366666666666666,2.0,4.5,4.15,4.4,2.9,4.783333333333333,4.7,4.6,1.9333333333333331,4.55,4.1,6.216666666666667,5.116666666666666,4.616666666666666,38.05,28.833333333333336,71.49999999999999,0.2975871313672923,0.48192771084337344
gareth-burrows,HYROX PRO DOUBLES MEN,30-39,,London,2025,4.6,3.733333333333333,4.183333333333334,1.8,4.35,4.15,4.25,2.6166666666666667,4.35,4.283333333333333,4.416666666666667,1.7833333333333334,4.433333333333334,3.45,10.766666666666667,5.866666666666666,3.8666666666666663,41.35,27.683333333333337,72.89999999999999,0.6114551083591331,0.4337349397590361
nikesh-patel,HYROX PRO DOUBLES MEN,30-39,,London,2025,4.466666666666667,4.116666666666666,4.333333333333333,2.3,4.616666666666666,5.166666666666667,4.783333333333333,3.5166666666666666,4.75,4.266666666666667,4.883333333333334,1.6333333333333333,4.883333333333334,3.3666666666666667,6.466666666666667,6.416666666666667,4.483333333333333,39.18333333333334,30.78333333333333,74.45,0.3298969072164949,0.44516129032258056
charlie-mckee,HYROX PRO DOUBLES MEN,30-39,,London,2025,4.316666666666666,3.733333333333333,4.583333333333333,1.9833333333333332,5.233333333333333,4.133333333333334,5.35,2.2,5.583333333333333,4.083333333333333,5.266666666666667,3.9166666666666665,5.216666666666667,3.066666666666667,7.45,5.15,4.75,43.0,28.266666666666666,76.01666666666668,0.42058165548098436,0.47983870967741926
paul-brown,HYROX PRO DOUBLES MEN,30-39,,London,2025,4.666666666666667,3.933333333333333,4.583333333333333,2.216666666666667,5.116666666666666,3.95,5.066666666666666,3.083333333333333,5.183333333333334,4.383333333333334,5.166666666666667,1.9833333333333332,5.2,6.2,7.4,6.216666666666667,4.566666666666666,42.38333333333333,31.96666666666667,78.91666666666667,0.3806306306306307,0.5611814345991561
sam-parry,HYROX PRO DOUBLES MEN,30-39,,London,2025,5.616666666666666,4.05,5.266666666666667,2.35,5.5,4.416666666666667,5.433333333333334,3.683333333333333,5.55,4.533333333333333,5.566666666666666,2.05,5.466666666666667,4.466666666666667,7.666666666666667,4.466666666666667,5.2,46.06666666666667,30.016666666666666,81.28333333333333,0.3130434782608696,0.5320754716981132
kieren-drane,HYROX PRO DOUBLES MEN,30-39,,London,2025,4.983333333333333,4.083333333333333,4.75,2.3833333333333333,6.033333333333333,5.55,5.933333333333334,4.016666666666667,5.55,4.616666666666666,5.566666666666666,1.8666666666666667,6.0,5.7,12.783333333333331,13.066666666666666,5.983333333333333,51.6,41.28333333333333,98.86666666666666,0.6284224250325945,0.4294294294294294
martin-lecorgne,HYROX PRO DOUBLES MEN,25-29,,Lyon,2026,2.45,3.4166666666666665,3.183333333333333,2.2333333333333334,3.283333333333333,2.7666666666666666,3.35,1.7,3.3833333333333333,3.6,3.3666666666666667,1.2666666666666666,3.433333333333333,2.3,3.5166666666666666,3.466666666666667,3.933333333333333,25.966666666666665,20.75,50.65,0.3033175355450236,0.8072289156626506
martin-giner,HYROX PRO DOUBLES MEN,30-34,,Lyon,2026,2.8666666666666667,3.683333333333333,3.5,2.45,3.65,3.05,3.6,2.05,3.6666666666666665,3.8,3.583333333333333,1.3833333333333333,3.55,2.6666666666666665,3.7,3.533333333333333,4.35,28.116666666666667,22.616666666666667,55.08333333333332,0.22522522522522526,0.8032786885245903
maxime-benis,HYROX PRO DOUBLES MEN,30-34,,Lyon,2026,2.6666666666666665,3.5166666666666666,3.566666666666667,2.4833333333333334,3.733333333333333,4.133333333333334,3.6166666666666663,2.0166666666666666,3.7,3.983333333333333,3.6666666666666665,1.4166666666666667,3.633333333333333,2.9833333333333334,3.8,3.933333333333333,4.733333333333333,28.383333333333333,24.46666666666667,57.58333333333333,0.2982456140350877,0.6008064516129031
stephane-ossanga,HYROX PRO DOUBLES MEN,30-34,,Lyon,2026,2.9166666666666665,3.65,3.6666666666666665,2.25,3.8666666666666663,3.966666666666667,3.933333333333333,2.2333333333333334,3.883333333333333,3.7666666666666666,3.933333333333333,1.5833333333333333,3.966666666666667,2.65,4.033333333333333,3.4166666666666665,4.9,30.199999999999996,23.516666666666666,58.61666666666666,0.2768595041322314,0.5672268907563025
maxime-biraud,HYROX PRO DOUBLES MEN,35-39,,Lyon,2026,2.933333333333333,3.716666666666667,3.583333333333333,2.7,3.75,4.183333333333334,3.8,1.9166666666666667,3.8333333333333335,4.1,3.8333333333333335,1.4166666666666667,3.783333333333333,3.05,3.95,3.75,5.1,29.466666666666665,24.833333333333336,59.39999999999999,0.2573839662447258,0.6454183266932271
nicolas-lagrange,HYROX PRO DOUBLES MEN,30-34,,Lyon,2026,3.033333333333333,3.85,3.633333333333333,2.316666666666667,3.966666666666667,3.983333333333333,3.95,2.2666666666666666,3.966666666666667,3.9,3.966666666666667,1.5666666666666669,3.9166666666666665,2.8,4.233333333333333,3.6666666666666665,5.166666666666667,30.666666666666668,24.35,60.18333333333333,0.2834645669291339,0.581589958158996
al-hassan-kebe,HYROX PRO DOUBLES MEN,35-39,,Lyon,2026,2.6,3.8666666666666663,3.4833333333333334,2.816666666666667,3.8,4.033333333333333,3.75,2.45,3.9166666666666665,4.383333333333334,3.983333333333333,1.7333333333333334,3.7666666666666666,3.283333333333333,4.033333333333333,3.683333333333333,5.216666666666667,29.333333333333336,26.250000000000004,60.800000000000004,0.35537190082644626,0.6983471074380166
florentin-debruyne,HYROX PRO DOUBLES MEN,30-34,,Lyon,2026,3.033333333333333,3.7,3.683333333333333,2.533333333333333,4.433333333333334,3.683333333333333,4.116666666666666,1.9166666666666667,4.116666666666666,3.9166666666666665,4.083333333333333,1.5666666666666669,4.15,3.2333333333333334,4.366666666666666,3.8333333333333335,5.133333333333334,31.983333333333334,24.383333333333333,61.5,0.31578947368421056,0.6877828054298643
nicolas-bouquillon,HYROX PRO DOUBLES MEN,35-39,,Lyon,2026,2.8666666666666667,3.716666666666667,3.733333333333333,2.8,3.933333333333333,4.166666666666667,4.0,2.8,4.066666666666666,4.033333333333333,3.966666666666667,1.6666666666666667,4.15,3.066666666666667,4.183333333333334,4.033333333333333,5.033333333333333,30.900000000000002,26.28333333333333,62.216666666666654,0.31474103585657376,0.6719999999999999
lukas-gesell,HYROX PRO DOUBLES MEN,25-29,,Lyon,2026,2.833333333333333,3.6166666666666663,3.1666666666666665,2.25,3.25,3.25,3.316666666666667,2.6666666666666665,3.4166666666666665,4.15,3.4166666666666665,1.55,3.35,3.883333333333333,5.2,5.016666666666667,10.383333333333333,27.95,26.383333333333333,64.71666666666665,0.4551282051282052,0.6923076923076923
valentin-beasse,HYROX PRO DOUBLES MEN,25-29,,Lyon,2026,3.033333333333333,4.05,3.9,2.45,4.216666666666667,4.316666666666666,4.416666666666667,2.533333333333333,4.35,4.1,4.283333333333333,1.4166666666666667,4.433333333333334,3.083333333333333,4.583333333333333,3.933333333333333,5.233333333333333,33.21666666666666,25.883333333333333,64.33333333333333,0.33818181818181814,0.5675675675675677
dorian-thollon,HYROX PRO DOUBLES MEN,25-29,,Lyon,2026,3.15,3.716666666666667,4.133333333333334,2.533333333333333,4.6,3.933333333333333,4.2,2.1333333333333333,4.433333333333334,4.133333333333334,4.183333333333334,1.7333333333333334,3.95,3.2666666666666666,4.35,4.583333333333333,5.783333333333333,33.0,26.03333333333333,64.81666666666666,0.3152173913043478,0.6440677966101694
aurelien-rose,HYROX PRO DOUBLES MEN,16-24,,Lyon,2026,3.25,4.033333333333333,4.0,2.75,4.0,4.033333333333333,4.2,3.35,4.116666666666666,4.216666666666667,4.116666666666666,1.6,4.133333333333334,3.8,4.2,4.25,5.266666666666667,32.016666666666666,28.033333333333335,65.31666666666666,0.22619047619047622,0.6818181818181819
benjamin-pinsard,HYROX PRO DOUBLES MEN,25-29,,Lyon,2026,3.333333333333333,3.8666666666666663,3.95,2.65,4.25,4.683333333333334,4.25,2.8666666666666667,4.35,4.15,4.233333333333333,1.4833333333333334,4.383333333333334,3.45,4.5,3.9166666666666665,5.4,33.25,27.06666666666667,65.71666666666667,0.2592592592592593,0.5658362989323843
benjamin-colchen,HYROX PRO DOUBLES MEN,40-44,,Lyon,2026,3.25,3.8666666666666663,3.9166666666666665,2.5,4.383333333333334,4.916666666666667,4.45,2.1666666666666665,4.316666666666666,4.116666666666666,4.533333333333333,1.6333333333333333,4.516666666666667,3.25,4.966666666666667,4.516666666666667,5.4,34.333333333333336,26.966666666666665,66.7,0.34563758389261745,0.5084745762711864
bastien-moretton,HYROX PRO DOUBLES MEN,16-24,,Lyon,2026,3.2666666666666666,4.016666666666667,3.933333333333333,3.183333333333333,4.25,4.933333333333334,4.366666666666666,2.55,4.483333333333333,4.216666666666667,4.366666666666666,1.5166666666666666,4.366666666666666,3.3666666666666667,4.616666666666666,4.033333333333333,5.683333333333334,33.65,27.816666666666663,67.14999999999999,0.29241877256317683,0.6452702702702702
beranger-saieb,HYROX PRO DOUBLES MEN,30-34,,Lyon,2026,3.533333333333333,4.0,4.25,2.716666666666667,4.583333333333333,5.066666666666666,4.666666666666667,2.9,4.6,4.266666666666667,4.316666666666666,1.6666666666666667,4.516666666666667,3.5166666666666666,4.633333333333334,3.6,6.233333333333333,35.1,27.733333333333334,69.06666666666666,0.24285714285714294,0.5361842105263158
sebastien-pirastu,HYROX PRO DOUBLES MEN,40-44,,Lyon,2026,3.3833333333333333,3.9166666666666665,4.533333333333333,2.833333333333333,4.6,5.266666666666667,4.583333333333333,2.2333333333333334,4.7,4.1,4.616666666666666,1.7166666666666666,4.7,3.316666666666667,4.666666666666667,4.366666666666666,5.833333333333333,35.78333333333333,27.75,69.36666666666667,0.2801418439716312,0.5379746835443038
jordy-tissot,HYROX PRO DOUBLES MEN,25-29,,Lyon,2026,3.083333333333333,4.0,3.95,2.6333333333333333,4.716666666666667,5.3,4.2,3.533333333333333,4.416666666666667,4.6,4.283333333333333,1.7,4.4,3.8333333333333335,4.366666666666666,5.183333333333334,5.766666666666667,33.416666666666664,30.78333333333333,69.96666666666667,0.34628975265017675,0.4968553459119497
hamid-kassoul,HYROX PRO DOUBLES MEN,30-34,,Lyon,2026,3.333333333333333,3.716666666666667,4.116666666666666,3.55,4.45,4.55,4.516666666666667,3.033333333333333,4.766666666666667,4.166666666666667,4.533333333333333,1.9,4.516666666666667,4.133333333333334,4.816666666666666,4.633333333333334,5.633333333333334,35.05,29.68333333333333,70.36666666666666,0.3079584775086505,0.7802197802197802
rudy-vanwalscappel,HYROX PRO DOUBLES MEN,35-39,,Lyon,2026,3.2333333333333334,3.85,4.5,2.683333333333333,4.7,5.15,4.683333333333334,2.566666666666667,4.683333333333334,4.283333333333333,4.433333333333334,1.7166666666666666,4.616666666666666,3.983333333333333,4.866666666666666,4.383333333333334,6.483333333333333,35.71666666666667,28.616666666666664,70.81666666666668,0.33561643835616434,0.5210355987055015
felix-buedel,HYROX PRO DOUBLES MEN,25-29,,Lyon,2026,3.883333333333333,4.016666666666667,4.066666666666666,1.8666666666666667,4.383333333333334,4.6,4.45,3.2666666666666666,4.516666666666667,4.25,4.45,1.65,4.716666666666667,3.7666666666666666,5.866666666666666,4.7,13.616666666666667,36.33333333333333,28.116666666666664,78.06666666666666,0.3380681818181819,0.4057971014492754
matthieu-garcia,HYROX PRO DOUBLES MEN,35-39,,Lyon,2026,3.45,3.966666666666667,4.433333333333334,2.6666666666666665,4.75,5.433333333333334,4.75,3.816666666666667,4.983333333333333,4.433333333333334,4.833333333333333,2.0166666666666666,5.033333333333333,4.516666666666667,5.233333333333333,4.25,6.133333333333334,37.46666666666667,31.099999999999998,74.7,0.34076433121019106,0.4907975460122699
tom-franssens,HYROX PRO DOUBLES MEN,30-39,,Mechelen,2025,4.533333333333333,3.35,3.1166666666666667,1.3666666666666667,3.183333333333333,3.1333333333333333,3.1333333333333333,1.7666666666666666,3.216666666666667,3.5,3.183333333333333,1.3,3.1666666666666665,2.316666666666667,3.4166666666666665,3.466666666666667,5.733333333333333,26.950000000000003,20.200000000000003,52.88333333333334,0.3125,0.43617021276595747
theodericus-p-orij,HYROX PRO DOUBLES MEN,30-39,,Mechelen,2025,5.1,3.6,3.566666666666667,1.6333333333333333,3.733333333333333,3.533333333333333,3.733333333333333,2.65,3.683333333333333,3.883333333333333,3.7,1.7666666666666666,3.716666666666667,3.0166666666666666,3.7666666666666666,3.25,6.65,31.0,23.333333333333332,60.98333333333333,0.30065359477124176,0.46226415094339623
rubin-allen,HYROX PRO DOUBLES MEN,50-59,,Mechelen,2025,5.266666666666667,3.783333333333333,3.55,2.0,3.566666666666667,5.2,3.6,2.583333333333333,3.683333333333333,4.266666666666667,3.8333333333333335,1.5333333333333334,3.6166666666666663,3.966666666666667,3.8666666666666663,3.983333333333333,6.716666666666667,30.98333333333333,27.31666666666667,65.01666666666667,0.3259493670886076,0.3846153846153846
arnoud-tramper,HYROX PRO DOUBLES MEN,30-39,,Mechelen,2025,5.75,3.733333333333333,3.9,1.8166666666666669,4.016666666666667,3.633333333333333,3.933333333333333,3.2,4.05,4.366666666666666,4.116666666666666,1.65,3.95,3.8,4.233333333333333,3.75,7.483333333333333,33.95,25.95,67.38333333333334,0.32173913043478264,0.5000000000000001
george-govaerts,HYROX PRO DOUBLES MEN,16-29,,Mechelen,2025,5.3,3.966666666666667,3.683333333333333,1.7833333333333334,3.883333333333333,5.05,3.966666666666667,2.583333333333333,4.166666666666667,4.35,4.05,1.7333333333333334,4.216666666666667,3.083333333333333,4.466666666666667,3.933333333333333,8.5,33.733333333333334,26.483333333333334,68.71666666666667,0.30503144654088055,0.3531353135313532
jeroen-van-diemen,HYROX PRO DOUBLES MEN,30-39,,Mechelen,2025,6.1,3.8666666666666663,3.983333333333333,1.9166666666666667,4.3,4.016666666666667,4.233333333333333,2.7333333333333334,4.366666666666666,4.383333333333334,4.283333333333333,1.5833333333333333,4.433333333333334,3.2,4.516666666666667,3.8666666666666663,7.816666666666666,36.21666666666667,25.566666666666666,69.60000000000001,0.34699453551912574,0.47717842323651455
ralf-simons,HYROX PRO DOUBLES MEN,50-59,,Mechelen,2025,5.65,3.8333333333333335,4.066666666666666,2.0,4.433333333333334,3.7,4.516666666666667,3.083333333333333,4.75,4.3,4.416666666666667,1.6166666666666667,4.383333333333334,4.316666666666666,4.883333333333334,3.783333333333333,7.533333333333333,37.1,26.633333333333333,71.26666666666667,0.28023598820059004,0.5405405405405405
lars-bastiaansen,HYROX PRO DOUBLES MEN,30-39,,Mechelen,2025,7.133333333333334,3.55,4.7,1.4666666666666666,4.85,3.45,4.833333333333333,2.3666666666666667,5.083333333333333,3.7,4.95,1.3333333333333333,5.116666666666666,3.333333333333333,5.35,3.4833333333333334,8.666666666666666,42.016666666666666,22.683333333333337,73.36666666666667,0.34112149532710284,0.42512077294685985
thomas-vanelstlande,HYROX PRO DOUBLES MEN,16-29,,Mechelen,2025,6.983333333333333,3.933333333333333,4.433333333333334,1.6166666666666667,5.066666666666666,4.833333333333333,4.816666666666666,2.4166666666666665,4.7,4.416666666666667,4.666666666666667,1.4,4.633333333333334,3.65,5.016666666666667,3.533333333333333,8.966666666666667,40.31666666666667,25.799999999999997,75.08333333333333,0.36515513126491644,0.33448275862068966
mathieu-coeckelbergh,HYROX PRO DOUBLES MEN,30-39,,Mechelen,2025,6.183333333333334,3.75,4.45,1.9,4.35,4.1,4.583333333333333,2.5,4.6,4.0,4.833333333333333,2.6166666666666667,4.783333333333333,4.616666666666666,5.383333333333334,4.333333333333333,9.083333333333334,39.166666666666664,27.816666666666666,76.06666666666666,0.2964959568733154,0.4634146341463415
alexis-pierart,HYROX PRO DOUBLES MEN,40-49,,Mechelen,2025,6.9,4.0,4.616666666666666,1.8833333333333333,5.066666666666666,4.9,4.85,3.4,5.2,4.483333333333333,4.816666666666666,1.5166666666666666,5.033333333333333,3.8666666666666663,5.166666666666667,3.8666666666666663,9.416666666666666,41.64999999999999,27.916666666666668,78.98333333333332,0.33091787439613535,0.3843537414965986
bart-dobbelaere,HYROX PRO DOUBLES MEN,30-39,,Mechelen,2025,5.8,3.783333333333333,4.466666666666667,2.083333333333333,5.2,5.216666666666667,5.066666666666666,3.216666666666667,4.9,4.1,4.966666666666667,1.7833333333333334,6.6,3.8,5.35,4.233333333333333,10.716666666666669,42.35,28.21666666666667,81.28333333333335,0.3232323232323232,0.39936102236421717
anton-tchaltsev,HYROX PRO DOUBLES MEN,30-39,,Mechelen,2025,6.95,3.95,4.85,1.9333333333333331,5.583333333333333,4.716666666666667,5.55,2.9,5.6,4.166666666666667,5.833333333333333,1.7833333333333334,6.0,4.083333333333333,6.916666666666667,4.383333333333334,11.45,47.28333333333333,27.916666666666668,86.65,0.30215827338129503,0.40989399293286216
byungseok-song,HYROX PRO DOUBLES MEN,35-39,,Osaka,2026,2.1,3.6,3.8333333333333335,2.083333333333333,3.9166666666666665,2.816666666666667,4.0,1.7666666666666666,4.1,3.7666666666666666,4.016666666666667,1.45,4.133333333333334,2.35,3.066666666666667,3.316666666666667,4.933333333333334,29.166666666666664,21.15,55.250000000000014,0.49193548387096775,0.7396449704142011
bongjun-an,HYROX PRO DOUBLES MEN,30-34,,Osaka,2026,2.2,3.716666666666667,3.8666666666666663,2.333333333333333,3.933333333333333,3.4166666666666665,3.8,2.3,4.016666666666667,3.733333333333333,4.05,1.65,3.966666666666667,3.2,3.0166666666666666,3.9,5.016666666666667,28.85,24.249999999999996,58.11666666666667,0.45679012345679004,0.6829268292682926
jung-min-lee,HYROX PRO DOUBLES MEN,35-39,,Osaka,2026,2.45,3.85,3.966666666666667,1.9333333333333331,4.033333333333333,3.55,4.05,2.05,4.933333333333334,4.1,4.1,1.5666666666666669,4.3,2.966666666666667,3.1666666666666665,3.983333333333333,5.466666666666667,31.0,24.0,60.46666666666667,0.5033783783783784,0.5446009389671361
taejun-lee,HYROX PRO DOUBLES MEN,35-39,,Osaka,2026,2.533333333333333,4.033333333333333,4.333333333333333,2.4833333333333334,4.483333333333333,3.466666666666667,4.4,2.0166666666666666,4.616666666666666,3.966666666666667,4.383333333333334,1.5666666666666669,4.65,2.6666666666666665,3.25,3.8666666666666663,5.6,32.65,24.06666666666667,62.31666666666667,0.45519713261648753,0.7163461538461539
michael-herbstein,HYROX PRO DOUBLES MEN,35-39,,Osaka,2026,2.4833333333333334,4.05,4.316666666666666,2.55,4.6,3.4166666666666665,4.65,2.283333333333333,4.866666666666666,4.2,4.65,1.7,4.716666666666667,3.7666666666666666,4.716666666666667,3.95,6.183333333333334,35.0,25.916666666666664,67.1,0.48972602739726023,0.7463414634146341
roger-furukawa,HYROX PRO DOUBLES MEN,25-29,,Osaka,2026,2.466666666666667,4.166666666666667,4.433333333333334,2.066666666666667,4.883333333333334,3.75,4.933333333333334,2.55,5.05,4.55,5.15,1.8333333333333333,4.966666666666667,4.133333333333334,3.75,4.166666666666667,7.283333333333333,35.63333333333334,27.21666666666667,70.13333333333334,0.5210355987055016,0.5511111111111112
donggun-kang,HYROX PRO DOUBLES MEN,35-39,,Osaka,2026,2.466666666666667,4.033333333333333,4.616666666666666,2.683333333333333,5.316666666666666,4.683333333333334,5.366666666666666,2.95,5.433333333333334,4.4,5.216666666666667,2.033333333333333,5.366666666666666,4.4,3.75,4.25,6.766666666666667,37.53333333333333,29.43333333333333,73.73333333333332,0.5460122699386503,0.5729537366548042
derek-ku,HYROX PRO DOUBLES MEN,35-39,,Osaka,2026,2.7,3.733333333333333,5.4,2.3666666666666667,6.033333333333333,4.05,6.066666666666666,2.5,5.933333333333334,4.416666666666667,6.033333333333333,1.5666666666666669,5.933333333333334,4.166666666666667,4.3,4.45,7.383333333333334,42.400000000000006,27.25,77.03333333333335,0.5549450549450549,0.5843621399176955
cagas-kuru,HYROX PRO DOUBLES MEN,30-34,,Osaka,2026,3.35,4.216666666666667,5.933333333333334,1.95,6.383333333333334,4.533333333333333,6.183333333333334,2.65,6.05,4.3,5.85,1.8666666666666667,5.95,2.9833333333333334,4.733333333333333,4.05,8.366666666666667,44.43333333333334,26.55,79.35,0.47519582245430814,0.43014705882352944
insu-gim,HYROX PRO DOUBLES MEN,30-34,,Osaka,2026,3.066666666666667,4.116666666666666,5.55,3.2666666666666666,7.2,4.833333333333333,6.566666666666666,2.6,6.483333333333333,4.383333333333334,6.216666666666667,1.6833333333333331,6.366666666666666,3.0166666666666666,4.35,3.95,8.15,45.800000000000004,27.849999999999998,81.80000000000003,0.574074074074074,0.6758620689655173
ken-shih,HYROX PRO DOUBLES MEN,40-44,,Osaka,2026,2.966666666666667,4.3,5.3,3.033333333333333,5.95,4.7,5.75,2.45,6.333333333333333,4.816666666666666,7.783333333333333,1.8333333333333333,6.833333333333333,4.766666666666667,4.633333333333334,6.316666666666666,8.05,45.55,32.21666666666667,85.81666666666665,0.6188436830835118,0.6453900709219857
soma-nakamura,HYROX PRO DOUBLES MEN,25-29,,Osaka,2026,3.083333333333333,4.516666666666667,5.066666666666666,3.083333333333333,7.5,4.866666666666666,5.433333333333334,2.6333333333333333,6.366666666666666,4.416666666666667,8.15,2.433333333333333,6.45,3.05,6.433333333333334,7.3,9.4,48.483333333333334,32.3,90.18333333333334,0.621676891615542,0.6335616438356164
john-ambrose-maranan,HYROX PRO DOUBLES MEN,40-44,,Osaka,2026,3.633333333333333,4.383333333333334,7.983333333333333,3.3666666666666667,8.3,4.9,8.566666666666666,3.733333333333333,8.766666666666667,5.0,9.0,2.1166666666666667,8.933333333333334,5.533333333333333,7.2,5.683333333333334,13.95,62.38333333333334,34.71666666666667,111.05000000000001,0.5962962962962963,0.6870748299319728
cem-ter-burg,HYROX PRO DOUBLES MEN,25-29,,Oslo,2026,3.75,3.3833333333333333,3.3,1.5833333333333333,3.45,2.3833333333333333,3.466666666666667,1.6,3.5166666666666666,3.633333333333333,3.4,1.1666666666666667,3.466666666666667,2.0166666666666666,4.116666666666666,3.2,2.333333333333333,28.46666666666667,18.966666666666665,49.76666666666667,0.1983805668016194,0.6643356643356643
markus-johansen-westgaard,HYROX PRO DOUBLES MEN,30-34,,Oslo,2026,3.783333333333333,3.3833333333333333,3.5,1.8333333333333333,3.6,3.1333333333333333,3.683333333333333,2.0166666666666666,3.7666666666666666,4.0,3.6166666666666663,1.3666666666666667,3.633333333333333,2.7,4.333333333333333,3.883333333333333,2.583333333333333,29.916666666666664,22.316666666666666,54.81666666666667,0.19230769230769226,0.5851063829787234
victor-de-la-cruz,HYROX PRO DOUBLES MEN,40-44,,Oslo,2026,4.183333333333334,3.65,3.716666666666667,1.9166666666666667,3.75,2.8833333333333333,3.65,2.5166666666666666,3.6666666666666665,4.1,3.7666666666666666,1.5333333333333334,3.733333333333333,2.966666666666667,4.466666666666667,3.25,2.833333333333333,30.933333333333337,22.816666666666663,56.583333333333336,0.18283582089552242,0.6647398843930636
oliver-lund,HYROX PRO DOUBLES MEN,16-24,,Oslo,2026,4.25,3.733333333333333,3.8333333333333335,1.8666666666666667,4.0,3.566666666666667,3.9166666666666665,1.9833333333333332,4.0,3.95,3.983333333333333,1.3833333333333333,3.9166666666666665,2.65,4.633333333333334,3.683333333333333,2.816666666666667,32.53333333333334,22.816666666666663,58.16666666666668,0.17266187050359716,0.5233644859813084
rolf-doskeland,HYROX PRO DOUBLES MEN,35-39,,Oslo,2026,4.466666666666667,3.9166666666666665,3.9,1.75,4.016666666666667,3.283333333333333,3.9166666666666665,2.2,3.966666666666667,4.083333333333333,3.966666666666667,1.4,4.083333333333333,2.933333333333333,4.85,3.9166666666666665,2.816666666666667,33.166666666666664,23.48333333333333,59.46666666666666,0.19587628865979378,0.5329949238578681
jonas-ringoen-vikesa,HYROX PRO DOUBLES MEN,30-34,,Oslo,2026,4.55,3.683333333333333,3.8,2.0166666666666666,3.95,3.283333333333333,4.033333333333333,2.8833333333333333,4.05,3.966666666666667,4.066666666666666,1.6166666666666667,3.95,3.033333333333333,4.783333333333333,3.7,2.9833333333333334,33.18333333333334,24.183333333333334,60.35,0.20557491289198607,0.6142131979695431
somner-brenna-hansen,HYROX PRO DOUBLES MEN,16-24,,Oslo,2026,4.683333333333334,3.8666666666666663,4.1,2.033333333333333,4.2,3.283333333333333,4.2,2.1,4.15,4.05,4.25,1.5833333333333333,4.266666666666667,2.8,5.05,3.583333333333333,2.8833333333333333,34.9,23.299999999999997,61.08333333333333,0.18811881188118815,0.6192893401015228
anders-rakke,HYROX PRO DOUBLES MEN,40-44,,Oslo,2026,4.416666666666667,3.55,4.05,1.6666666666666667,4.466666666666667,2.9166666666666665,4.583333333333333,2.466666666666667,4.516666666666667,3.75,4.35,1.3666666666666667,4.766666666666667,2.9166666666666665,5.166666666666667,3.65,2.966666666666667,36.31666666666666,22.28333333333333,61.566666666666656,0.2161290322580646,0.5714285714285715
bjoern-lind,HYROX PRO DOUBLES MEN,50-54,,Oslo,2026,4.816666666666666,3.7666666666666666,4.266666666666667,2.1333333333333333,4.333333333333333,3.1666666666666665,4.416666666666667,2.1666666666666665,4.3,4.05,4.233333333333333,1.5666666666666669,4.266666666666667,3.1666666666666665,4.866666666666666,3.95,2.966666666666667,35.5,23.966666666666665,62.43333333333333,0.13013698630136977,0.6736842105263158
jon-stavnsborg,HYROX PRO DOUBLES MEN,35-39,,Oslo,2026,4.75,3.7666666666666666,4.316666666666666,1.8666666666666667,4.45,3.0,4.433333333333334,2.433333333333333,4.533333333333333,3.966666666666667,4.416666666666667,1.5,4.483333333333333,3.2666666666666666,5.333333333333333,4.0,3.1166666666666667,36.71666666666667,23.799999999999997,63.63333333333333,0.190625,0.6222222222222222
rickard-canbro,HYROX PRO DOUBLES MEN,45-49,,Oslo,2026,4.733333333333333,3.8666666666666663,4.116666666666666,2.4,4.2,3.333333333333333,4.2,2.7333333333333334,4.25,4.183333333333334,4.25,1.6166666666666667,4.416666666666667,3.95,4.916666666666667,3.966666666666667,3.1333333333333333,35.083333333333336,26.049999999999997,64.26666666666668,0.1627118644067798,0.7200000000000001
sebastian-joensson-lindstedt,HYROX PRO DOUBLES MEN,40-44,,Oslo,2026,4.683333333333334,3.683333333333333,4.116666666666666,1.9333333333333331,4.533333333333333,3.3666666666666667,4.433333333333334,2.8,4.55,4.183333333333334,4.483333333333333,1.5833333333333333,4.466666666666667,3.6166666666666663,5.466666666666667,3.8666666666666663,3.25,36.733333333333334,25.03333333333333,65.01666666666665,0.2469512195121952,0.5742574257425742
joachim-eivindsen,HYROX PRO DOUBLES MEN,30-34,,Oslo,2026,4.45,3.6666666666666665,4.15,1.8666666666666667,4.566666666666666,3.033333333333333,4.65,2.7,4.9,4.25,4.65,1.4833333333333334,4.716666666666667,2.95,5.5,4.833333333333333,3.6,37.583333333333336,24.78333333333333,65.96666666666667,0.2454545454545454,0.6153846153846154
dmitrij-gordejev,HYROX PRO DOUBLES MEN,35-39,,Oslo,2026,5.116666666666666,3.633333333333333,4.45,2.25,4.666666666666667,3.7666666666666666,4.666666666666667,2.65,4.733333333333333,4.05,4.783333333333333,1.4666666666666666,4.716666666666667,3.683333333333333,5.266666666666667,3.65,3.5,38.400000000000006,25.149999999999995,67.05,0.15506329113924047,0.5973451327433629
marcus-toernqvist,HYROX PRO DOUBLES MEN,35-39,,Oslo,2026,4.333333333333333,4.016666666666667,4.25,2.433333333333333,4.6,3.683333333333333,4.533333333333333,2.8,4.616666666666666,4.35,4.566666666666666,1.6333333333333333,4.533333333333333,3.45,5.516666666666667,4.416666666666667,4.1,36.949999999999996,26.78333333333333,67.83333333333331,0.229607250755287,0.6606334841628959
mads-roine,HYROX PRO DOUBLES MEN,16-24,,Oslo,2026,4.633333333333334,3.9166666666666665,4.0,2.316666666666667,4.65,4.433333333333334,4.833333333333333,3.083333333333333,4.433333333333334,4.116666666666666,4.233333333333333,1.6166666666666667,4.716666666666667,3.533333333333333,5.466666666666667,5.35,3.05,36.96666666666667,28.366666666666667,68.38333333333334,0.2682926829268293,0.5225563909774437
ebbe-revang,HYROX PRO DOUBLES MEN,16-24,,Oslo,2026,5.283333333333333,3.733333333333333,4.75,1.6333333333333333,5.2,3.183333333333333,5.266666666666667,3.033333333333333,5.3,4.116666666666666,5.183333333333334,1.6166666666666667,5.116666666666666,2.816666666666667,5.75,4.133333333333334,3.55,41.85,24.266666666666666,69.66666666666667,0.17391304347826086,0.5130890052356021
kjetil-andreassen,HYROX PRO DOUBLES MEN,45-49,,Oslo,2026,5.216666666666667,3.85,4.65,2.35,4.833333333333333,3.6666666666666665,4.716666666666667,3.4833333333333334,4.883333333333334,4.1,4.95,1.5833333333333333,5.0,3.2666666666666666,5.95,4.116666666666666,3.716666666666667,40.2,26.416666666666668,70.33333333333334,0.21848739495798317,0.640909090909091
kristian-foss,HYROX PRO DOUBLES MEN,30-34,,Oslo,2026,5.233333333333333,3.8666666666666663,4.733333333333333,2.25,5.116666666666666,3.333333333333333,5.083333333333333,2.7,5.283333333333333,4.1,5.133333333333334,1.4833333333333334,5.316666666666666,3.75,6.466666666666667,3.8,3.7,42.36666666666666,25.283333333333335,71.35000000000001,0.26804123711340205,0.675
mikael-stolanowski,HYROX PRO DOUBLES MEN,30-34,,Oslo,2026,5.016666666666667,3.983333333333333,4.583333333333333,2.566666666666667,5.15,4.283333333333333,5.133333333333334,3.316666666666667,5.016666666666667,4.366666666666666,4.833333333333333,1.7833333333333334,4.983333333333333,3.8333333333333335,5.616666666666666,3.95,3.933333333333333,40.33333333333333,28.083333333333332,72.35000000000001,0.18397626112759644,0.5992217898832686
joacim-bjoreng,HYROX PRO DOUBLES MEN,25-29,,Oslo,2026,5.133333333333334,4.066666666666666,4.616666666666666,2.083333333333333,5.116666666666666,4.783333333333333,4.866666666666666,2.9,5.016666666666667,4.45,4.916666666666667,1.7333333333333334,5.133333333333334,3.883333333333333,5.533333333333333,5.85,4.216666666666667,40.333333333333336,29.75,74.30000000000001,0.1656626506024097,0.4355400696864111
daniel-reinsnes,HYROX PRO DOUBLES MEN,30-34,,Oslo,2026,5.65,3.95,4.85,1.5666666666666669,5.533333333333333,3.45,5.3,3.8,5.516666666666667,4.133333333333334,5.216666666666667,1.4666666666666666,5.3,3.333333333333333,6.733333333333333,5.4,4.35,44.099999999999994,27.1,75.55,0.2797029702970298,0.45410628019323673
vebjorn-heggeli,HYROX PRO DOUBLES MEN,30-34,,Oslo,2026,6.15,3.9166666666666665,5.083333333333333,1.9666666666666663,5.55,3.683333333333333,5.45,3.183333333333333,5.7,3.966666666666667,5.516666666666667,1.6166666666666667,5.833333333333333,3.883333333333333,6.65,4.6,3.933333333333333,45.93333333333334,26.81666666666667,76.68333333333334,0.2355889724310778,0.5339366515837104
benjamin-madsen,HYROX PRO DOUBLES MEN,16-24,,Oslo,2026,5.1,3.733333333333333,4.916666666666667,2.6666666666666665,5.566666666666666,3.8333333333333335,5.35,3.883333333333333,5.633333333333334,4.483333333333333,5.633333333333334,1.4666666666666666,6.05,4.966666666666667,6.6,4.316666666666666,4.233333333333333,44.849999999999994,29.349999999999998,78.43333333333332,0.25505050505050497,0.6956521739130435
andreas-norling,HYROX PRO DOUBLES MEN,45-49,,Oslo,2026,5.916666666666667,3.9,5.266666666666667,2.7,5.616666666666666,4.816666666666666,5.583333333333333,3.5166666666666666,5.616666666666666,4.366666666666666,5.55,1.9333333333333331,5.666666666666667,4.183333333333334,6.8,5.233333333333333,3.9166666666666665,46.01666666666666,30.650000000000002,80.58333333333333,0.22549019607843135,0.5605536332179931
cato-johnsrud-kristoffersen,HYROX PRO DOUBLES MEN,30-34,,Oslo,2026,5.766666666666667,4.066666666666666,5.716666666666667,3.0,6.233333333333333,4.116666666666666,6.35,4.116666666666666,6.366666666666666,4.533333333333333,6.083333333333333,1.9666666666666663,6.366666666666666,4.566666666666666,7.416666666666667,4.6,5.7,50.300000000000004,30.96666666666667,86.96666666666667,0.22921348314606743,0.7287449392712552
thomas-dieset,HYROX PRO DOUBLES MEN,35-39,,Oslo,2026,8.15,4.033333333333333,7.216666666666667,2.4833333333333334,9.216666666666669,4.116666666666666,8.85,4.433333333333334,10.033333333333331,4.483333333333333,9.3,2.033333333333333,10.3,4.233333333333333,10.133333333333333,5.55,5.583333333333333,73.19999999999999,31.36666666666667,110.14999999999998,0.29935275080906154,0.6032388663967612
bong-bong,HYROX PRO DOUBLES MEN,30-34,,Seoul,2025,2.933333333333333,3.3666666666666667,3.9166666666666665,1.6666666666666667,4.1,3.333333333333333,4.0,1.5,4.1,3.783333333333333,4.033333333333333,1.5,4.016666666666667,2.2666666666666666,4.316666666666666,3.3,3.95,31.41666666666666,20.71666666666667,56.08333333333332,0.3204633204633205,0.5000000000000001
byungseok-song,HYROX PRO DOUBLES MEN,35-39,,Seoul,2025,3.183333333333333,3.4833333333333334,4.233333333333333,1.5333333333333334,4.3,3.716666666666667,4.283333333333333,1.55,4.3,3.85,4.316666666666666,1.6,4.366666666666666,3.0166666666666666,4.783333333333333,3.316666666666667,4.333333333333333,33.766666666666666,22.066666666666666,60.16666666666667,0.3344947735191638,0.4125560538116592
seongug-gang,HYROX PRO DOUBLES MEN,25-29,,Seoul,2025,3.0166666666666666,3.8333333333333335,3.8333333333333335,1.6,4.2,4.833333333333333,4.25,2.1333333333333333,4.333333333333333,4.116666666666666,4.3,1.5833333333333333,4.183333333333334,2.7333333333333334,4.433333333333334,3.716666666666667,4.6,32.55,24.549999999999997,61.70000000000001,0.3195488721804512,0.33103448275862074
robert-hess,HYROX PRO DOUBLES MEN,35-39,,Seoul,2025,3.033333333333333,3.95,3.9166666666666665,1.8666666666666667,4.066666666666666,4.166666666666667,4.15,2.783333333333333,4.166666666666667,4.15,4.116666666666666,1.75,4.166666666666667,4.25,4.333333333333333,4.116666666666666,4.95,31.95,27.033333333333335,63.93333333333333,0.3,0.44799999999999995
yunseong-nam,HYROX PRO DOUBLES MEN,25-29,,Seoul,2025,4.65,3.7666666666666666,4.216666666666667,1.4833333333333334,4.483333333333333,3.75,4.616666666666666,2.25,4.65,3.983333333333333,4.466666666666667,1.6333333333333333,4.583333333333333,1.7833333333333334,4.883333333333334,3.65,6.383333333333334,36.550000000000004,22.3,65.23333333333333,0.13651877133105808,0.39555555555555555
seonhyeog-gim,HYROX PRO DOUBLES MEN,35-39,,Seoul,2025,3.2666666666666666,3.883333333333333,4.416666666666667,1.4666666666666666,4.466666666666667,4.066666666666666,4.5,1.7833333333333334,4.583333333333333,4.2,4.633333333333334,1.65,4.85,3.683333333333333,5.266666666666667,3.816666666666667,5.75,35.98333333333333,24.549999999999997,66.28333333333333,0.379746835443038,0.36065573770491804
taewon-nam,HYROX PRO DOUBLES MEN,16-24,,Seoul,2025,3.633333333333333,3.466666666666667,4.766666666666667,1.7166666666666666,4.95,3.75,4.933333333333334,1.8,5.016666666666667,3.8666666666666663,5.183333333333334,1.5833333333333333,5.266666666666667,2.8833333333333333,5.216666666666667,3.8666666666666663,5.183333333333334,38.96666666666667,22.933333333333334,67.08333333333334,0.3101265822784811,0.45777777777777773
hyogeun-coe,HYROX PRO DOUBLES MEN,30-34,,Seoul,2025,3.65,3.733333333333333,4.633333333333334,1.7833333333333334,4.883333333333334,4.316666666666666,5.083333333333333,1.7,5.116666666666666,4.033333333333333,5.15,1.5166666666666666,5.233333333333333,2.833333333333333,5.883333333333334,3.4833333333333334,5.083333333333333,39.63333333333333,23.4,68.11666666666667,0.3796033994334278,0.4131274131274132
hojin-park,HYROX PRO DOUBLES MEN,16-24,,Seoul,2025,3.3666666666666667,3.6,4.333333333333333,1.4833333333333334,4.8,4.1,4.766666666666667,2.8833333333333333,5.116666666666666,4.216666666666667,4.883333333333334,1.6,5.583333333333333,3.3666666666666667,5.05,4.266666666666667,5.6,37.9,25.516666666666666,69.01666666666667,0.39701492537313426,0.3617886178861789
byeongjun-min,HYROX PRO DOUBLES MEN,30-34,,Seoul,2025,3.2333333333333334,3.8333333333333335,4.6,1.8333333333333333,4.916666666666667,4.266666666666667,4.966666666666667,2.0166666666666666,5.166666666666667,4.216666666666667,5.083333333333333,1.9666666666666663,5.2,2.9166666666666665,5.583333333333333,4.333333333333333,5.516666666666667,38.75000000000001,25.38333333333333,69.65,0.42089552238805966,0.4296875
jeongmo-im,HYROX PRO DOUBLES MEN,30-34,,Seoul,2025,3.816666666666667,4.016666666666667,4.7,1.9666666666666663,4.85,4.183333333333334,4.966666666666667,2.4166666666666665,5.233333333333333,4.566666666666666,5.05,1.9,5.1,3.9,4.883333333333334,3.7,5.85,38.6,26.649999999999995,71.1,0.27070063694267515,0.4701195219123505
jinyeong-yun,HYROX PRO DOUBLES MEN,50-54,,Seoul,2025,3.4833333333333334,4.1,4.566666666666666,1.9166666666666667,4.75,5.033333333333333,4.9,2.316666666666667,5.016666666666667,5.133333333333334,5.016666666666667,1.7666666666666666,5.166666666666667,3.2,5.45,4.366666666666666,5.483333333333333,38.35,27.833333333333332,71.66666666666667,0.36085626911314983,0.38079470198675497
canghyeon-ryu,HYROX PRO DOUBLES MEN,16-24,,Seoul,2025,3.633333333333333,4.1,4.633333333333334,1.7833333333333334,4.966666666666667,5.366666666666666,4.766666666666667,2.283333333333333,4.966666666666667,4.466666666666667,4.916666666666667,1.95,4.85,3.216666666666667,5.316666666666666,6.05,5.216666666666667,38.05,29.216666666666665,72.48333333333333,0.31661442006269597,0.3322981366459628
weon-jeong,HYROX PRO DOUBLES MEN,35-39,,Seoul,2025,3.3666666666666667,3.8333333333333335,4.7,1.9833333333333332,5.016666666666667,5.966666666666667,5.083333333333333,2.6666666666666665,5.166666666666667,4.383333333333334,5.05,1.8833333333333333,5.066666666666666,3.733333333333333,5.666666666666667,4.4,5.65,39.11666666666667,28.85,73.61666666666667,0.40588235294117647,0.33240223463687146
hohyeong-je,HYROX PRO DOUBLES MEN,30-34,,Seoul,2025,3.8666666666666663,4.4,5.05,1.7333333333333334,5.4,4.866666666666666,5.566666666666666,2.4166666666666665,5.533333333333333,4.55,5.283333333333333,1.75,5.5,1.7166666666666666,5.883333333333334,3.55,7.683333333333334,42.08333333333333,24.98333333333333,74.75,0.3427762039660058,0.35616438356164387
donghwan-yun,HYROX PRO DOUBLES MEN,30-34,,Seoul,2025,3.883333333333333,4.016666666666667,5.183333333333334,1.9166666666666667,5.366666666666666,5.066666666666666,5.566666666666666,2.4833333333333334,5.716666666666667,4.45,5.5,1.7833333333333334,5.716666666666667,1.8333333333333333,6.1,3.9166666666666665,7.766666666666667,43.03333333333334,25.46666666666667,76.26666666666667,0.3633879781420765,0.37828947368421056
gyeongseob-i,HYROX PRO DOUBLES MEN,30-34,,Seoul,2025,4.05,3.983333333333333,5.216666666666667,1.6666666666666667,5.416666666666667,5.4,5.783333333333333,2.566666666666667,5.85,4.2,5.533333333333333,2.25,5.75,3.75,5.933333333333334,3.783333333333333,6.366666666666666,43.53333333333333,27.6,77.49999999999999,0.3174157303370787,0.30864197530864196
doho-kim,HYROX PRO DOUBLES MEN,30-34,,Seoul,2025,3.583333333333333,4.033333333333333,4.866666666666666,2.083333333333333,5.716666666666667,6.3,5.483333333333333,3.2,5.466666666666667,4.383333333333334,5.4,1.85,5.5,2.033333333333333,5.866666666666666,5.65,7.15,41.88333333333333,29.53333333333333,78.56666666666668,0.38920454545454547,0.33068783068783064
daejin-gweon,HYROX PRO DOUBLES MEN,30-34,,Seoul,2025,4.116666666666666,3.966666666666667,5.45,1.7833333333333334,8.766666666666667,4.55,6.033333333333333,2.316666666666667,5.866666666666666,4.116666666666666,5.966666666666667,1.6666666666666667,6.233333333333333,3.1166666666666667,6.316666666666666,3.9166666666666665,5.8,48.75,25.433333333333337,79.98333333333333,0.5304182509505704,0.391941391941392
cheolkyun-jo,HYROX PRO DOUBLES MEN,40-44,,Seoul,2025,4.133333333333334,4.05,5.016666666666667,1.8333333333333333,5.616666666666666,6.5,5.716666666666667,3.6666666666666665,5.766666666666667,4.766666666666667,5.55,2.1666666666666665,5.483333333333333,4.7,6.216666666666667,4.216666666666667,7.133333333333334,43.5,31.9,82.53333333333335,0.33512064343163533,0.28205128205128205
tae-yang-kim,HYROX PRO DOUBLES MEN,40-44,,Seoul,2025,3.85,3.566666666666667,5.716666666666667,1.9333333333333331,5.966666666666667,4.766666666666667,5.933333333333334,4.083333333333333,6.316666666666666,4.516666666666667,6.5,1.7,6.45,2.1333333333333333,9.416666666666666,3.85,10.15,50.15,26.549999999999997,86.85000000000001,0.5911504424778761,0.40559440559440557
hyojae-tag,HYROX PRO DOUBLES MEN,30-34,,Seoul,2025,4.666666666666667,4.433333333333334,6.166666666666667,1.7166666666666666,6.266666666666667,4.866666666666666,6.55,4.383333333333334,7.05,4.583333333333333,7.133333333333334,2.183333333333333,6.833333333333333,4.683333333333334,7.833333333333333,5.133333333333334,8.75,52.50000000000001,31.98333333333333,93.23333333333335,0.4042553191489361,0.3527397260273973
gustav-cordua,HYROX PRO DOUBLES MEN,25-29,,Stockholm,2025,3.183333333333333,3.4,3.1333333333333333,1.5166666666666666,3.2,2.65,3.1333333333333333,1.9666666666666663,3.1666666666666665,3.6666666666666665,3.183333333333333,1.25,3.1666666666666665,2.4166666666666665,3.35,3.533333333333333,3.7666666666666666,25.516666666666666,20.4,49.68333333333332,0.06467661691542292,0.5723270440251572
paul-o-brien,HYROX PRO DOUBLES MEN,35-39,,Stockholm,2025,3.2333333333333334,3.433333333333333,3.283333333333333,1.6166666666666667,3.433333333333333,2.833333333333333,3.45,2.1333333333333333,3.533333333333333,3.8,3.5166666666666666,1.4,3.5166666666666666,2.9166666666666665,3.883333333333333,4.033333333333333,4.533333333333333,27.849999999999994,22.166666666666664,54.54999999999998,0.16738197424892692,0.5705882352941177
dino-karaman,HYROX PRO DOUBLES MEN,30-34,,Stockholm,2025,3.8666666666666663,3.5166666666666666,3.783333333333333,1.9166666666666667,3.85,3.45,3.716666666666667,1.9,3.716666666666667,3.6,3.716666666666667,1.4833333333333334,3.716666666666667,2.75,3.933333333333333,3.9166666666666665,4.533333333333333,30.3,22.533333333333335,57.36666666666667,0.05508474576271179,0.5555555555555556
joe-langbridge,HYROX PRO DOUBLES MEN,16-24,,Stockholm,2025,3.9166666666666665,3.55,3.7,1.75,3.816666666666667,3.1,3.883333333333333,2.4166666666666665,3.983333333333333,3.9,3.95,1.5666666666666669,3.95,2.933333333333333,4.183333333333334,3.533333333333333,4.666666666666667,31.383333333333333,22.75,58.79999999999999,0.1155378486055777,0.564516129032258
james-mccallion,HYROX PRO DOUBLES MEN,25-29,,Stockholm,2025,3.8333333333333335,3.633333333333333,3.8,1.7333333333333334,3.983333333333333,3.083333333333333,3.9,2.95,3.95,3.983333333333333,4.1,1.6,4.066666666666666,2.75,4.216666666666667,3.65,4.733333333333333,31.849999999999994,23.38333333333333,59.96666666666667,0.09881422924901193,0.5621621621621622
stefano-scoca,HYROX PRO DOUBLES MEN,16-24,,Stockholm,2025,3.633333333333333,3.5,3.65,1.9833333333333332,3.8333333333333335,3.75,3.8333333333333335,2.683333333333333,3.933333333333333,3.966666666666667,3.966666666666667,1.5666666666666669,3.933333333333333,3.283333333333333,4.05,3.8,5.166666666666667,30.833333333333336,24.533333333333335,60.53333333333333,0.10288065843621406,0.5288888888888889
erik-berge,HYROX PRO DOUBLES MEN,35-39,,Stockholm,2025,3.6666666666666665,3.85,3.683333333333333,1.8666666666666667,3.983333333333333,4.0,4.05,2.25,4.166666666666667,3.966666666666667,3.9166666666666665,1.6333333333333333,4.183333333333334,2.7333333333333334,4.466666666666667,3.95,4.916666666666667,32.11666666666667,24.25,61.28333333333334,0.17910447761194034,0.4666666666666667
jimmy-nordstroem,HYROX PRO DOUBLES MEN,30-34,,Stockholm,2025,3.85,3.583333333333333,3.966666666666667,1.6333333333333333,4.4,3.1666666666666665,4.266666666666667,2.433333333333333,4.45,3.9166666666666665,4.183333333333334,1.4666666666666666,4.333333333333333,3.2666666666666666,4.566666666666666,3.6166666666666663,5.483333333333333,34.016666666666666,23.083333333333332,62.58333333333333,0.156934306569343,0.5157894736842106
halim-ennadifi,HYROX PRO DOUBLES MEN,45-49,,Stockholm,2025,3.6166666666666663,3.633333333333333,4.0,2.05,4.433333333333334,3.3833333333333333,4.266666666666667,2.4166666666666665,4.35,3.9166666666666665,4.283333333333333,1.5333333333333334,4.316666666666666,3.183333333333333,4.483333333333333,4.483333333333333,5.0,33.74999999999999,24.6,63.34999999999998,0.1933085501858737,0.605911330049261
marcus-backlund,HYROX PRO DOUBLES MEN,30-34,,Stockholm,2025,3.716666666666667,3.583333333333333,3.85,2.066666666666667,4.116666666666666,3.9166666666666665,4.016666666666667,2.783333333333333,4.166666666666667,4.133333333333334,4.133333333333334,1.7833333333333334,4.25,3.5,4.65,4.066666666666666,5.083333333333333,32.9,25.833333333333336,63.81666666666667,0.20071684587813624,0.5276595744680852
alexander-mars,HYROX PRO DOUBLES MEN,30-34,,Stockholm,2025,4.566666666666666,3.733333333333333,4.15,1.6666666666666667,4.7,3.2,4.416666666666667,2.1666666666666665,4.5,3.8666666666666663,4.483333333333333,1.4833333333333334,4.4,2.7,4.8,3.683333333333333,5.933333333333334,36.016666666666666,22.5,64.45,0.13541666666666657,0.5208333333333334
alexandre-katz,HYROX PRO DOUBLES MEN,30-34,,Stockholm,2025,3.45,3.816666666666667,3.883333333333333,1.9333333333333331,4.5,4.383333333333334,4.166666666666667,2.45,4.616666666666666,4.15,4.35,1.3,4.45,3.05,4.783333333333333,3.8,6.5,34.2,24.883333333333336,65.58333333333333,0.27874564459930307,0.44106463878326985
jon-stavnsborg,HYROX PRO DOUBLES MEN,35-39,,Stockholm,2025,3.883333333333333,3.75,3.95,1.75,4.316666666666666,4.316666666666666,4.266666666666667,2.966666666666667,4.2,3.933333333333333,4.2,1.3666666666666667,4.416666666666667,3.816666666666667,4.75,4.716666666666667,5.633333333333334,33.983333333333334,26.616666666666667,66.23333333333333,0.1824561403508773,0.40540540540540543
philipp-stiller,HYROX PRO DOUBLES MEN,30-34,,Stockholm,2025,4.166666666666667,3.683333333333333,4.2,1.9833333333333332,4.333333333333333,3.533333333333333,4.3,3.15,4.45,4.4,4.216666666666667,1.8166666666666669,4.233333333333333,3.5,4.633333333333334,4.333333333333333,5.7,34.53333333333333,26.4,66.63333333333333,0.10071942446043167,0.5613207547169811
alexander-olsen,HYROX PRO DOUBLES MEN,30-34,,Stockholm,2025,4.1,3.5,4.233333333333333,1.4833333333333334,4.4,3.65,4.516666666666667,3.0166666666666666,4.666666666666667,3.966666666666667,4.683333333333334,1.3833333333333333,4.85,3.533333333333333,5.1,4.35,5.883333333333334,36.550000000000004,24.883333333333333,67.31666666666668,0.19607843137254904,0.406392694063927
henrik-rosenkjaer,HYROX PRO DOUBLES MEN,35-39,,Stockholm,2025,3.966666666666667,3.8,4.2,2.083333333333333,4.35,4.383333333333334,4.35,3.8666666666666663,4.433333333333334,4.15,4.266666666666667,1.7333333333333334,4.383333333333334,3.9166666666666665,4.8,4.216666666666667,6.0,34.75,28.15,68.9,0.17361111111111105,0.4752851711026615
trolle-jacobson,HYROX PRO DOUBLES MEN,30-34,,Stockholm,2025,4.25,3.7,4.383333333333334,1.7833333333333334,4.966666666666667,3.733333333333333,4.883333333333334,2.5166666666666666,4.95,3.9166666666666665,4.9,1.5,5.1,3.6166666666666663,5.25,4.05,6.1,38.68333333333334,24.816666666666666,69.6,0.19047619047619047,0.4776785714285715
rasmus-valby,HYROX PRO DOUBLES MEN,16-24,,Stockholm,2025,4.2,4.033333333333333,3.9,1.9166666666666667,4.566666666666666,4.6,4.3,2.783333333333333,4.366666666666666,4.483333333333333,4.3,1.5666666666666669,4.066666666666666,6.233333333333333,4.733333333333333,4.316666666666666,5.866666666666666,34.43333333333333,29.933333333333334,70.23333333333332,0.17605633802816903,0.41666666666666674
mikael-ahlfors,HYROX PRO DOUBLES MEN,40-44,,Stockholm,2025,4.333333333333333,3.7,4.65,1.95,4.716666666666667,4.05,4.8,2.816666666666667,4.916666666666667,4.216666666666667,4.866666666666666,1.75,4.85,3.95,4.7,4.483333333333333,6.466666666666667,37.833333333333336,26.916666666666668,71.21666666666668,0.11864406779661028,0.4814814814814815
tellef-desserud,HYROX PRO DOUBLES MEN,16-24,,Stockholm,2025,4.016666666666667,3.716666666666667,4.116666666666666,1.8166666666666669,4.5,5.133333333333334,4.6,2.85,4.766666666666667,4.283333333333333,4.583333333333333,1.6833333333333331,4.5,3.466666666666667,4.666666666666667,7.55,5.783333333333333,35.75,30.500000000000004,72.03333333333333,0.15734265734265734,0.35389610389610393
jakob-romsberger,HYROX PRO DOUBLES MEN,30-34,,Stockholm,2025,4.383333333333334,3.683333333333333,4.716666666666667,2.066666666666667,4.8,4.0,4.833333333333333,2.85,5.3,4.1,5.183333333333334,1.4333333333333331,5.016666666666667,3.533333333333333,5.533333333333333,5.116666666666666,6.866666666666666,39.766666666666666,26.78333333333333,73.41666666666666,0.20783132530120474,0.5166666666666667
christoffer-hansen,HYROX PRO DOUBLES MEN,16-24,,Stockholm,2025,3.8666666666666663,4.033333333333333,3.6666666666666665,2.0,4.8,4.233333333333333,4.783333333333333,3.3666666666666667,5.0,4.416666666666667,4.8,1.5166666666666666,4.966666666666667,4.116666666666666,5.25,7.35,5.983333333333333,37.13333333333333,31.03333333333333,74.14999999999999,0.3015873015873016,0.47244094488188976
orso-luccioni,HYROX PRO DOUBLES MEN,30-34,,Stockholm,2025,4.3,3.733333333333333,4.416666666666667,2.0166666666666666,4.966666666666667,4.733333333333333,5.216666666666667,3.6,5.15,4.233333333333333,5.0,1.7,5.266666666666667,4.033333333333333,5.4,4.083333333333333,8.166666666666666,39.71666666666666,28.13333333333333,76.01666666666667,0.20370370370370378,0.426056338028169
joel-schelander,HYROX PRO DOUBLES MEN,25-29,,Stockholm,2025,5.116666666666666,3.95,4.966666666666667,2.1,5.1,4.2,5.016666666666667,3.083333333333333,5.35,4.333333333333333,5.1,2.0166666666666666,5.166666666666667,3.883333333333333,5.933333333333334,4.983333333333333,6.766666666666667,41.75,28.549999999999997,77.06666666666668,0.16292134831460675,0.5
zachary-marcus-clift,HYROX PRO DOUBLES MEN,30-34,,Stockholm,2025,4.516666666666667,3.883333333333333,4.566666666666666,1.75,5.366666666666666,4.083333333333333,5.35,3.5166666666666666,5.316666666666666,4.2,5.4,1.55,5.383333333333334,4.166666666666667,5.833333333333333,6.233333333333333,7.416666666666667,41.733333333333334,29.383333333333333,78.53333333333335,0.22571428571428567,0.4285714285714286
kenichiro-terao,HYROX PRO DOUBLES MEN,30-34,,Stockholm,2025,3.983333333333333,3.816666666666667,4.483333333333333,2.3833333333333333,5.016666666666667,4.916666666666667,4.6,3.983333333333333,5.116666666666666,4.65,5.233333333333333,1.7,4.983333333333333,4.65,5.416666666666667,7.616666666666666,6.766666666666667,38.833333333333336,33.71666666666667,79.31666666666666,0.26461538461538475,0.48474576271186437
mario-elez,HYROX PRO DOUBLES MEN,16-24,,Stockholm,2025,4.633333333333334,4.233333333333333,5.2,2.583333333333333,5.533333333333333,4.55,5.6,3.5,5.6,4.75,5.083333333333333,1.75,5.2,3.75,6.2,7.166666666666667,7.3,43.050000000000004,32.28333333333333,82.63333333333334,0.2526881720430107,0.5677655677655677
leo-lindstroem,HYROX PRO DOUBLES MEN,40-44,,Stockholm,2025,5.583333333333333,4.166666666666667,5.4,3.4833333333333334,5.633333333333334,4.766666666666667,5.616666666666666,3.2666666666666666,5.65,4.766666666666667,5.633333333333334,1.95,5.683333333333334,4.916666666666667,5.916666666666667,4.733333333333333,8.433333333333334,45.11666666666667,32.05,85.60000000000001,0.08732394366197181,0.7307692307692308
nico-willeke,HYROX PRO DOUBLES MEN,16-24,,Stockholm,2025,5.3,4.4,5.416666666666667,1.7166666666666666,6.183333333333334,4.833333333333333,6.083333333333333,3.3,6.733333333333333,4.55,6.35,2.55,6.8,5.1,8.066666666666666,5.533333333333333,8.266666666666667,50.93333333333332,31.983333333333334,91.18333333333331,0.34297520661157027,0.35517241379310344
matt-slee,HYROX PRO DOUBLES MEN,30-34,,Sydney,2026,2.716666666666667,3.3666666666666667,2.95,1.5333333333333334,3.033333333333333,2.783333333333333,3.066666666666667,2.0166666666666666,3.066666666666667,3.566666666666667,3.033333333333333,1.3,3.05,2.566666666666667,4.266666666666667,3.4,4.716666666666667,25.183333333333334,20.53333333333333,50.43333333333334,0.36328124999999994,0.5508982035928144
bailey-o-brien,HYROX PRO DOUBLES MEN,30-34,,Sydney,2026,3.05,3.5,3.283333333333333,1.5333333333333334,3.4166666666666665,2.7666666666666666,3.45,2.0166666666666666,3.466666666666667,3.683333333333333,3.466666666666667,1.45,3.6166666666666663,2.4166666666666665,4.916666666666667,3.7,5.4,28.666666666666668,21.066666666666666,55.13333333333333,0.3796610169491526,0.5542168674698795
jed-campbell,HYROX PRO DOUBLES MEN,16-24,,Sydney,2026,3.15,3.5,3.2,1.5166666666666666,3.3833333333333333,2.716666666666667,3.283333333333333,2.45,3.533333333333333,3.783333333333333,3.4166666666666665,1.5666666666666669,3.683333333333333,3.066666666666667,4.833333333333333,3.683333333333333,5.483333333333333,28.48333333333333,22.283333333333335,56.25000000000001,0.3482758620689655,0.558282208588957
tom-walton,HYROX PRO DOUBLES MEN,35-39,,Sydney,2026,3.2666666666666666,3.55,3.3833333333333333,1.6666666666666667,3.4,3.216666666666667,3.433333333333333,2.1,3.6,3.983333333333333,3.566666666666667,1.4666666666666666,3.533333333333333,2.8666666666666667,5.033333333333333,3.65,5.966666666666667,29.21666666666667,22.499999999999996,57.68333333333334,0.3509933774834437,0.5181347150259067
toni-sassine,HYROX PRO DOUBLES MEN,30-34,,Sydney,2026,3.316666666666667,3.883333333333333,3.5,1.6333333333333333,3.7,3.2,3.6666666666666665,1.8833333333333333,3.6666666666666665,3.983333333333333,3.433333333333333,1.4833333333333334,3.566666666666667,3.15,4.75,3.65,5.716666666666667,29.599999999999998,22.86666666666666,58.18333333333334,0.3017543859649122,0.5104166666666666
jay-clark,HYROX PRO DOUBLES MEN,30-34,,Sydney,2026,2.966666666666667,3.65,3.3833333333333333,1.6333333333333333,3.9,2.9,3.7666666666666666,2.1333333333333333,3.9,4.0,3.85,1.35,3.95,2.966666666666667,5.35,3.5166666666666666,5.816666666666666,31.066666666666663,22.15,59.03333333333333,0.44548286604361365,0.5632183908045977
will-taylor,HYROX PRO DOUBLES MEN,25-29,,Sydney,2026,3.45,3.733333333333333,3.6166666666666663,1.9166666666666667,3.733333333333333,3.25,3.6666666666666665,2.716666666666667,3.583333333333333,3.883333333333333,3.45,1.6666666666666667,3.55,3.6,4.9,3.716666666666667,5.883333333333334,29.949999999999996,24.483333333333334,60.31666666666666,0.29591836734693877,0.5897435897435898
cole-monoghan,HYROX PRO DOUBLES MEN,16-24,,Sydney,2026,3.1333333333333333,3.583333333333333,3.5,1.6333333333333333,3.65,3.533333333333333,3.733333333333333,2.216666666666667,3.683333333333333,4.133333333333334,3.8,1.4833333333333334,3.85,3.7666666666666666,5.283333333333333,3.8666666666666663,6.033333333333333,30.633333333333333,24.21666666666667,60.88333333333333,0.4069400630914826,0.46226415094339623
nicholas-orpwood,HYROX PRO DOUBLES MEN,25-29,,Sydney,2026,3.566666666666667,3.733333333333333,3.6166666666666663,1.6166666666666667,3.783333333333333,3.05,3.9,2.2666666666666666,3.9166666666666665,4.183333333333334,3.883333333333333,1.65,4.0,3.216666666666667,5.266666666666667,3.983333333333333,5.8,31.933333333333334,23.699999999999996,61.43333333333333,0.3227848101265822,0.5300546448087432
brendan-wild,HYROX PRO DOUBLES MEN,30-34,,Sydney,2026,3.75,3.8,3.816666666666667,1.6,3.983333333333333,3.216666666666667,3.933333333333333,2.333333333333333,3.9,4.016666666666667,3.783333333333333,1.5333333333333334,4.033333333333333,3.0166666666666666,5.883333333333334,3.5166666666666666,6.166666666666667,33.08333333333333,23.03333333333333,62.283333333333324,0.36260623229461764,0.49740932642487046
james-deacy,HYROX PRO DOUBLES MEN,30-34,,Sydney,2026,3.35,3.75,3.55,1.8833333333333333,3.683333333333333,3.533333333333333,3.7,2.7,3.85,3.983333333333333,3.783333333333333,1.7,3.8,3.733333333333333,5.333333333333333,4.45,5.916666666666667,31.050000000000004,25.733333333333334,62.70000000000001,0.37187499999999996,0.5330188679245284
liam-woodhams,HYROX PRO DOUBLES MEN,30-34,,Sydney,2026,3.75,3.8666666666666663,3.8333333333333335,1.7833333333333334,4.05,2.833333333333333,3.95,2.5166666666666666,4.033333333333333,4.366666666666666,3.966666666666667,1.5833333333333333,4.05,3.25,5.483333333333333,3.883333333333333,6.2,33.11666666666667,24.083333333333332,63.400000000000006,0.3161094224924012,0.6294117647058824
tom-kippenberger,HYROX PRO DOUBLES MEN,35-39,,Sydney,2026,3.783333333333333,3.816666666666667,3.7,1.7833333333333334,3.933333333333333,3.6,3.966666666666667,2.8,3.9,4.233333333333333,3.966666666666667,1.5166666666666666,4.083333333333333,3.066666666666667,5.733333333333333,3.9,6.066666666666666,33.06666666666666,24.716666666666665,63.849999999999994,0.35465116279069764,0.4953703703703704
chris-kable,HYROX PRO DOUBLES MEN,45-49,,Sydney,2026,3.65,3.816666666666667,3.9166666666666665,1.7166666666666666,3.95,3.3,4.0,2.433333333333333,4.033333333333333,4.266666666666667,4.016666666666667,1.5833333333333333,4.15,3.35,5.883333333333334,3.816666666666667,6.416666666666667,33.599999999999994,24.28333333333333,64.3,0.3796033994334278,0.5202020202020202
justin-gordon,HYROX PRO DOUBLES MEN,35-39,,Sydney,2026,3.533333333333333,3.7666666666666666,3.85,1.6833333333333331,4.1,3.3666666666666667,4.133333333333334,2.1666666666666665,4.383333333333334,4.0,4.433333333333334,1.6,4.466666666666667,3.033333333333333,6.066666666666666,3.683333333333333,6.45,34.96666666666667,23.3,64.71666666666665,0.4175824175824176,0.49999999999999994
luke-marmont,HYROX PRO DOUBLES MEN,35-39,,Sydney,2026,3.7666666666666666,3.6666666666666665,4.033333333333333,1.6333333333333333,4.166666666666667,3.3833333333333333,4.15,2.533333333333333,4.366666666666666,4.083333333333333,4.1,1.7,4.333333333333333,4.016666666666667,5.55,3.716666666666667,6.25,34.46666666666667,24.733333333333334,65.45,0.3213213213213213,0.4827586206896552
tadhg-lawless,HYROX PRO DOUBLES MEN,25-29,,Sydney,2026,3.65,3.883333333333333,3.9166666666666665,1.7333333333333334,4.116666666666666,3.316666666666667,4.05,3.033333333333333,4.183333333333334,4.15,4.033333333333333,1.7666666666666666,4.083333333333333,3.083333333333333,5.85,4.366666666666666,6.95,33.88333333333333,25.333333333333332,66.16666666666667,0.37606837606837606,0.5226130653266331
harrison-ross,HYROX PRO DOUBLES MEN,16-24,,Sydney,2026,3.8333333333333335,3.8666666666666663,3.716666666666667,2.083333333333333,4.1,3.8333333333333335,4.066666666666666,3.033333333333333,4.083333333333333,4.533333333333333,4.016666666666667,1.4333333333333331,4.25,3.566666666666667,5.833333333333333,3.95,6.533333333333333,33.9,26.3,66.73333333333333,0.3628571428571428,0.5434782608695651
sam-ash,HYROX PRO DOUBLES MEN,30-34,,Sydney,2026,3.4833333333333334,3.7666666666666666,3.6666666666666665,1.8333333333333333,4.0,3.433333333333333,4.316666666666666,2.6666666666666665,4.75,4.233333333333333,4.5,1.6,4.25,3.3,5.783333333333333,5.183333333333334,7.5,34.75,26.01666666666667,68.26666666666667,0.3976945244956772,0.5339805825242718
roy-kim,HYROX PRO DOUBLES MEN,30-34,,Sydney,2026,3.9,3.7666666666666666,3.983333333333333,2.05,4.183333333333334,3.783333333333333,4.183333333333334,2.9,4.35,4.166666666666667,4.566666666666666,1.7,4.45,4.1,6.366666666666666,4.0,6.816666666666666,35.983333333333334,26.46666666666667,69.26666666666667,0.38743455497382195,0.5418502202643172
andrew-cox,HYROX PRO DOUBLES MEN,25-29,,Sydney,2026,4.016666666666667,3.6666666666666665,4.4,1.65,4.733333333333333,3.333333333333333,4.666666666666667,2.783333333333333,4.85,3.85,4.983333333333333,1.5333333333333334,4.666666666666667,3.3666666666666667,6.25,3.783333333333333,7.3,38.56666666666667,23.96666666666667,69.83333333333333,0.35733333333333334,0.495
melhem-bteddini,HYROX PRO DOUBLES MEN,30-34,,Sydney,2026,4.3,3.933333333333333,4.45,1.6333333333333333,4.716666666666667,3.1166666666666667,4.583333333333333,2.466666666666667,4.75,4.083333333333333,4.616666666666666,1.7333333333333334,4.7,2.833333333333333,6.566666666666666,4.366666666666666,7.75,38.68333333333334,24.166666666666668,70.60000000000001,0.34517766497461927,0.5240641711229946
jackson-abraham,HYROX PRO DOUBLES MEN,30-34,,Sydney,2026,4.066666666666666,3.683333333333333,4.283333333333333,1.6333333333333333,4.583333333333333,4.033333333333333,4.533333333333333,3.75,4.583333333333333,3.966666666666667,4.5,1.8,4.516666666666667,3.9166666666666665,6.283333333333333,3.983333333333333,7.133333333333334,37.35,26.76666666666667,71.25,0.35278514588859416,0.4049586776859504
sam-butler,HYROX PRO DOUBLES MEN,35-39,,Sydney,2026,4.016666666666667,3.85,4.383333333333334,1.9333333333333331,4.683333333333334,3.333333333333333,4.816666666666666,3.466666666666667,4.833333333333333,3.9,4.7,1.6666666666666667,4.883333333333334,3.45,6.5,4.2,7.616666666666666,38.81666666666666,25.8,72.23333333333332,0.3820512820512821,0.58
dan-mcgavern,HYROX PRO DOUBLES MEN,50-54,,Sydney,2026,4.45,4.166666666666667,4.666666666666667,2.1166666666666667,4.8,3.033333333333333,4.9,3.3833333333333333,4.866666666666666,4.233333333333333,4.816666666666666,1.65,4.783333333333333,4.016666666666667,6.466666666666667,3.9,7.616666666666666,39.75000000000001,26.499999999999996,73.86666666666666,0.3118556701030928,0.6978021978021979
cameron-lewis,HYROX PRO DOUBLES MEN,30-34,,Sydney,2026,4.15,3.783333333333333,4.4,1.5166666666666666,4.766666666666667,3.816666666666667,4.566666666666666,3.4166666666666665,4.666666666666667,3.966666666666667,4.6,1.85,4.6,3.566666666666667,9.733333333333333,3.933333333333333,7.7,41.483333333333334,25.85,75.03333333333335,0.5736301369863013,0.39737991266375544
qinjiang-liu,HYROX PRO DOUBLES MEN,25-29,,Sydney,2026,3.816666666666667,4.116666666666666,4.25,2.083333333333333,4.366666666666666,4.5,4.633333333333334,2.2,4.266666666666667,4.616666666666666,4.533333333333333,1.8833333333333333,4.683333333333334,4.016666666666667,9.8,4.566666666666666,7.6,40.35,27.98333333333333,75.93333333333334,0.6105442176870749,0.4629629629629629
luke-fotiadis,HYROX PRO DOUBLES MEN,30-34,,Sydney,2026,3.7,3.966666666666667,4.233333333333333,2.45,4.6,4.116666666666666,4.7,3.433333333333333,5.05,4.566666666666666,4.766666666666667,2.216666666666667,4.666666666666667,4.916666666666667,6.8,4.75,8.183333333333334,38.516666666666666,30.416666666666668,77.11666666666667,0.4558823529411764,0.5951417004048584
benjamin-vandenbelt,HYROX PRO DOUBLES MEN,25-29,,Sydney,2026,4.35,4.083333333333333,4.45,2.183333333333333,5.05,5.1,4.95,3.566666666666667,4.966666666666667,4.5,4.783333333333333,2.0166666666666666,5.383333333333334,3.85,7.516666666666667,4.033333333333333,9.033333333333331,41.449999999999996,29.33333333333333,79.81666666666666,0.42128603104212864,0.42810457516339867
anuj-s,HYROX PRO DOUBLES MEN,25-29,,Sydney,2026,4.25,4.45,4.783333333333333,2.333333333333333,5.216666666666667,4.666666666666667,5.133333333333334,2.4166666666666665,5.4,4.75,5.3,1.9666666666666663,5.266666666666667,4.45,7.9,6.55,9.816666666666666,43.25,31.583333333333332,84.64999999999999,0.4620253164556962,0.4999999999999999
raymond-nguyen,HYROX PRO DOUBLES MEN,25-29,,Sydney,2026,4.85,4.3,4.8,2.183333333333333,5.183333333333334,6.133333333333334,5.016666666666667,3.8,5.033333333333333,4.466666666666667,5.25,1.9333333333333331,5.616666666666666,6.716666666666667,8.333333333333334,8.516666666666667,10.533333333333331,44.083333333333336,38.05,92.66666666666666,0.42400000000000004,0.35597826086956513
samuel-hebert,HYROX PRO DOUBLES MEN,30-34,,Toronto,2025,3.15,3.583333333333333,3.583333333333333,1.7166666666666666,3.716666666666667,2.966666666666667,3.65,1.6333333333333333,3.783333333333333,3.8333333333333335,3.7,1.2333333333333334,3.7666666666666666,2.333333333333333,3.1166666666666667,3.333333333333333,3.433333333333333,28.466666666666665,20.63333333333333,52.53333333333334,0.17621145374449335,0.5786516853932584
jonathan-walkington,HYROX PRO DOUBLES MEN,40-44,,Toronto,2025,3.316666666666667,3.683333333333333,3.95,2.083333333333333,4.216666666666667,3.1166666666666667,4.15,2.4166666666666665,4.366666666666666,4.033333333333333,4.283333333333333,1.5166666666666666,4.3,2.9166666666666665,3.5,3.4833333333333334,4.266666666666667,32.08333333333333,23.25,59.59999999999999,0.24045801526717545,0.6684491978609625
xavier-fagard,HYROX PRO DOUBLES MEN,30-34,,Toronto,2025,3.583333333333333,3.75,4.45,1.9333333333333331,4.383333333333334,3.55,4.433333333333334,2.15,4.583333333333333,4.166666666666667,4.433333333333334,1.35,4.483333333333333,3.0,3.6,3.9166666666666665,4.466666666666667,33.95,23.81666666666667,62.23333333333333,0.2181818181818182,0.5446009389671361
henry-venegas,HYROX PRO DOUBLES MEN,35-39,,Toronto,2025,3.316666666666667,3.783333333333333,3.9166666666666665,2.7333333333333334,7.683333333333334,3.816666666666667,4.1,1.9166666666666667,4.033333333333333,4.0,4.016666666666667,1.4166666666666667,3.983333333333333,2.6666666666666665,4.683333333333334,4.766666666666667,4.016666666666667,35.733333333333334,25.1,64.85,0.5683297180043384,0.7161572052401747
jase-brooks,HYROX PRO DOUBLES MEN,25-29,,Toronto,2025,3.9166666666666665,3.8333333333333335,4.366666666666666,2.25,4.866666666666666,4.233333333333333,4.766666666666667,2.85,4.783333333333333,3.966666666666667,4.766666666666667,1.8,4.95,2.5,4.116666666666666,3.6,4.316666666666666,36.53333333333333,25.033333333333335,65.88333333333334,0.2087542087542088,0.5314960629921259
alexander-emeny,HYROX PRO DOUBLES MEN,75-79,,Toronto,2025,3.433333333333333,3.966666666666667,4.283333333333333,1.8,4.7,3.633333333333333,4.816666666666666,2.566666666666667,4.766666666666667,4.383333333333334,4.6,1.55,4.8,3.75,4.2,4.816666666666666,4.666666666666667,35.6,26.466666666666665,66.73333333333333,0.28719723183391005,0.49541284403669733
philip-vranic,HYROX PRO DOUBLES MEN,35-39,,Toronto,2025,3.683333333333333,3.783333333333333,4.516666666666667,2.533333333333333,4.6,3.633333333333333,4.666666666666667,2.6166666666666667,4.833333333333333,4.633333333333334,4.883333333333334,1.85,4.733333333333333,3.8333333333333335,4.15,4.816666666666666,4.866666666666666,36.06666666666666,27.7,68.63333333333333,0.24573378839590454,0.6972477064220184
delbert-depaepe,HYROX PRO DOUBLES MEN,,,Toronto,2025,4.283333333333333,4.0,4.966666666666667,1.9166666666666667,5.116666666666666,4.233333333333333,5.35,2.583333333333333,5.366666666666666,4.15,5.116666666666666,1.45,5.433333333333334,2.95,4.483333333333333,3.75,5.716666666666667,40.116666666666674,25.03333333333333,70.86666666666667,0.21165644171779147,0.45275590551181105
craig-ireland,HYROX PRO DOUBLES MEN,75-79,,Toronto,2025,4.35,4.05,5.2,2.05,5.65,3.633333333333333,5.583333333333333,1.9833333333333332,5.75,4.0,5.716666666666667,1.45,5.583333333333333,3.65,4.816666666666666,3.983333333333333,5.416666666666667,42.650000000000006,24.799999999999997,72.86666666666667,0.24347826086956528,0.5642201834862386
dylan-coburn,HYROX PRO DOUBLES MEN,30-34,,Toronto,2025,4.516666666666667,4.133333333333334,5.166666666666667,2.066666666666667,5.366666666666666,3.8666666666666663,5.583333333333333,2.3833333333333333,5.75,4.25,5.366666666666666,1.55,5.55,3.216666666666667,4.883333333333334,4.766666666666667,5.766666666666667,42.18333333333333,26.233333333333334,74.18333333333334,0.21449275362318843,0.5344827586206897
charles-martin,HYROX PRO DOUBLES MEN,,,Toronto,2025,4.15,3.75,5.2,1.5,5.45,4.583333333333333,6.0,2.75,5.866666666666666,4.633333333333334,5.533333333333333,1.5,5.583333333333333,3.25,7.0,4.1,5.733333333333333,44.78333333333334,26.066666666666663,76.58333333333333,0.4071428571428571,0.32727272727272727
dennis-clyne,HYROX PRO DOUBLES MEN,35-39,,Toronto,2025,4.25,3.816666666666667,5.2,1.95,5.5,3.8333333333333335,8.6,2.55,5.716666666666667,4.25,5.366666666666666,1.5666666666666669,5.283333333333333,4.25,4.483333333333333,5.55,5.616666666666666,44.4,27.766666666666666,77.78333333333333,0.5058139534883721,0.508695652173913
chris-dopkowski,HYROX PRO DOUBLES MEN,35-39,,Toronto,2025,4.316666666666666,4.083333333333333,5.266666666666667,1.95,5.583333333333333,5.366666666666666,5.683333333333334,3.8,5.833333333333333,4.766666666666667,5.683333333333334,1.8833333333333333,5.983333333333333,4.583333333333333,5.216666666666667,4.183333333333334,5.666666666666667,43.56666666666666,30.616666666666664,79.85000000000001,0.27855153203342625,0.36335403726708076
christopher-drysdale,HYROX PRO DOUBLES MEN,,,Toronto,2025,3.983333333333333,4.283333333333333,4.916666666666667,2.216666666666667,5.283333333333333,3.95,5.4,3.75,5.666666666666667,5.25,5.45,2.2333333333333334,5.6,5.1,6.766666666666667,5.616666666666666,7.483333333333333,43.06666666666667,32.4,82.94999999999999,0.4113300492610838,0.5611814345991561
jean-benoit-girard,HYROX PRO DOUBLES MEN,70-74,,Toronto,2025,4.95,4.2,6.066666666666666,3.05,6.466666666666667,5.316666666666666,6.416666666666667,2.6166666666666667,6.55,4.583333333333333,6.416666666666667,1.7,6.7,5.083333333333333,4.833333333333333,4.116666666666666,6.866666666666666,48.400000000000006,30.666666666666664,85.93333333333332,0.2786069651741294,0.5736677115987461
alexander-cobos,HYROX PRO DOUBLES MEN,25-29,,Toronto,2025,4.333333333333333,4.683333333333334,5.05,3.6666666666666665,5.416666666666667,7.15,5.683333333333334,3.466666666666667,6.266666666666667,5.4,5.9,1.7666666666666666,6.916666666666667,5.816666666666666,4.816666666666666,6.7,5.866666666666666,44.383333333333326,38.65,88.89999999999999,0.37349397590361455,0.5128205128205128
jason-plummer,HYROX PRO DOUBLES MEN,,,Toronto,2025,4.783333333333333,4.433333333333334,5.5,4.766666666666667,5.883333333333334,5.9,6.033333333333333,4.683333333333334,6.616666666666666,4.716666666666667,6.383333333333334,3.9166666666666665,6.5,5.75,5.766666666666667,8.266666666666667,6.533333333333333,47.46666666666667,42.43333333333334,96.43333333333334,0.27707808564231734,0.807909604519774
athavan-suthakaran,HYROX PRO DOUBLES MEN,16-24,,Toronto,2025,4.5,4.583333333333333,8.55,2.8,8.816666666666666,5.7,8.883333333333333,3.15,9.233333333333333,5.616666666666666,8.983333333333333,2.183333333333333,9.383333333333333,3.883333333333333,5.45,8.766666666666667,5.366666666666666,63.800000000000004,36.68333333333333,105.85,0.5204262877442273,0.49122807017543857
aj-seballos,HYROX PRO DOUBLES MEN,75-79,,Toronto,2025,4.933333333333334,4.383333333333334,6.183333333333334,4.766666666666667,7.366666666666666,11.05,7.166666666666667,3.65,6.95,5.366666666666666,6.716666666666667,2.783333333333333,7.183333333333334,6.15,6.783333333333333,7.6,14.6,53.28333333333333,45.75,113.63333333333333,0.3303167420814479,0.4313725490196078
maarten-enthoven,HYROX PRO DOUBLES MEN,30-34,,Utrecht,2025,3.2333333333333334,3.283333333333333,3.5,1.95,3.6,2.75,3.6,2.033333333333333,3.566666666666667,3.633333333333333,3.7666666666666666,1.3333333333333333,3.65,2.283333333333333,2.783333333333333,3.3833333333333333,2.5,27.699999999999996,20.65,50.849999999999994,0.2610619469026549,0.7090909090909091
oliver-baijings,HYROX PRO DOUBLES MEN,30-34,,Utrecht,2025,3.7,3.55,4.0,2.2666666666666666,4.183333333333334,3.316666666666667,4.166666666666667,2.2666666666666666,4.183333333333334,3.883333333333333,4.133333333333334,1.4666666666666666,4.25,2.8833333333333333,3.1166666666666667,3.7666666666666666,2.9833333333333334,31.733333333333334,23.399999999999995,58.11666666666667,0.26666666666666666,0.6834170854271356
jasper-baijings,HYROX PRO DOUBLES MEN,25-29,,Utrecht,2025,3.4,3.533333333333333,3.7666666666666666,2.55,4.283333333333333,5.033333333333333,4.05,2.15,4.133333333333334,3.9,4.15,1.25,4.116666666666666,2.3666666666666667,4.533333333333333,3.716666666666667,3.083333333333333,32.43333333333333,24.5,60.01666666666666,0.25,0.5066225165562913
boas-titaley,HYROX PRO DOUBLES MEN,35-39,,Utrecht,2025,3.8333333333333335,3.6166666666666663,4.016666666666667,2.45,4.4,4.1,4.366666666666666,2.8833333333333333,4.433333333333334,4.0,4.316666666666666,1.3666666666666667,4.383333333333334,3.0166666666666666,3.2,3.6,3.3666666666666667,32.95,25.03333333333333,61.35000000000001,0.2781954887218045,0.5975609756097562
jeroen-smidt,HYROX PRO DOUBLES MEN,25-29,,Utrecht,2025,3.983333333333333,3.933333333333333,4.233333333333333,2.3666666666666667,4.533333333333333,3.7666666666666666,4.45,2.683333333333333,4.566666666666666,4.133333333333334,4.45,1.8,4.5,3.183333333333333,3.45,4.3,3.55,34.166666666666664,26.166666666666668,63.88333333333331,0.2445255474452554,0.6283185840707964
bernd-grosse-siemer,HYROX PRO DOUBLES MEN,25-29,,Utrecht,2025,3.816666666666667,3.5,4.1,2.466666666666667,4.35,4.416666666666667,4.35,3.3833333333333333,4.383333333333334,4.35,4.416666666666667,1.8,4.316666666666666,3.316666666666667,4.966666666666667,4.1,3.8333333333333335,34.7,27.333333333333336,65.86666666666667,0.2315436241610738,0.5584905660377358
donny-van-wessel,HYROX PRO DOUBLES MEN,25-29,,Utrecht,2025,3.883333333333333,3.75,4.15,2.35,4.833333333333333,5.283333333333333,4.7,1.8666666666666667,4.75,3.95,4.733333333333333,1.6666666666666667,4.6,3.083333333333333,3.716666666666667,6.083333333333333,3.45,35.36666666666667,28.03333333333333,66.85000000000001,0.23103448275862062,0.444794952681388
nick-pans,HYROX PRO DOUBLES MEN,30-34,,Utrecht,2025,3.8333333333333335,4.033333333333333,4.116666666666666,3.1666666666666665,4.433333333333334,5.05,4.433333333333334,3.6166666666666663,4.4,4.35,4.4,1.5666666666666669,4.366666666666666,3.783333333333333,3.45,5.466666666666667,3.6666666666666665,33.43333333333334,31.03333333333334,68.13333333333334,0.22180451127819548,0.6270627062706271
tim-noorduin,HYROX PRO DOUBLES MEN,25-29,,Utrecht,2025,3.8,3.816666666666667,3.85,2.3833333333333333,4.116666666666666,3.6,6.283333333333333,3.216666666666667,4.0,4.65,4.266666666666667,3.1666666666666665,4.183333333333334,5.083333333333333,3.2666666666666666,6.016666666666667,3.55,33.766666666666666,31.933333333333334,69.25,0.48010610079575594,0.662037037037037
jiven-van-schooneveld,HYROX PRO DOUBLES MEN,30-34,,Utrecht,2025,4.15,3.8666666666666663,4.3,2.816666666666667,4.483333333333333,4.583333333333333,4.566666666666666,2.65,4.866666666666666,4.35,4.816666666666666,1.8833333333333333,4.7,3.466666666666667,5.266666666666667,5.583333333333333,3.733333333333333,37.15,29.2,70.08333333333334,0.21202531645569614,0.6145454545454546
niels-van-midden,HYROX PRO DOUBLES MEN,40-44,,Utrecht,2025,3.8666666666666663,3.683333333333333,4.316666666666666,2.8833333333333333,5.15,4.416666666666667,5.183333333333334,3.2333333333333334,5.266666666666667,4.116666666666666,5.016666666666667,1.65,5.05,4.083333333333333,4.183333333333334,4.583333333333333,4.05,38.03333333333333,28.65,70.73333333333332,0.26582278481012667,0.6528301886792452
daan-lindeman,HYROX PRO DOUBLES MEN,25-29,,Utrecht,2025,4.516666666666667,3.6166666666666663,5.166666666666667,2.466666666666667,5.366666666666666,4.35,5.35,3.4,5.6,4.0,5.233333333333333,1.8,5.2,3.4,4.116666666666666,4.3,4.216666666666667,40.550000000000004,27.333333333333336,72.10000000000001,0.2648809523809524,0.5670498084291189
gino-helfensteijn,HYROX PRO DOUBLES MEN,25-29,,Utrecht,2025,4.55,4.033333333333333,4.766666666666667,3.5166666666666666,4.916666666666667,5.0,4.766666666666667,3.316666666666667,4.716666666666667,4.8,4.85,1.9833333333333332,4.766666666666667,3.6166666666666663,3.733333333333333,4.75,4.55,37.06666666666667,31.01666666666667,72.63333333333334,0.24067796610169503,0.7033333333333334
reinier-looij,HYROX PRO DOUBLES MEN,30-34,,Utrecht,2025,3.883333333333333,3.883333333333333,4.683333333333334,2.9166666666666665,4.583333333333333,5.833333333333333,4.866666666666666,3.816666666666667,4.8,4.5,4.733333333333333,2.033333333333333,5.066666666666666,4.8,3.983333333333333,5.233333333333333,3.75,36.6,33.016666666666666,73.36666666666667,0.23355263157894743,0.5
emiel-de-rouw,HYROX PRO DOUBLES MEN,35-39,,Utrecht,2025,4.216666666666667,3.9166666666666665,4.533333333333333,2.65,4.95,5.35,4.866666666666666,3.333333333333333,4.966666666666667,4.383333333333334,5.033333333333333,1.7833333333333334,5.1,3.8333333333333335,4.133333333333334,6.583333333333333,4.316666666666666,37.8,31.833333333333332,73.94999999999999,0.18954248366013057,0.4953271028037383
youri-fokker,HYROX PRO DOUBLES MEN,30-34,,Utrecht,2025,4.766666666666667,4.383333333333334,4.916666666666667,2.6,5.35,4.75,5.383333333333334,3.2333333333333334,5.4,4.55,5.25,1.5666666666666669,5.283333333333333,4.166666666666667,4.083333333333333,4.216666666666667,5.283333333333333,40.43333333333334,29.46666666666667,75.18333333333334,0.24382716049382727,0.5473684210526316
michael-roelofsen,HYROX PRO DOUBLES MEN,30-34,,Utrecht,2025,4.65,3.816666666666667,5.033333333333333,2.7666666666666666,5.333333333333333,4.283333333333333,5.4,3.45,5.516666666666667,4.4,5.733333333333333,2.1333333333333333,5.616666666666666,3.566666666666667,4.633333333333334,5.166666666666667,5.116666666666666,41.916666666666664,29.583333333333336,76.61666666666666,0.191860465116279,0.6459143968871596
kas-hafkamp,HYROX PRO DOUBLES MEN,25-29,,Utrecht,2025,4.433333333333334,3.966666666666667,4.65,4.0,5.366666666666666,6.783333333333333,5.666666666666667,3.1666666666666665,5.566666666666666,4.65,5.2,1.9333333333333331,5.233333333333333,3.7,4.25,5.25,4.316666666666666,40.36666666666667,33.45,78.13333333333333,0.25000000000000006,0.5896805896805897
klaas-jan-haijtema,HYROX PRO DOUBLES MEN,25-29,,Utrecht,2025,5.05,4.183333333333334,5.533333333333333,1.8666666666666667,5.983333333333333,3.816666666666667,6.1,3.033333333333333,6.116666666666666,4.566666666666666,6.083333333333333,2.0,5.966666666666667,3.15,4.816666666666666,5.15,5.716666666666667,45.650000000000006,27.766666666666666,79.13333333333335,0.21253405994550406,0.4890829694323144
jeff-hendriks,HYROX PRO DOUBLES MEN,40-44,,Utrecht,2025,4.633333333333334,3.95,4.933333333333334,3.7,5.7,4.95,5.8,3.35,6.366666666666666,4.5,6.033333333333333,2.3833333333333333,6.166666666666667,4.15,4.933333333333334,4.55,5.833333333333333,44.56666666666666,31.533333333333335,81.93333333333335,0.27225130890052346,0.7474747474747475
fisseha-de-wit,HYROX PRO DOUBLES MEN,25-29,,Utrecht,2025,4.55,3.783333333333333,5.1,2.6333333333333333,6.0,5.033333333333333,6.266666666666667,4.216666666666667,6.45,4.566666666666666,6.083333333333333,2.15,5.916666666666667,4.4,4.85,5.666666666666667,6.65,45.21666666666666,32.449999999999996,84.31666666666668,0.29457364341085274,0.5231788079470199
ron-arendsen,HYROX PRO DOUBLES MEN,55-59,,Utrecht,2025,5.466666666666667,4.45,5.766666666666667,3.2333333333333334,6.0,5.1,6.066666666666666,3.966666666666667,6.133333333333334,4.766666666666667,5.933333333333334,2.083333333333333,6.066666666666666,4.983333333333333,4.783333333333333,5.216666666666667,5.6,46.21666666666667,33.8,85.61666666666667,0.22010869565217397,0.6339869281045752
koen-van-der-pol,HYROX PRO DOUBLES MEN,35-39,,Utrecht,2025,5.0,4.05,5.383333333333334,2.816666666666667,6.3,6.133333333333334,6.55,3.2666666666666666,6.533333333333333,4.633333333333334,6.633333333333334,1.7,7.016666666666667,4.716666666666667,7.483333333333333,4.466666666666667,5.883333333333334,50.9,31.78333333333333,88.56666666666669,0.33184855233853006,0.4592391304347826
dylan-peperkamp,HYROX PRO DOUBLES MEN,25-29,,Utrecht,2025,5.266666666666667,4.166666666666667,5.7,2.966666666666667,6.633333333333334,5.766666666666667,6.883333333333334,2.333333333333333,8.016666666666667,4.733333333333333,7.3,2.2,6.783333333333333,5.033333333333333,7.083333333333333,6.416666666666667,7.083333333333333,53.666666666666664,33.61666666666667,94.36666666666666,0.3430353430353431,0.5144508670520231
