Name,Class,Age_Group,Nationality,Event,Year,Run_One,Ski_Erg,Run_Two,Sled_Push,Run_Three,Sled_Pull,Run_Four,BBJ,Run_Five,Row_Erg,Run_Six,Farmers_Carry,Run_Seven,Lunges,Run_Eight,Wall_Balls,Rox_zone,Total_Running_Time,Total_Workout_Time,Total_Race_Time,Running_Spread,Sled_Push_Pull_Ratio
rebecca-naether,HYROX PRO WOMEN,35-39,Germany,Amsterdam,2021,3.83333333333333,4.2,4.16666666666667,3.16666666666667,4.35,4.31666666666667,4.36666666666667,3.01666666666667,4.43333333333333,4.38333333333333,4.4,1.7,4.3,3.08333333333333,4.7,3.78333333333333,3.6,34.55,27.65,65.80000000000001,0.18439716312056814,0.7335907335907338
linda-meier,HYROX PRO WOMEN,25-29,Germany,Amsterdam,2021,3.68333333333333,4.33333333333333,3.95,2.85,4.3,6.48333333333333,4.26666666666667,3.33333333333333,4.25,4.65,4.15,1.51666666666667,4.26666666666667,3.06666666666667,4.83333333333333,3.3,3.83333333333333,33.7,29.53333333333333,67.06666666666666,0.23793103448275885,0.43958868894601566
corien-jansen,HYROX PRO WOMEN,35-39,Netherlands,Amsterdam,2021,3.83333333333333,4.61666666666667,4.26666666666667,2.5,4.58333333333333,5.51666666666667,4.58333333333333,5.51666666666667,4.71666666666667,4.46666666666667,4.83333333333333,1.61666666666667,4.51666666666667,4.45,4.95,5.36666666666667,5.33333333333333,36.283333333333324,34.05000000000002,75.66666666666667,0.2255892255892263,0.4531722054380662
sabrina-roethig,HYROX PRO WOMEN,30-34,Germany,Amsterdam,2021,3.93333333333333,4.68333333333333,4.13333333333333,4.38333333333333,4.35,5.6,4.48333333333333,4.9,4.38333333333333,4.83333333333333,4.45,1.9,4.98333333333333,4.51666666666667,3.23333333333333,9.08333333333333,1.93333333333333,33.949999999999974,39.89999999999999,75.7833333333333,0.3511705685618732,0.7827380952380947
angelique-chetaneau,HYROX PRO WOMEN,30-34,France,Amsterdam,2021,4.61666666666667,4.7,4.71666666666667,3.43333333333333,4.76666666666667,5.95,4.75,4.0,4.68333333333333,4.68333333333333,4.66666666666667,2.13333333333333,4.65,5.05,5.26666666666667,6.4,4.48333333333333,38.11666666666668,36.34999999999999,78.95000000000002,0.12341772151898733,0.5770308123249294
roos-van-sonsbeek,HYROX PRO WOMEN,35-39,Netherlands,Amsterdam,2021,4.45,4.46666666666667,5.16666666666667,2.76666666666667,5.65,5.28333333333333,5.65,4.25,5.78333333333333,4.75,5.63333333333333,2.38333333333333,5.65,4.31666666666667,6.25,3.88333333333333,5.2,44.233333333333334,32.1,81.53333333333332,0.288,0.5236593059936919
vicky-verreycken,HYROX PRO WOMEN,35-39,Belgium,Amsterdam,2021,4.63333333333333,4.46666666666667,4.95,3.38333333333333,5.76666666666667,5.1,5.51666666666667,3.81666666666667,5.8,4.63333333333333,5.73333333333333,1.96666666666667,5.9,3.81666666666667,6.63333333333333,4.26666666666667,6.86666666666667,44.93333333333333,31.450000000000006,83.25000000000001,0.30150753768844235,0.6633986928104569
anouk-garnier,HYROX PRO WOMEN,30-34,France,Amsterdam,2021,4.71666666666667,4.73333333333333,4.93333333333333,3.21666666666667,4.93333333333333,6.33333333333333,5.2,5.18333333333333,5.11666666666667,4.86666666666667,5.13333333333333,2.95,5.01666666666667,4.4,5.76666666666667,5.76666666666667,5.38333333333333,40.81666666666668,37.45,83.65,0.18208092485549118,0.5078947368421061
feike-welter,HYROX PRO WOMEN,30-34,Belgium,Amsterdam,2021,4.65,4.55,5.1,3.85,5.93333333333333,4.26666666666667,5.76666666666667,4.28333333333333,5.76666666666667,4.96666666666667,5.73333333333333,2.08333333333333,6.01666666666667,4.18333333333333,6.85,4.86666666666667,6.4,45.81666666666667,33.05,85.26666666666668,0.3211678832116787,0.9023437499999993
susanne-bruns,HYROX PRO WOMEN,30-34,Germany,Amsterdam,2021,4.55,4.68333333333333,5.06666666666667,3.25,5.18333333333333,5.78333333333333,5.38333333333333,5.46666666666667,5.46666666666667,4.96666666666667,5.45,2.36666666666667,5.45,5.86666666666667,6.51666666666667,5.36666666666667,6.68333333333333,43.06666666666667,37.75000000000001,87.50000000000003,0.3017902813299237,0.5619596541786747
hana-hasanbegovic,HYROX PRO WOMEN,25-29,Netherlands,Amsterdam,2021,4.73333333333333,4.95,4.71666666666667,3.13333333333333,5.2,6.36666666666667,5.16666666666667,7.75,5.25,5.48333333333333,5.1,3.0,4.66666666666667,5.1,5.51666666666667,6.43333333333333,6.06666666666667,40.350000000000016,42.21666666666666,88.63333333333333,0.1540785498489426,0.492146596858638
sandra-chetaneau,HYROX PRO WOMEN,40-44,France,Amsterdam,2021,4.63333333333333,5.2,5.08333333333333,6.1,4.58333333333333,6.31666666666667,4.65,5.1,4.7,4.86666666666667,4.73333333333333,3.06666666666667,4.68333333333333,6.48333333333333,5.48333333333333,8.3,4.8,38.549999999999976,45.43333333333334,88.78333333333332,0.1641337386018237,0.9656992084432712
charlot-timmers,HYROX PRO WOMEN,25-29,Netherlands,Amsterdam,2021,4.81666666666667,4.46666666666667,5.3,3.16666666666667,5.48333333333333,5.81666666666667,5.5,4.76666666666667,5.76666666666667,5.15,5.96666666666667,2.85,6.01666666666667,5.73333333333333,7.45,6.68333333333333,5.88333333333333,46.30000000000002,38.63333333333334,90.81666666666669,0.35346756152125236,0.544412607449857
ninka-antheunisse,HYROX PRO WOMEN,40-44,Netherlands,Amsterdam,2021,4.78333333333333,4.55,5.28333333333333,4.36666666666667,5.46666666666667,7.31666666666667,5.45,5.46666666666667,3.28333333333333,5.11666666666667,5.68333333333333,2.36666666666667,5.78333333333333,5.2,6.86666666666667,5.9,5.38333333333333,42.59999999999999,40.28333333333335,88.26666666666668,0.5218446601941754,0.5968109339407747
joyce-mank,HYROX PRO WOMEN,25-29,Netherlands,Amsterdam,2021,5.55,4.51666666666667,5.71666666666667,2.61666666666667,6.1,5.33333333333333,6.23333333333333,4.81666666666667,6.43333333333333,4.8,6.4,3.61666666666667,6.3,4.88333333333333,7.41666666666667,4.96666666666667,6.23333333333333,50.15,35.55000000000001,91.93333333333334,0.2516853932584273,0.49062500000000087
winnie-tiebe,HYROX PRO WOMEN,45-49,Germany,Amsterdam,2021,4.71666666666667,4.73333333333333,5.23333333333333,3.0,5.36666666666667,6.91666666666667,5.36666666666667,4.73333333333333,5.4,4.9,5.55,2.73333333333333,5.51666666666667,6.06666666666667,6.5,6.8,8.58333333333333,43.65000000000001,39.883333333333326,92.11666666666667,0.2743589743589738,0.43373493975903593
maartje-janssen,HYROX PRO WOMEN,25-29,Netherlands,Amsterdam,2021,5.2,4.81666666666667,5.6,2.78333333333333,6.31666666666667,7.3,6.28333333333333,5.03333333333333,6.23333333333333,4.98333333333333,6.26666666666667,2.61666666666667,6.26666666666667,6.05,7.96666666666667,7.78333333333333,5.56666666666667,50.13333333333334,41.36666666666666,97.06666666666669,0.34728033472803377,0.38127853881278495
yvonne-wight,HYROX PRO WOMEN,40-44,Netherlands,Amsterdam,2021,5.2,4.66666666666667,5.81666666666667,3.46666666666667,6.75,6.51666666666667,6.43333333333333,6.31666666666667,6.4,5.01666666666667,6.18333333333333,3.3,6.25,8.21666666666667,7.5,5.3,8.26666666666667,50.53333333333333,42.80000000000002,101.6,0.30666666666666664,0.5319693094629158
saskia-boonzajer-flaes,HYROX PRO WOMEN,35-39,Netherlands,Amsterdam,2021,5.25,4.7,5.26666666666667,5.0,7.71666666666667,7.58333333333333,6.71666666666667,6.1,6.61666666666667,5.38333333333333,6.11666666666667,2.31666666666667,6.65,4.81666666666667,7.55,7.56666666666667,6.55,51.88333333333335,43.466666666666676,101.89999999999999,0.31965442764578866,0.6593406593406596
maike-van-wezel,HYROX PRO WOMEN,35-39,Netherlands,Amsterdam,2021,5.25,5.01666666666667,5.35,4.15,5.65,6.93333333333333,6.0,10.5,6.51666666666667,5.76666666666667,5.98333333333333,3.33333333333333,5.91666666666667,9.41666666666667,7.6,5.9,8.93333333333333,48.26666666666667,51.01666666666667,108.21666666666667,0.30921052631578944,0.5985576923076926
sanne-van-zanten,HYROX PRO WOMEN,30-34,Netherlands,Amsterdam,2021,4.91666666666667,5.03333333333333,5.88333333333333,4.46666666666667,6.9,9.01666666666667,6.33333333333333,5.35,6.35,5.4,6.2,3.51666666666667,6.3,5.5,8.73333333333333,11.1,7.86666666666667,51.61666666666666,49.38333333333334,108.86666666666666,0.43702290076335826,0.4953789279112757
nayibe-statia,HYROX PRO WOMEN,35-39,Netherlands,Amsterdam,2021,4.98333333333333,5.8,8.11666666666667,5.36666666666667,6.25,9.63333333333333,6.01666666666667,10.5,6.16666666666667,5.88333333333333,6.31666666666667,4.53333333333333,6.08333333333333,7.7,8.36666666666667,15.45,8.91666666666667,52.30000000000001,64.86666666666666,126.08333333333334,0.4043824701195226,0.5570934256055369
alyssa-hawley,HYROX PRO WOMEN,30-34,United States,Angeles,2021,4.56666666666667,4.41666666666667,4.25,4.16666666666667,4.41666666666667,4.21666666666667,4.33333333333333,3.05,4.43333333333333,4.61666666666667,4.38333333333333,1.88333333333333,4.3,3.56666666666667,4.53333333333333,3.85,3.18333333333333,35.21666666666666,29.76666666666668,68.16666666666666,0.06934306569343134,0.9881422924901184
camilla-massa,HYROX PRO WOMEN,30-34,United States,Angeles,2021,4.91666666666667,4.63333333333333,4.26666666666667,4.0,4.88333333333333,4.5,4.9,4.0,5.03333333333333,4.71666666666667,5.08333333333333,2.38333333333333,5.2,3.86666666666667,5.4,4.08333333333333,2.91666666666667,39.68333333333333,32.18333333333333,74.78333333333333,0.20987654320987595,0.8888888888888888
timmie-brann,HYROX PRO WOMEN,40-44,United States,Angeles,2021,4.78333333333333,5.13333333333333,4.36666666666667,5.43333333333333,4.61666666666667,5.96666666666667,4.46666666666667,4.1,4.75,4.93333333333333,4.65,2.31666666666667,4.61666666666667,4.25,4.86666666666667,6.15,2.71666666666667,37.116666666666674,38.28333333333333,78.11666666666667,0.1027397260273972,0.9106145251396637
laura-escamillo,HYROX PRO WOMEN,40-44,United States,Angeles,2021,4.9,4.36666666666667,4.48333333333333,4.88333333333333,4.81666666666667,7.43333333333333,4.91666666666667,3.61666666666667,5.06666666666667,4.61666666666667,4.86666666666667,1.75,5.05,4.6,5.3,5.68333333333333,3.11666666666667,39.400000000000006,36.95,79.46666666666667,0.15408805031446604,0.6569506726457398
kaitlyn-lesnikoski,HYROX PRO WOMEN,30-34,United States,Angeles,2021,4.66666666666667,4.65,4.56666666666667,5.01666666666667,5.15,6.43333333333333,5.11666666666667,3.1,5.0,5.13333333333333,4.8,2.36666666666667,5.18333333333333,4.55,5.38333333333333,5.9,2.93333333333333,39.866666666666674,37.150000000000006,79.95000000000002,0.15170278637770787,0.7797927461139906
nichola-o-ceallaigh,HYROX PRO WOMEN,30-34,Canada,Angeles,2021,5.1,4.96666666666667,4.56666666666667,6.78333333333333,5.01666666666667,5.5,4.8,3.31666666666667,4.85,4.81666666666667,4.76666666666667,2.31666666666667,4.96666666666667,4.36666666666667,5.18333333333333,6.61666666666667,3.21666666666667,39.250000000000014,38.683333333333344,81.15000000000003,0.11897106109324639,1.2333333333333327
jenna-weiner,HYROX PRO WOMEN,25-29,United States,Angeles,2021,4.58333333333333,4.75,4.36666666666667,6.68333333333333,4.93333333333333,6.88333333333333,4.88333333333333,3.3,4.91666666666667,4.81666666666667,4.83333333333333,2.25,5.03333333333333,5.21666666666667,5.48333333333333,7.18333333333333,2.93333333333333,39.03333333333332,41.08333333333333,83.04999999999998,0.20364741641337278,0.9709443099273607
meghan-dewees,HYROX PRO WOMEN,35-39,United States,Angeles,2021,5.8,4.48333333333333,5.18333333333333,5.1,5.53333333333333,5.78333333333333,5.53333333333333,3.33333333333333,5.68333333333333,4.65,5.63333333333333,2.76666666666667,5.81666666666667,5.4,6.28333333333333,4.53333333333333,4.06666666666667,45.466666666666654,36.04999999999999,85.58333333333331,0.17506631299734754,0.8818443804034587
keyana-thompson-shaw,HYROX PRO WOMEN,30-34,United States,Angeles,2021,5.21666666666667,4.51666666666667,4.58333333333333,5.91666666666667,5.56666666666667,5.93333333333333,5.15,5.28333333333333,5.51666666666667,5.0,5.4,3.0,5.58333333333333,4.96666666666667,5.95,6.01666666666667,4.53333333333333,42.966666666666676,40.63333333333334,88.13333333333334,0.2296918767507008,0.9971910112359561
ariana-scalfo,HYROX PRO WOMEN,30-34,United States,Angeles,2021,5.5,4.76666666666667,5.18333333333333,4.5,5.58333333333333,5.83333333333333,5.61666666666667,5.1,5.88333333333333,4.73333333333333,5.93333333333333,3.13333333333333,5.63333333333333,4.98333333333333,6.31666666666667,8.08333333333333,5.76666666666667,45.64999999999999,41.13333333333332,92.54999999999998,0.179419525065964,0.7714285714285718
marissa-nickles,HYROX PRO WOMEN,25-29,United States,Angeles,2021,5.25,4.78333333333333,4.88333333333333,6.56666666666667,6.18333333333333,8.75,5.88333333333333,6.31666666666667,5.68333333333333,4.81666666666667,5.41666666666667,2.76666666666667,5.85,5.86666666666667,6.81666666666667,6.61666666666667,4.36666666666667,45.96666666666666,46.48333333333335,96.81666666666668,0.28361858190709127,0.7504761904761909
lauren-hatch,HYROX PRO WOMEN,40-44,United States,Angeles,2021,6.06666666666667,4.6,5.96666666666667,6.56666666666667,6.33333333333333,6.35,6.4,4.63333333333333,7.01666666666667,5.1,6.6,2.85,6.53333333333333,5.83333333333333,8.15,5.2,4.58333333333333,53.06666666666667,41.13333333333333,98.78333333333332,0.26789366053169694,1.0341207349081372
marissa-coy,HYROX PRO WOMEN,25-29,United States,Angeles,2021,5.95,4.9,5.7,5.98333333333333,6.13333333333333,8.83333333333333,6.31666666666667,7.1,6.43333333333333,5.43333333333333,8.45,3.6,6.43333333333333,6.71666666666667,7.31666666666667,7.73333333333333,4.91666666666667,52.733333333333334,50.29999999999999,107.94999999999999,0.32544378698224846,0.6773584905660376
andrea-howell,HYROX PRO WOMEN,35-39,United States,Angeles,2021,5.81666666666667,5.15,5.58333333333333,8.83333333333333,5.96666666666667,8.9,6.15,7.38333333333333,6.2,5.18333333333333,6.2,3.26666666666667,6.11666666666667,9.41666666666667,7.53333333333333,8.45,6.73333333333333,49.56666666666667,56.58333333333333,112.88333333333333,0.2588495575221239,0.9925093632958798
yesenia-gonzalez,HYROX PRO WOMEN,35-39,United States,Angeles,2021,6.28333333333333,4.7,6.4,6.13333333333333,7.35,10.2833333333333,7.16666666666667,7.86666666666667,7.4,5.43333333333333,7.15,3.53333333333333,7.55,10.4,8.01666666666667,8.6,4.63333333333333,57.31666666666666,56.94999999999996,118.89999999999995,0.21621621621621692,0.5964343598055122
roxie-suchicital,HYROX PRO WOMEN,40-44,United States,Angeles,2021,6.35,5.58333333333333,6.3,9.6,7.3,16.5,6.75,8.36666666666667,7.48333333333333,5.56666666666667,10.5166666666667,6.33333333333333,7.91666666666667,8.4,13.0,12.0666666666667,8.13333333333333,65.6166666666667,72.4166666666667,146.16666666666674,0.5153846153846154,0.5818181818181818
jasmine-wilkerson,HYROX PRO WOMEN,35-39,United States,Angeles,2021,6.76666666666667,5.46666666666667,5.08333333333333,7.6,5.63333333333333,12.4333333333333,8.88333333333333,9.31666666666667,12.7,6.2,9.25,3.06666666666667,9.23333333333333,11.8833333333333,12.1,10.6666666666667,12.3,69.64999999999999,66.63333333333331,148.58333333333331,0.5997375328083991,0.6112600536193046
haley-brogan,HYROX PRO WOMEN,25-29,United States,Angeles,2022,3.96666666666667,4.81666666666667,4.75,5.78333333333333,5.05,5.38333333333333,5.1,4.96666666666667,5.21666666666667,4.85,5.01666666666667,2.23333333333333,5.03333333333333,3.78333333333333,5.35,4.41666666666667,4.28333333333333,39.483333333333334,36.233333333333334,80.0,0.2585669781931458,1.0743034055727554
maggie-kelly,HYROX PRO WOMEN,25-29,United States,Angeles,2022,4.36666666666667,4.35,5.16666666666667,5.75,5.35,6.75,5.41666666666667,3.46666666666667,5.13333333333333,4.6,5.18333333333333,1.98333333333333,5.18333333333333,3.25,5.33333333333333,5.06666666666667,3.95,41.133333333333326,35.21666666666667,80.3,0.1938461538461537,0.8518518518518519
kaitlyn-lesnikoski,HYROX PRO WOMEN,30-34,United States,Angeles,2022,3.98333333333333,4.95,4.96666666666667,5.63333333333333,5.51666666666667,7.8,5.73333333333333,4.45,5.75,5.11666666666667,5.86666666666667,2.91666666666667,6.0,5.15,6.35,6.31666666666667,4.13333333333333,44.16666666666667,42.33333333333334,90.63333333333335,0.37270341207349134,0.7222222222222219
breezie-jordan,HYROX PRO WOMEN,35-39,United States,Angeles,2022,4.01666666666667,4.58333333333333,4.9,7.58333333333333,5.4,9.63333333333333,6.66666666666667,3.36666666666667,5.41666666666667,5.13333333333333,5.45,3.16666666666667,5.58333333333333,4.76666666666667,5.88333333333333,6.08333333333333,5.35,43.31666666666668,44.31666666666666,92.98333333333332,0.39749999999999974,0.7871972318339101
maria-anaya,HYROX PRO WOMEN,35-39,Germany,Angeles,2022,4.13333333333333,5.15,4.95,7.9,5.81666666666667,9.73333333333333,5.58333333333333,3.46666666666667,5.8,5.45,5.85,2.53333333333333,6.13333333333333,4.7,6.5,5.21666666666667,4.78333333333333,44.766666666666666,44.15,93.7,0.3641025641025646,0.8116438356164386
chrish-newell,HYROX PRO WOMEN,25-29,United States,Angeles,2022,3.9,4.78333333333333,5.23333333333333,9.21666666666667,5.25,8.0,5.5,4.75,5.78333333333333,5.2,5.85,2.56666666666667,6.0,6.5,4.98333333333333,6.11666666666667,4.75,42.499999999999986,47.13333333333333,94.38333333333333,0.35000000000000003,1.1520833333333338
cora-volkoff,HYROX PRO WOMEN,40-44,United States,Angeles,2022,4.36666666666667,4.68333333333333,5.35,6.51666666666667,6.18333333333333,7.45,6.33333333333333,4.65,6.43333333333333,5.01666666666667,6.38333333333333,2.01666666666667,6.31666666666667,4.78333333333333,5.43333333333333,6.81666666666667,7.4,46.79999999999999,41.93333333333334,96.13333333333333,0.3212435233160613,0.8747203579418349
alexandra-chretien,HYROX PRO WOMEN,40-44,United States,Angeles,2022,5.1,4.61666666666667,5.73333333333333,8.4,5.93333333333333,8.35,6.05,4.68333333333333,6.06666666666667,4.93333333333333,6.01666666666667,3.01666666666667,6.08333333333333,4.45,6.33333333333333,5.55,5.91666666666667,47.316666666666656,44.0,97.23333333333332,0.19473684210526285,1.005988023952096
casey-shalkowski,HYROX PRO WOMEN,25-29,United States,Angeles,2022,5.03333333333333,5.08333333333333,4.91666666666667,6.65,5.45,8.21666666666667,6.58333333333333,5.25,5.73333333333333,5.36666666666667,5.88333333333333,3.38333333333333,6.03333333333333,6.58333333333333,6.63333333333333,8.06666666666667,4.95,46.26666666666665,48.6,99.81666666666665,0.2587939698492454,0.8093306288032451
marika-carradine,HYROX PRO WOMEN,30-34,United States,Angeles,2022,4.2,4.81666666666667,5.16666666666667,7.66666666666667,6.08333333333333,10.1333333333333,6.3,4.41666666666667,6.26666666666667,5.01666666666667,6.51666666666667,3.56666666666667,6.48333333333333,5.61666666666667,6.98333333333333,5.48333333333333,5.2,47.99999999999999,46.71666666666665,99.91666666666666,0.39856801909307843,0.7565789473684238
nicole-martinez,HYROX PRO WOMEN,35-39,United States,Angeles,2022,4.4,4.96666666666667,5.26666666666667,8.7,6.11666666666667,10.0666666666667,6.1,4.65,7.91666666666667,5.38333333333333,5.9,3.03333333333333,9.71666666666667,4.7,5.15,5.26666666666667,1.01666666666667,50.56666666666668,46.76666666666671,98.35000000000005,0.5471698113207548,0.8642384105960236
paola-rosa,HYROX PRO WOMEN,25-29,Puerto Rico,Angeles,2022,4.21666666666667,4.78333333333333,5.75,9.28333333333333,6.71666666666667,11.2,6.55,5.08333333333333,6.38333333333333,5.25,6.43333333333333,2.45,6.38333333333333,4.9,7.0,8.96666666666667,6.93333333333333,49.43333333333333,51.91666666666666,108.28333333333333,0.3976190476190471,0.8288690476190473
baylor-baugh,HYROX PRO WOMEN,25-29,United States,Angeles,2022,4.8,5.25,5.71666666666667,8.03333333333333,6.76666666666667,10.3,6.23333333333333,5.8,6.68333333333333,5.03333333333333,6.56666666666667,4.71666666666667,6.85,6.33333333333333,6.63333333333333,6.4,7.48333333333333,50.25,51.86666666666665,109.6,0.2992700729927007,0.7799352750809058
chloe-melikian,HYROX PRO WOMEN,40-44,United States,Angeles,2022,3.9,4.66666666666667,4.73333333333333,10.1833333333333,5.16666666666667,12.9333333333333,5.46666666666667,5.08333333333333,5.96666666666667,5.66666666666667,5.88333333333333,2.46666666666667,6.08333333333333,5.68333333333333,6.68333333333333,7.2,12.5833333333333,43.88333333333333,53.88333333333327,110.34999999999991,0.41645885286783013,0.787371134020618
taylor-gomez,HYROX PRO WOMEN,25-29,United States,Angeles,2022,5.35,4.66666666666667,6.03333333333333,10.1166666666667,6.63333333333333,8.83333333333333,7.05,5.21666666666667,7.06666666666667,4.95,7.0,2.93333333333333,6.95,4.98333333333333,5.95,6.33333333333333,13.8166666666667,52.03333333333333,48.03333333333336,113.8833333333334,0.2429245283018872,1.1452830188679286
nuria-hernandez,HYROX PRO WOMEN,30-34,United States,Angeles,2022,5.35,4.65,6.03333333333333,10.15,6.63333333333333,10.4166666666667,7.03333333333333,7.46666666666667,7.08333333333333,5.66666666666667,7.0,3.2,6.93333333333333,6.86666666666667,5.91666666666667,6.33333333333333,7.13333333333333,51.98333333333332,54.75000000000004,113.86666666666669,0.2447058823529409,0.9743999999999969
colleen-ormond,HYROX PRO WOMEN,35-39,United States,Angeles,2022,4.9,5.5,6.35,7.46666666666667,7.4,9.23333333333333,9.55,9.58333333333333,8.13333333333333,6.48333333333333,7.73333333333333,4.26666666666667,7.85,6.13333333333333,6.45,5.38333333333333,7.25,58.36666666666666,54.05,119.66666666666664,0.4869109947643979,0.8086642599277984
olivia-miller,HYROX PRO WOMEN,16-24,United States,Angeles,2022,5.13333333333333,5.16666666666667,6.73333333333333,9.73333333333333,6.9,11.1833333333333,7.5,5.98333333333333,7.08333333333333,5.91666666666667,7.71666666666667,5.3,9.0,7.13333333333333,7.11666666666667,9.5,8.83333333333333,57.18333333333332,59.91666666666663,125.93333333333328,0.42962962962962997,0.8703427719821186
megan-jacoby,HYROX PRO WOMEN,35-39,United States,Athens,2026,4.0,4.25,3.333333333333333,2.65,3.45,3.1666666666666665,3.45,2.933333333333333,3.4166666666666665,4.25,3.5,1.5333333333333334,3.5166666666666666,2.833333333333333,3.65,3.25,4.383333333333334,28.316666666666666,24.866666666666667,57.566666666666656,0.16666666666666674,0.8368421052631579
evelina-pinta,HYROX PRO WOMEN,16-24,Latvia,Athens,2026,4.45,4.433333333333334,3.8666666666666663,2.95,3.983333333333333,3.933333333333333,4.05,3.3666666666666667,4.033333333333333,4.533333333333333,4.033333333333333,1.8833333333333333,4.05,3.95,4.0,3.2666666666666666,4.966666666666667,32.46666666666667,28.316666666666666,65.75,0.1310861423220975,0.7500000000000001
emma-meecham-jones,HYROX PRO WOMEN,25-29,United Kingdom,Athens,2026,4.416666666666667,4.65,4.05,2.783333333333333,4.316666666666666,4.283333333333333,4.25,3.716666666666667,4.4,4.883333333333334,4.333333333333333,1.9833333333333332,4.45,3.6166666666666663,4.35,4.016666666666667,5.583333333333333,34.56666666666666,29.933333333333334,70.08333333333333,0.08988764044943828,0.6498054474708171
camilla-contesso,HYROX PRO WOMEN,35-39,Italy,Athens,2026,4.283333333333333,4.566666666666666,3.683333333333333,4.066666666666666,3.933333333333333,5.916666666666667,4.133333333333334,4.316666666666666,4.05,4.816666666666666,4.033333333333333,2.1666666666666665,4.05,4.766666666666667,4.033333333333333,4.416666666666667,5.15,32.2,35.03333333333333,72.38333333333333,0.14007782101167318,0.6873239436619718
katrin-ekberg,HYROX PRO WOMEN,40-44,Germany,Athens,2026,4.816666666666666,4.833333333333333,4.1,3.883333333333333,4.283333333333333,5.433333333333334,4.216666666666667,4.483333333333333,4.166666666666667,5.333333333333333,4.116666666666666,2.816666666666667,4.133333333333334,4.55,4.183333333333334,5.433333333333334,6.133333333333334,34.016666666666666,36.766666666666666,76.91666666666669,0.14878892733564017,0.714723926380368
vanessa-clenin,HYROX PRO WOMEN,45-49,Switzerland,Athens,2026,5.366666666666666,4.733333333333333,4.533333333333333,3.283333333333333,4.716666666666667,4.783333333333333,4.65,4.583333333333333,4.8,4.933333333333334,4.733333333333333,2.75,4.666666666666667,5.516666666666667,5.033333333333333,6.666666666666667,7.1,38.5,37.25,82.85,0.15527950310559002,0.686411149825784
simona-capannelli,HYROX PRO WOMEN,30-34,Italy,Athens,2026,5.4,4.95,4.866666666666666,3.9166666666666665,5.416666666666667,6.666666666666667,5.366666666666666,4.8,5.1,4.883333333333334,4.866666666666666,2.683333333333333,4.8,5.133333333333334,5.083333333333333,4.85,7.783333333333333,40.9,37.88333333333334,86.56666666666666,0.11384615384615393,0.5874999999999999
fran-winter,HYROX PRO WOMEN,45-49,United Kingdom,Athens,2026,5.65,5.2,4.866666666666666,4.3,5.166666666666667,6.55,5.066666666666666,6.25,5.05,5.416666666666667,5.1,3.283333333333333,5.233333333333333,5.266666666666667,5.35,6.583333333333333,6.45,41.483333333333334,42.85,90.78333333333333,0.1386430678466078,0.6564885496183206
elena-pegoraro,HYROX PRO WOMEN,25-29,Italy,Athens,2026,5.633333333333334,4.616666666666666,5.1,5.483333333333333,5.4,7.65,5.816666666666666,6.616666666666666,5.583333333333333,5.15,5.583333333333333,3.6166666666666663,5.566666666666666,3.4833333333333334,6.0,7.916666666666667,12.066666666666666,44.68333333333334,44.53333333333333,101.28333333333333,0.15000000000000005,0.7167755991285403
tiziana-tascio,HYROX PRO WOMEN,55-59,Italy,Athens,2026,7.033333333333333,5.766666666666667,6.066666666666666,7.4,6.383333333333334,10.716666666666669,6.516666666666667,9.5,6.866666666666666,5.75,6.633333333333334,4.85,6.716666666666667,8.85,7.666666666666667,14.983333333333333,16.35,53.88333333333333,67.81666666666668,138.04999999999998,0.20869565217391312,0.6905132192846033
cali-schweikhart,HYROX PRO WOMEN,16-24,United States,Austin,2021,4.5,4.6,4.1,3.48333333333333,4.38333333333333,4.88333333333333,4.58333333333333,4.83333333333333,4.6,4.8,4.48333333333333,2.01666666666667,4.51666666666667,4.4,5.08333333333333,6.6,3.51666666666667,36.24999999999999,35.61666666666666,75.38333333333331,0.19344262295081927,0.7133105802047779
vivian-tafuto,HYROX PRO WOMEN,16-24,United States,Austin,2021,4.41666666666667,4.45,4.05,4.1,4.36666666666667,4.55,4.51666666666667,3.91666666666667,4.56666666666667,4.6,4.51666666666667,2.06666666666667,4.81666666666667,5.38333333333333,5.83333333333333,6.28333333333333,3.66666666666667,37.08333333333335,35.35,76.10000000000002,0.3057142857142854,0.901098901098901
kaitlyn-lesnikoski,HYROX PRO WOMEN,30-34,United States,Austin,2021,4.58333333333333,4.85,4.56666666666667,5.01666666666667,5.26666666666667,5.68333333333333,5.25,2.63333333333333,5.06666666666667,5.08333333333333,4.85,1.9,4.96666666666667,3.95,5.51666666666667,4.68333333333333,3.93333333333333,40.066666666666684,33.79999999999998,77.80000000000001,0.17220543806646518,0.8826979472140773
kelly-sullivan,HYROX PRO WOMEN,30-34,United States,Austin,2021,4.48333333333333,4.75,4.3,5.53333333333333,4.46666666666667,6.06666666666667,4.55,3.48333333333333,4.7,4.91666666666667,4.56666666666667,2.63333333333333,4.66666666666667,5.76666666666667,5.3,4.93333333333333,4.2,37.03333333333334,38.08333333333333,79.31666666666668,0.18867924528301888,0.912087912087911
faith-cooke,HYROX PRO WOMEN,30-34,United States,Austin,2021,5.01666666666667,4.35,4.58333333333333,3.88333333333333,5.21666666666667,4.4,5.25,4.75,5.31666666666667,4.5,5.1,2.16666666666667,5.38333333333333,4.61666666666667,6.13333333333333,4.43333333333333,4.61666666666667,42.00000000000001,33.10000000000001,79.7166666666667,0.25271739130434795,0.8825757575757568
morgan-schulz,HYROX PRO WOMEN,16-24,United States,Austin,2021,4.43333333333333,4.56666666666667,3.98333333333333,4.9,4.58333333333333,5.41666666666667,4.73333333333333,4.53333333333333,4.78333333333333,4.85,4.56666666666667,2.56666666666667,4.6,5.11666666666667,5.31666666666667,7.83333333333333,4.91666666666667,36.99999999999999,39.783333333333346,81.7,0.25078369905956227,0.9046153846153842
mallory-kucko,HYROX PRO WOMEN,30-34,United States,Austin,2021,5.0,4.4,4.7,5.45,5.48333333333333,5.2,5.3,3.26666666666667,5.45,4.9,5.25,2.16666666666667,5.45,5.11666666666667,6.03333333333333,6.05,4.63333333333333,42.666666666666664,36.55000000000001,83.85000000000001,0.22099447513812104,1.0480769230769231
camilla-massa,HYROX PRO WOMEN,30-34,United States,Austin,2021,4.61666666666667,4.75,4.23333333333333,7.93333333333333,4.66666666666667,4.86666666666667,4.83333333333333,4.23333333333333,4.86666666666667,4.96666666666667,4.8,2.08333333333333,3.41666666666667,5.23333333333333,6.93333333333333,5.31666666666667,6.98333333333333,38.366666666666674,39.383333333333326,84.73333333333333,0.5072115384615378,1.6301369863013682
raelynn-batdorff,HYROX PRO WOMEN,40-44,United States,Austin,2021,5.71666666666667,4.35,5.36666666666667,4.4,6.18333333333333,5.4,5.71666666666667,4.26666666666667,5.83333333333333,4.71666666666667,5.8,1.8,5.9,5.06666666666667,6.25,4.93333333333333,4.9,46.766666666666666,34.93333333333334,86.60000000000002,0.14133333333333284,0.8148148148148149
alicia-kueker,HYROX PRO WOMEN,30-34,United States,Austin,2021,4.56666666666667,4.7,4.71666666666667,8.01666666666667,5.05,7.36666666666667,5.03333333333333,3.45,5.33333333333333,5.0,4.95,2.05,5.36666666666667,5.51666666666667,5.45,5.9,4.61666666666667,40.46666666666667,42.00000000000001,87.08333333333334,0.16207951070336332,1.088235294117647
erika-elko,HYROX PRO WOMEN,30-34,United States,Austin,2021,4.71666666666667,4.9,4.33333333333333,10.65,4.93333333333333,7.73333333333333,5.03333333333333,4.35,5.46666666666667,5.21666666666667,5.21666666666667,2.56666666666667,5.23333333333333,5.4,6.1,4.66666666666667,4.9,41.033333333333324,45.48333333333334,91.41666666666667,0.28961748633879825,1.3771551724137938
abigail-arguelles,HYROX PRO WOMEN,25-29,United States,Austin,2021,5.8,5.13333333333333,7.1,4.3,6.7,7.26666666666667,6.28333333333333,5.86666666666667,6.91666666666667,5.51666666666667,5.8,2.81666666666667,5.95,6.81666666666667,6.96666666666667,8.65,7.5,51.516666666666666,46.36666666666668,105.38333333333335,0.18309859154929575,0.5917431192660547
jamie-peterson,HYROX PRO WOMEN,40-44,United States,Austin,2021,5.68333333333333,5.46666666666667,5.21666666666667,8.43333333333333,5.71666666666667,8.63333333333333,5.43333333333333,6.21666666666667,5.53333333333333,5.85,5.33333333333333,4.28333333333333,5.3,5.06666666666667,6.55,8.3,8.96666666666667,44.76666666666665,52.25,105.9833333333333,0.20356234096692052,0.9768339768339769
marilyn-hopkins,HYROX PRO WOMEN,30-34,United States,Austin,2021,6.16666666666667,4.9,6.11666666666667,5.68333333333333,6.8,7.06666666666667,7.98333333333333,5.56666666666667,7.85,5.88333333333333,7.68333333333333,2.45,7.21666666666667,5.23333333333333,10.7666666666667,6.18333333333333,6.46666666666667,60.58333333333337,42.966666666666654,110.01666666666671,0.4318885448916423,0.8042452830188671
sara-wilhelmi,HYROX PRO WOMEN,40-44,United States,Austin,2021,8.2,5.15,6.65,6.75,9.66666666666667,7.28333333333333,7.46666666666667,5.13333333333333,8.13333333333333,5.78333333333333,7.36666666666667,2.98333333333333,7.16666666666667,6.85,8.48333333333333,5.91666666666667,11.1,63.13333333333334,45.84999999999999,120.08333333333333,0.31206896551724156,0.9267734553775748
olga-fomina,HYROX PRO WOMEN,30-34,United States,Austin,2021,5.26666666666667,5.61666666666667,6.86666666666667,13.35,5.6,11.6666666666667,6.51666666666667,4.85,6.36666666666667,6.03333333333333,5.96666666666667,3.06666666666667,5.93333333333333,6.56666666666667,8.48333333333333,14.6833333333333,9.66666666666667,51.000000000000014,65.83333333333334,126.5,0.37917485265225875,1.144285714285711
rae-ann-locicero,HYROX PRO WOMEN,55-59,United States,Austin,2021,5.75,4.95,7.1,11.2,7.75,15.2333333333333,7.98333333333333,7.43333333333333,8.2,5.56666666666667,6.28333333333333,3.45,6.16666666666667,7.11666666666667,5.35,12.9166666666667,7.06666666666667,54.583333333333336,67.86666666666667,129.51666666666668,0.3475609756097561,0.7352297592997827
sara-gandola,HYROX PRO WOMEN,25-29,Italy,Beijing,2025,3.566666666666667,4.35,3.683333333333333,3.633333333333333,3.85,4.516666666666667,3.9,3.15,3.883333333333333,4.616666666666666,3.8333333333333335,1.75,3.933333333333333,3.85,4.05,4.216666666666667,4.616666666666666,30.7,30.083333333333336,65.39999999999999,0.11934156378600815,0.8044280442804427
yvonne-elizabeth-chee,HYROX PRO WOMEN,45-49,Singapore,Beijing,2025,4.133333333333334,5.133333333333334,4.116666666666666,4.9,4.383333333333334,5.366666666666666,4.433333333333334,5.1,4.5,5.333333333333333,4.55,2.833333333333333,4.533333333333333,5.5,4.966666666666667,6.1,5.633333333333334,35.61666666666667,40.266666666666666,81.51666666666667,0.17114093959731555,0.9130434782608697
bao-qin-yu,HYROX PRO WOMEN,45-49,China,Beijing,2025,4.516666666666667,4.8,4.583333333333333,5.816666666666666,4.733333333333333,5.633333333333334,4.95,6.5,4.816666666666666,4.866666666666666,4.966666666666667,2.683333333333333,4.616666666666666,4.566666666666666,5.133333333333334,6.9,6.75,38.31666666666666,41.766666666666666,86.83333333333333,0.12012987012987021,1.0325443786982247
kylie-spiller,HYROX PRO WOMEN,45-49,Australia,Beijing,2025,4.416666666666667,4.966666666666667,4.716666666666667,5.0,5.0,6.766666666666667,5.05,7.016666666666667,5.1,5.333333333333333,5.166666666666667,2.85,5.15,6.033333333333333,5.666666666666667,7.2,7.883333333333334,40.266666666666666,45.16666666666667,93.31666666666666,0.22058823529411764,0.7389162561576355
sha-chang,HYROX PRO WOMEN,40-44,China,Beijing,2025,5.033333333333333,5.133333333333334,5.25,5.15,5.683333333333334,7.583333333333333,6.016666666666667,5.816666666666666,6.333333333333333,5.283333333333333,6.166666666666667,3.1333333333333333,6.533333333333333,6.533333333333333,7.216666666666667,6.033333333333333,7.983333333333333,48.233333333333334,44.666666666666664,100.88333333333333,0.302540415704388,0.6791208791208792
neha-banu,HYROX PRO WOMEN,25-29,Nepal,Beijing,2025,5.816666666666666,5.466666666666667,5.75,5.233333333333333,6.533333333333333,6.9,6.25,5.033333333333333,6.533333333333333,5.733333333333333,6.3,2.95,6.633333333333334,7.166666666666667,7.683333333333334,5.983333333333333,9.316666666666666,51.5,44.46666666666667,105.28333333333335,0.25162689804772237,0.7584541062801932
long-ga-wa-su,HYROX PRO WOMEN,35-39,China,Beijing,2025,4.283333333333333,6.216666666666667,4.9,6.2,5.083333333333333,11.416666666666666,5.2,7.15,5.683333333333334,5.733333333333333,5.316666666666666,4.966666666666667,5.683333333333334,8.9,7.116666666666666,13.0,7.433333333333334,43.266666666666666,63.583333333333336,114.28333333333336,0.3981264637002342,0.543065693430657
noura-toufik,HYROX PRO WOMEN,40-44,Morocco,Beijing,2025,5.6,5.933333333333334,6.433333333333334,5.683333333333334,6.933333333333334,8.65,6.766666666666667,9.483333333333333,7.1,6.1,7.183333333333334,4.05,7.45,7.933333333333334,9.416666666666666,13.016666666666667,14.066666666666666,56.88333333333333,60.849999999999994,131.8,0.40530973451327434,0.6570327552986512
nadine-wakefield,HYROX PRO WOMEN,35-39,United Kingdom,Bengaluru,2026,4.416666666666667,4.583333333333333,4.583333333333333,3.066666666666667,4.716666666666667,4.733333333333333,4.766666666666667,5.3,4.933333333333334,4.733333333333333,4.816666666666666,2.816666666666667,4.933333333333334,4.2,4.95,4.566666666666666,5.033333333333333,38.116666666666674,34.0,77.15,0.10774410774410771,0.647887323943662
sharlene-sonia,HYROX PRO WOMEN,16-24,Malaysia,Bengaluru,2026,5.1,5.3,5.35,5.25,5.316666666666666,8.233333333333333,5.033333333333333,4.533333333333333,5.333333333333333,5.833333333333333,5.283333333333333,5.083333333333333,5.483333333333333,6.8,5.716666666666667,8.366666666666667,5.716666666666667,42.61666666666667,49.39999999999999,97.73333333333332,0.11953352769679304,0.6376518218623483
dhriti-nimla,HYROX PRO WOMEN,25-29,India,Bengaluru,2026,6.7,5.783333333333333,6.316666666666666,5.766666666666667,6.95,6.616666666666666,6.683333333333334,6.066666666666666,6.866666666666666,5.3,6.6,3.6166666666666663,6.816666666666666,5.933333333333334,7.416666666666667,7.35,9.266666666666667,54.35,46.43333333333333,110.04999999999998,0.1483146067415731,0.8715365239294711
shanthi-krishnan,HYROX PRO WOMEN,45-49,India,Bengaluru,2026,5.6,5.816666666666666,5.216666666666667,8.05,5.383333333333334,11.35,5.5,7.1,5.666666666666667,6.3,5.6,4.066666666666666,5.833333333333333,7.966666666666667,6.45,15.866666666666667,8.516666666666667,45.25000000000001,66.51666666666668,120.28333333333332,0.19121447028423774,0.709251101321586
devika-sahajwani,HYROX PRO WOMEN,40-44,India,Bengaluru,2026,6.7,5.766666666666667,6.466666666666667,7.483333333333333,6.616666666666666,9.866666666666667,6.683333333333334,8.483333333333333,10.166666666666666,5.733333333333333,6.7,5.516666666666667,7.8,11.966666666666669,10.133333333333333,15.2,8.65,61.266666666666666,70.01666666666667,139.93333333333334,0.36393442622950817,0.7584459459459459
beenu-angurala,HYROX PRO WOMEN,45-49,India,Bengaluru,2026,5.65,6.45,6.5,9.216666666666669,6.466666666666667,11.5,6.7,13.616666666666667,7.25,6.383333333333334,7.9,5.366666666666666,7.5,14.7,12.633333333333333,12.766666666666667,12.733333333333333,60.599999999999994,80.0,153.33333333333331,0.5527704485488126,0.801449275362319
mansi-parmar,HYROX PRO WOMEN,40-44,India,Bengaluru,2026,9.433333333333334,6.3,9.283333333333331,8.483333333333333,9.583333333333334,16.216666666666665,10.383333333333333,12.416666666666666,10.133333333333333,6.95,10.116666666666667,6.083333333333333,9.733333333333333,13.733333333333333,15.416666666666666,15.616666666666667,16.083333333333332,84.08333333333333,85.80000000000001,185.96666666666667,0.39783783783783794,0.5231243576567317
beatrice-ardelt,HYROX PRO WOMEN,16-24,Germany,Berlin,2021,3.71666666666667,4.61666666666667,4.13333333333333,3.45,4.65,5.53333333333333,4.65,3.6,4.43333333333333,4.86666666666667,4.36666666666667,2.21666666666667,4.5,3.6,4.9,4.71666666666667,3.71666666666667,35.35,32.60000000000001,71.66666666666669,0.2414965986394552,0.6234939759036149
sabrina-roethig,HYROX PRO WOMEN,30-34,Germany,Berlin,2021,3.96666666666667,4.68333333333333,4.28333333333333,3.73333333333333,4.48333333333333,4.45,4.56666666666667,4.1,4.65,4.81666666666667,4.53333333333333,2.15,4.58333333333333,4.11666666666667,4.91666666666667,4.6,4.46666666666667,35.983333333333334,32.65,73.1,0.1932203389830507,0.8389513108614224
caroline-mueller-korn,HYROX PRO WOMEN,25-29,Germany,Berlin,2021,4.31666666666667,4.61666666666667,4.56666666666667,3.03333333333333,4.98333333333333,5.53333333333333,4.96666666666667,3.08333333333333,4.95,4.56666666666667,4.75,2.15,4.71666666666667,3.73333333333333,5.58333333333333,3.86666666666667,4.08333333333333,38.83333333333334,30.58333333333333,73.5,0.22686567164179003,0.5481927710843372
friederike-brose,HYROX PRO WOMEN,35-39,Germany,Berlin,2021,4.03333333333333,4.45,4.6,2.95,4.85,5.2,5.05,3.65,5.01666666666667,4.53333333333333,5.01666666666667,1.8,5.0,4.23333333333333,5.68333333333333,4.8,3.93333333333333,39.24999999999999,31.616666666666664,74.79999999999998,0.29032258064516153,0.5673076923076923
janine-kulke,HYROX PRO WOMEN,25-29,Germany,Berlin,2021,4.01666666666667,4.3,4.53333333333333,2.98333333333333,4.96666666666667,6.23333333333333,4.9,4.18333333333333,4.86666666666667,4.96666666666667,5.13333333333333,2.36666666666667,4.95,3.9,5.31666666666667,4.85,5.08333333333333,38.683333333333344,33.783333333333324,77.54999999999998,0.2445141065830719,0.4786096256684489
franziska-lechner,HYROX PRO WOMEN,45-49,Germany,Berlin,2021,4.55,4.8,5.11666666666667,4.21666666666667,5.28333333333333,5.98333333333333,5.26666666666667,3.8,5.41666666666667,5.06666666666667,5.4,2.61666666666667,5.51666666666667,4.75,6.01666666666667,6.8,5.2,42.566666666666684,38.03333333333334,85.80000000000001,0.24376731301939106,0.7047353760445693
anita-regenkiewicz,HYROX PRO WOMEN,25-29,Germany,Berlin,2021,3.81666666666667,4.83333333333333,4.75,4.36666666666667,5.45,7.0,5.3,5.45,5.25,5.01666666666667,5.25,2.5,5.35,4.86666666666667,5.93333333333333,6.95,4.75,41.1,40.98333333333334,86.83333333333334,0.35674157303370696,0.6238095238095243
caroline-opitz,HYROX PRO WOMEN,25-29,Germany,Berlin,2021,4.38333333333333,4.71666666666667,5.13333333333333,4.55,5.95,7.13333333333333,5.63333333333333,4.4,5.41666666666667,4.78333333333333,5.41666666666667,2.98333333333333,5.6,4.23333333333333,6.16666666666667,4.76666666666667,6.93333333333333,43.7,37.56666666666666,88.19999999999999,0.28918918918919007,0.6378504672897198
daniela-leyckes-debre,HYROX PRO WOMEN,40-44,Germany,Berlin,2021,4.33333333333333,4.85,5.11666666666667,3.86666666666667,5.36666666666667,5.85,5.73333333333333,4.75,5.63333333333333,5.15,5.63333333333333,2.45,5.7,6.23333333333333,6.31666666666667,6.36666666666667,5.06666666666667,43.83333333333333,39.516666666666666,88.41666666666669,0.3139841688654362,0.6609686609686616
miia-klaerich,HYROX PRO WOMEN,30-34,Finland,Berlin,2021,4.11666666666667,4.48333333333333,5.18333333333333,3.85,5.88333333333333,7.58333333333333,5.58333333333333,3.36666666666667,5.65,4.93333333333333,5.8,2.36666666666667,6.13333333333333,6.48333333333333,6.28333333333333,6.5,5.33333333333333,44.63333333333332,39.56666666666666,89.5333333333333,0.3448275862068957,0.5076923076923079
julia-rothkegel,HYROX PRO WOMEN,30-34,Germany,Berlin,2021,4.6,5.2,5.23333333333333,3.83333333333333,5.83333333333333,7.26666666666667,5.95,4.76666666666667,5.98333333333333,5.25,5.91666666666667,3.2,6.05,5.48333333333333,6.7,6.93333333333333,5.9,46.26666666666666,41.93333333333333,94.1,0.3134328358208956,0.5275229357798158
julia-zielasko,HYROX PRO WOMEN,35-39,Germany,Berlin,2021,5.01666666666667,5.26666666666667,5.8,5.43333333333333,6.26666666666667,10.9833333333333,6.35,4.51666666666667,6.08333333333333,5.08333333333333,5.9,3.15,6.1,3.76666666666667,7.41666666666667,5.48333333333333,7.5,48.93333333333334,43.6833333333333,100.11666666666665,0.32359550561797734,0.49468892261001635
judith-glaeser,HYROX PRO WOMEN,35-39,Côte d&#x27;Ivoire,Berlin,2021,4.56666666666667,5.45,5.4,3.93333333333333,6.25,8.93333333333333,6.46666666666667,6.71666666666667,6.8,5.4,6.68333333333333,2.85,6.33333333333333,7.51666666666667,7.15,9.23333333333333,6.66666666666667,49.65,50.03333333333333,106.35000000000001,0.3613053613053609,0.44029850746268634
olivia-lukasewich,HYROX PRO WOMEN,30-34,United Kingdom,Birmingham,2021,4.08333333333333,4.36666666666667,4.36666666666667,3.13333333333333,4.43333333333333,5.76666666666667,4.51666666666667,3.65,4.56666666666667,4.81666666666667,4.43333333333333,2.05,4.51666666666667,4.13333333333333,4.9,4.73333333333333,3.58333333333333,35.81666666666667,32.65,72.05,0.16666666666666732,0.5433526011560685
lucy-campbell,HYROX PRO WOMEN,25-29,United Kingdom,Birmingham,2021,4.2,4.08333333333333,4.41666666666667,2.83333333333333,4.96666666666667,6.25,4.95,3.16666666666667,5.0,4.4,4.91666666666667,1.88333333333333,4.96666666666667,3.06666666666667,5.53333333333333,4.08333333333333,3.95,38.95000000000001,29.766666666666666,72.66666666666667,0.24096385542168622,0.4533333333333328
rosie-carr,HYROX PRO WOMEN,30-34,United Kingdom,Birmingham,2021,4.11666666666667,4.18333333333333,4.81666666666667,3.35,5.28333333333333,6.03333333333333,5.26666666666667,3.11666666666667,5.01666666666667,4.38333333333333,4.96666666666667,2.11666666666667,5.08333333333333,4.16666666666667,5.61666666666667,4.68333333333333,4.65,40.16666666666668,32.03333333333333,76.85000000000002,0.2670623145400592,0.5552486187845307
dena-hogan,HYROX PRO WOMEN,35-39,United Kingdom,Birmingham,2021,4.18333333333333,4.56666666666667,4.2,3.5,4.6,10.4166666666667,4.48333333333333,3.28333333333333,4.46666666666667,4.95,4.46666666666667,2.61666666666667,4.73333333333333,4.6,4.95,4.91666666666667,4.15,36.08333333333333,38.850000000000044,79.08333333333337,0.1548821548821556,0.3359999999999989
jade-skillen,HYROX PRO WOMEN,30-34,United Kingdom,Birmingham,2021,4.18333333333333,4.68333333333333,4.8,4.43333333333333,4.91666666666667,6.55,4.8,3.01666666666667,4.75,4.75,4.78333333333333,2.61666666666667,4.66666666666667,4.65,5.11666666666667,5.5,4.95,38.016666666666666,36.2,79.16666666666667,0.18241042345276987,0.6768447837150122
katy-smith,HYROX PRO WOMEN,40-44,United Kingdom,Birmingham,2021,4.43333333333333,4.36666666666667,5.21666666666667,3.65,5.2,6.43333333333333,5.45,2.95,5.53333333333333,4.65,5.38333333333333,2.61666666666667,5.38333333333333,3.8,5.8,4.95,5.0,42.399999999999984,33.41666666666667,80.81666666666666,0.23563218390804652,0.5673575129533681
ellie-wood,HYROX PRO WOMEN,25-29,United Kingdom,Birmingham,2021,4.28333333333333,4.61666666666667,4.76666666666667,4.05,5.18333333333333,6.36666666666667,5.2,4.5,5.28333333333333,4.73333333333333,5.21666666666667,2.43333333333333,5.13333333333333,5.33333333333333,5.9,6.43333333333333,4.78333333333333,40.96666666666666,38.46666666666666,84.21666666666664,0.2740112994350289,0.6361256544502615
janie-garratt,HYROX PRO WOMEN,25-29,United Kingdom,Birmingham,2021,4.43333333333333,4.38333333333333,5.1,3.96666666666667,5.48333333333333,5.46666666666667,5.68333333333333,4.13333333333333,5.93333333333333,4.76666666666667,5.86666666666667,2.81666666666667,5.98333333333333,4.43333333333333,6.65,5.15,5.35,45.13333333333331,35.11666666666667,85.6,0.33333333333333387,0.7256097560975611
amelia-roberts,HYROX PRO WOMEN,25-29,United Kingdom,Birmingham,2021,4.53333333333333,4.38333333333333,5.33333333333333,3.98333333333333,5.65,6.21666666666667,5.96666666666667,3.96666666666667,5.75,5.08333333333333,5.66666666666667,2.73333333333333,5.71666666666667,4.56666666666667,6.7,4.91666666666667,6.83333333333333,45.31666666666667,35.85,88.0,0.323383084577115,0.640750670241286
gemma-picton,HYROX PRO WOMEN,35-39,United Kingdom,Birmingham,2021,4.23333333333333,4.35,4.38333333333333,3.18333333333333,5.35,11.5333333333333,5.16666666666667,5.65,5.28333333333333,4.93333333333333,5.18333333333333,2.55,5.25,4.86666666666667,5.9,5.63333333333333,6.1,40.749999999999986,42.69999999999995,89.54999999999994,0.2824858757062153,0.27601156069364213
michelle-double,HYROX PRO WOMEN,40-44,United Kingdom,Birmingham,2021,4.55,4.58333333333333,5.2,4.05,5.55,7.7,6.1,4.93333333333333,6.31666666666667,5.13333333333333,5.7,2.56666666666667,5.93333333333333,5.43333333333333,6.3,5.28333333333333,5.56666666666667,45.65,39.68333333333332,90.89999999999998,0.2796833773087075,0.525974025974026
kate-burton,HYROX PRO WOMEN,30-34,United Kingdom,Birmingham,2021,4.81666666666667,4.5,5.58333333333333,4.2,6.4,8.86666666666667,6.43333333333333,4.76666666666667,6.55,5.16666666666667,6.18333333333333,3.08333333333333,6.35,6.13333333333333,6.95,5.65,5.45,49.266666666666666,42.36666666666667,97.08333333333334,0.30695443645083886,0.4736842105263156
geraldine-miell,HYROX PRO WOMEN,45-49,United Kingdom,Birmingham,2021,4.5,4.78333333333333,3.3,5.13333333333333,8.86666666666667,9.95,5.83333333333333,4.88333333333333,5.66666666666667,5.56666666666667,5.63333333333333,3.36666666666667,5.7,4.81666666666667,6.21666666666667,7.21666666666667,2.85,45.716666666666676,45.71666666666667,94.28333333333333,0.6278195488721806,0.5159128978224453
jennifer-victoriano,HYROX PRO WOMEN,–,United Kingdom,Birmingham,2021,6.7,5.55,8.85,11.5833333333333,8.66666666666667,12.7333333333333,9.25,9.13333333333333,9.4,6.83333333333333,9.28333333333333,5.21666666666667,9.33333333333333,10.9,11.75,13.2333333333333,13.3,73.23333333333332,75.18333333333322,161.71666666666655,0.4297872340425532,0.9096858638743452
sabrina-roethig,HYROX PRO WOMEN,30-34,Germany,Bremen,2022,4.0,4.56666666666667,4.36666666666667,3.23333333333333,4.45,3.55,4.51666666666667,3.66666666666667,4.6,4.51666666666667,4.61666666666667,2.15,4.56666666666667,3.56666666666667,4.86666666666667,4.06666666666667,3.31666666666667,35.98333333333335,29.316666666666677,68.6166666666667,0.17808219178082244,0.9107981220657267
annika-laue,HYROX PRO WOMEN,16-24,Germany,Bremen,2022,3.6,4.41666666666667,4.11666666666667,3.26666666666667,4.96666666666667,3.86666666666667,4.45,3.4,4.53333333333333,4.86666666666667,4.31666666666667,2.06666666666667,4.31666666666667,3.56666666666667,4.53333333333333,4.43333333333333,4.45,34.83333333333334,29.88333333333335,69.1666666666667,0.2751677852348998,0.8448275862068968
beatrice-ardelt,HYROX PRO WOMEN,25-29,Germany,Bremen,2022,3.83333333333333,4.66666666666667,4.2,3.31666666666667,4.58333333333333,4.3,4.73333333333333,3.16666666666667,4.71666666666667,4.86666666666667,4.66666666666667,2.13333333333333,4.65,3.36666666666667,4.81666666666667,4.23333333333333,3.28333333333333,36.2,30.050000000000008,69.53333333333335,0.20415224913494937,0.7713178294573652
janina-mentzel,HYROX PRO WOMEN,25-29,Germany,Bremen,2022,4.23333333333333,4.71666666666667,4.45,2.96666666666667,4.66666666666667,4.2,4.55,3.18333333333333,4.58333333333333,4.73333333333333,4.58333333333333,2.35,4.63333333333333,2.98333333333333,5.05,4.81666666666667,3.5,36.749999999999986,29.950000000000003,70.19999999999999,0.16171617161716237,0.7063492063492071
dena-hogan,HYROX PRO WOMEN,40-44,Germany,Bremen,2022,3.85,4.65,4.25,3.56666666666667,4.55,4.11666666666667,4.65,3.08333333333333,4.53333333333333,4.75,4.51666666666667,2.23333333333333,4.6,4.15,4.88333333333333,5.1,3.23333333333333,35.83333333333333,31.650000000000006,70.71666666666665,0.21160409556313942,0.8663967611336034
janne-thomsen,HYROX PRO WOMEN,25-29,Germany,Bremen,2022,3.96666666666667,4.45,4.4,3.1,4.75,3.76666666666667,4.7,3.21666666666667,4.81666666666667,4.63333333333333,4.73333333333333,2.06666666666667,4.8,4.26666666666667,5.21666666666667,5.16666666666667,3.83333333333333,37.38333333333334,30.66666666666668,71.88333333333335,0.23961661341853027,0.8230088495575214
nathalie-andrea-fraehmcke,HYROX PRO WOMEN,25-29,Germany,Bremen,2022,3.83333333333333,4.41666666666667,4.43333333333333,3.75,4.81666666666667,4.21666666666667,4.88333333333333,4.61666666666667,5.1,4.7,5.0,2.4,4.86666666666667,3.46666666666667,5.1,5.96666666666667,3.93333333333333,38.03333333333333,33.533333333333346,75.5,0.24836601307189604,0.8893280632411059
kimberly-miller,HYROX PRO WOMEN,30-34,Germany,Bremen,2022,3.8,4.5,4.4,3.76666666666667,4.63333333333333,4.0,4.9,6.46666666666667,5.1,4.31666666666667,4.95,2.28333333333333,5.01666666666667,4.9,5.16666666666667,6.16666666666667,4.15,37.96666666666667,36.40000000000001,78.5166666666667,0.2645161290322585,0.9416666666666675
anne-kilian,HYROX PRO WOMEN,35-39,Germany,Bremen,2022,3.8,4.61666666666667,4.56666666666667,4.15,5.01666666666667,4.41666666666667,4.91666666666667,3.73333333333333,4.88333333333333,4.88333333333333,4.91666666666667,1.86666666666667,5.0,5.45,5.5,5.78333333333333,5.36666666666667,38.60000000000001,34.9,78.86666666666667,0.30909090909090914,0.9396226415094334
sabrina-jaekel,HYROX PRO WOMEN,25-29,Germany,Bremen,2022,4.83333333333333,4.95,5.15,3.63333333333333,5.71666666666667,4.11666666666667,5.78333333333333,3.26666666666667,5.7,4.56666666666667,5.53333333333333,2.8,5.56666666666667,4.13333333333333,5.78333333333333,4.63333333333333,4.13333333333333,44.06666666666666,32.1,80.29999999999998,0.1642651296829971,0.8825910931174075
maren-hamann,HYROX PRO WOMEN,30-34,Germany,Bremen,2022,4.3,4.86666666666667,4.71666666666667,3.18333333333333,5.11666666666667,4.23333333333333,5.15,4.38333333333333,5.31666666666667,4.85,5.16666666666667,1.96666666666667,5.3,4.35,5.8,7.73333333333333,4.88333333333333,40.866666666666674,35.566666666666656,81.31666666666666,0.25862068965517243,0.7519685039370078
julia-rothkegel,HYROX PRO WOMEN,30-34,Germany,Bremen,2022,4.56666666666667,4.81666666666667,5.06666666666667,3.05,5.86666666666667,4.81666666666667,5.71666666666667,3.76666666666667,5.83333333333333,4.88333333333333,5.8,2.41666666666667,5.55,5.35,6.1,5.41666666666667,4.98333333333333,44.50000000000001,34.51666666666668,84.00000000000001,0.2513661202185786,0.6332179930795843
nadine-wendt,HYROX PRO WOMEN,30-34,Germany,Bremen,2022,4.41666666666667,4.71666666666667,5.26666666666667,4.85,5.53333333333333,4.58333333333333,5.6,4.86666666666667,5.68333333333333,4.63333333333333,5.6,2.1,5.7,4.38333333333333,6.0,7.46666666666667,5.33333333333333,43.800000000000004,37.6,86.73333333333332,0.2638888888888884,1.0581818181818188
carmen-jahnke,HYROX PRO WOMEN,40-44,Germany,Bremen,2022,3.93333333333333,4.75,5.1,5.33333333333333,5.78333333333333,4.81666666666667,5.78333333333333,4.96666666666667,5.71666666666667,4.98333333333333,5.63333333333333,2.68333333333333,5.53333333333333,5.16666666666667,6.11666666666667,6.3,4.91666666666667,43.59999999999998,39.0,87.51666666666664,0.3569482288828347,1.1072664359861577
jacqueline-bischoff,HYROX PRO WOMEN,16-24,Germany,Bremen,2022,5.38333333333333,5.2,5.65,3.6,5.9,4.16666666666667,5.88333333333333,5.13333333333333,6.01666666666667,5.26666666666667,5.68333333333333,3.13333333333333,5.76666666666667,4.88333333333333,6.06666666666667,5.83333333333333,4.2,46.35,37.21666666666666,87.76666666666665,0.11263736263736364,0.8639999999999994
christine-jahn,HYROX PRO WOMEN,50-54,Germany,Bremen,2022,5.21666666666667,4.91666666666667,5.48333333333333,3.1,5.6,4.08333333333333,5.7,6.21666666666667,5.81666666666667,5.15,5.83333333333333,2.08333333333333,5.93333333333333,4.8,6.53333333333333,5.78333333333333,6.01666666666667,46.11666666666666,36.133333333333326,88.26666666666667,0.20153061224489696,0.7591836734693883
daria-berestov,HYROX PRO WOMEN,16-24,Germany,Bremen,2022,4.43333333333333,4.91666666666667,4.45,5.58333333333333,4.83333333333333,9.16666666666667,4.91666666666667,3.65,4.9,4.93333333333333,5.05,3.23333333333333,4.98333333333333,5.53333333333333,5.13333333333333,10.0666666666667,4.76666666666667,38.699999999999996,47.08333333333336,90.55000000000003,0.1363636363636365,0.6090909090909086
nayibe-statia,HYROX PRO WOMEN,35-39,Netherlands,Bremen,2022,4.8,5.28333333333333,5.26666666666667,4.41666666666667,5.43333333333333,4.48333333333333,5.33333333333333,6.11666666666667,5.55,5.18333333333333,5.63333333333333,3.28333333333333,5.65,4.68333333333333,6.03333333333333,8.18333333333333,6.1,43.69999999999999,41.63333333333332,91.43333333333331,0.20441988950276196,0.985130111524165
marjolein-wijnands,HYROX PRO WOMEN,30-34,Belgium,Bremen,2022,5.43333333333333,4.85,6.0,5.46666666666667,6.28333333333333,6.83333333333333,6.68333333333333,4.61666666666667,6.56666666666667,5.06666666666667,6.36666666666667,3.55,6.41666666666667,5.58333333333333,7.83333333333333,5.88333333333333,6.36666666666667,51.58333333333333,41.85,99.80000000000001,0.3063829787234044,0.8000000000000009
diana-lieske,HYROX PRO WOMEN,40-44,Germany,Bremen,2022,5.11666666666667,5.01666666666667,5.93333333333333,4.43333333333333,6.53333333333333,5.83333333333333,6.83333333333333,8.08333333333333,7.2,5.66666666666667,6.36666666666667,2.76666666666667,6.46666666666667,6.18333333333333,7.03333333333333,7.15,7.71666666666667,51.48333333333333,45.13333333333333,104.33333333333334,0.2893518518518514,0.7599999999999998
lea-breuer,HYROX PRO WOMEN,30-34,Germany,Bremen,2022,4.96666666666667,4.86666666666667,5.55,4.25,6.03333333333333,4.55,6.08333333333333,6.33333333333333,6.51666666666667,5.35,6.01666666666667,4.45,6.46666666666667,8.53333333333333,7.48333333333333,9.53333333333333,8.38333333333333,49.11666666666666,47.86666666666666,105.36666666666665,0.33630289532293905,0.9340659340659341
imogen-amos,HYROX PRO WOMEN,16-24,United Kingdom,Cardiff,2025,3.95,4.65,3.6166666666666663,2.75,3.816666666666667,4.383333333333334,3.716666666666667,3.8666666666666663,3.816666666666667,4.633333333333334,3.8333333333333335,2.2,3.7666666666666666,3.6666666666666665,4.366666666666666,4.766666666666667,3.183333333333333,30.883333333333333,30.916666666666668,64.98333333333333,0.1717557251908397,0.6273764258555132
charlotte-horton,HYROX PRO WOMEN,35-39,United Kingdom,Cardiff,2025,4.4,4.55,4.05,3.4,4.2,5.516666666666667,4.216666666666667,4.216666666666667,4.283333333333333,4.683333333333334,4.283333333333333,1.9333333333333331,4.25,4.883333333333334,4.9,5.75,3.466666666666667,34.58333333333333,34.93333333333333,72.98333333333332,0.17346938775510215,0.6163141993957704
gemma-rowland,HYROX PRO WOMEN,35-39,United Kingdom,Cardiff,2025,4.583333333333333,4.616666666666666,4.15,3.2,4.366666666666666,5.25,4.35,4.65,4.433333333333334,4.883333333333334,4.366666666666666,2.1666666666666665,4.366666666666666,3.6666666666666665,4.983333333333333,5.666666666666667,4.9,35.6,34.1,74.60000000000001,0.16722408026755847,0.6095238095238096
alex-kelley,HYROX PRO WOMEN,40-44,United Kingdom,Cardiff,2025,4.733333333333333,4.65,4.65,2.933333333333333,4.933333333333334,4.933333333333334,4.95,5.583333333333333,4.983333333333333,4.816666666666666,4.833333333333333,1.7333333333333334,4.95,4.233333333333333,5.75,4.95,4.816666666666666,39.78333333333333,33.833333333333336,78.43333333333334,0.1913043478260869,0.5945945945945945
laura-rothwell,HYROX PRO WOMEN,30-34,United Kingdom,Cardiff,2025,4.683333333333334,4.933333333333334,4.166666666666667,3.3833333333333333,4.233333333333333,7.116666666666666,4.283333333333333,5.666666666666667,4.433333333333334,5.316666666666666,4.416666666666667,3.35,4.4,4.25,5.15,6.133333333333334,4.133333333333334,35.766666666666666,40.15,80.05000000000001,0.19093851132686085,0.4754098360655738
jade-williams,HYROX PRO WOMEN,30-34,United Kingdom,Cardiff,2025,3.95,4.65,3.6166666666666663,3.1666666666666665,3.95,6.966666666666667,3.883333333333333,6.4,4.0,4.883333333333334,4.0,4.216666666666667,4.116666666666666,4.466666666666667,4.7,11.216666666666669,4.333333333333333,32.21666666666667,45.96666666666667,82.51666666666667,0.23049645390070933,0.45454545454545453
bethan-littlewood,HYROX PRO WOMEN,25-29,United Kingdom,Cardiff,2025,4.933333333333334,4.666666666666667,4.583333333333333,3.65,4.883333333333334,6.883333333333334,4.983333333333333,5.3,5.116666666666666,4.916666666666667,5.1,2.333333333333333,5.066666666666666,5.733333333333333,5.9,6.216666666666667,4.55,40.56666666666667,39.7,84.81666666666666,0.2231638418079097,0.5302663438256658
lorraine-smyth,HYROX PRO WOMEN,45-49,Ireland,Cardiff,2025,5.1,5.333333333333333,4.5,5.533333333333333,4.583333333333333,6.15,4.75,5.183333333333334,4.983333333333333,5.483333333333333,4.85,2.05,5.016666666666667,5.533333333333333,5.933333333333334,6.5,4.833333333333333,39.71666666666667,41.766666666666666,86.31666666666666,0.2415730337078652,0.8997289972899728
samantha-russell,HYROX PRO WOMEN,30-34,United Kingdom,Cardiff,2025,4.2,5.0,4.016666666666667,5.35,4.35,8.083333333333334,4.316666666666666,4.966666666666667,4.433333333333334,5.366666666666666,4.466666666666667,2.9833333333333334,4.566666666666666,4.716666666666667,5.266666666666667,9.966666666666669,5.366666666666666,35.61666666666667,46.43333333333334,87.41666666666667,0.23734177215189875,0.6618556701030927
katie-gould,HYROX PRO WOMEN,35-39,United Kingdom,Cardiff,2025,5.316666666666666,5.133333333333334,4.866666666666666,4.05,5.066666666666666,6.15,5.116666666666666,6.216666666666667,5.15,5.133333333333334,5.0,3.4833333333333334,5.016666666666667,5.233333333333333,6.1,7.5,4.433333333333334,41.63333333333333,42.9,88.96666666666667,0.2021857923497268,0.6585365853658536
anika-edwards,HYROX PRO WOMEN,35-39,United Kingdom,Cardiff,2025,4.983333333333333,4.816666666666666,4.883333333333334,4.216666666666667,5.633333333333334,7.2,5.666666666666667,6.816666666666666,5.883333333333334,4.966666666666667,5.433333333333334,1.9833333333333332,5.333333333333333,4.116666666666666,6.366666666666666,6.15,5.333333333333333,44.18333333333334,40.266666666666666,89.78333333333333,0.23298429319371716,0.5856481481481481
zara-beer,HYROX PRO WOMEN,40-44,United Kingdom,Cardiff,2025,5.033333333333333,4.9,5.066666666666666,4.183333333333334,5.433333333333334,7.933333333333334,5.533333333333333,6.366666666666666,5.8,5.05,5.4,1.8166666666666669,5.8,5.05,6.316666666666666,6.45,5.4,44.383333333333326,41.75,91.53333333333332,0.20316622691292874,0.5273109243697479
emma-follows,HYROX PRO WOMEN,35-39,United Kingdom,Cardiff,2025,5.233333333333333,5.133333333333334,4.85,2.6,5.483333333333333,7.683333333333334,5.333333333333333,7.616666666666666,5.366666666666666,5.4,5.2,2.216666666666667,5.383333333333334,6.8,6.466666666666667,8.15,4.383333333333334,43.31666666666667,45.6,93.30000000000001,0.25000000000000006,0.3383947939262473
sara-smith,HYROX PRO WOMEN,35-39,United Kingdom,Cardiff,2025,6.083333333333333,5.066666666666666,5.216666666666667,4.633333333333334,5.45,6.916666666666667,5.5,6.35,5.85,5.3,5.516666666666667,2.7,5.633333333333334,5.3,6.9,8.3,4.25,46.15,44.56666666666666,94.96666666666665,0.24396135265700486,0.6698795180722892
sian-gallagher,HYROX PRO WOMEN,35-39,United Kingdom,Cardiff,2025,6.466666666666667,5.216666666666667,5.516666666666667,4.066666666666666,5.7,5.283333333333333,5.8,7.7,5.716666666666667,5.483333333333333,5.733333333333333,4.716666666666667,5.8,5.866666666666666,6.666666666666667,6.766666666666667,5.033333333333333,47.4,45.1,97.53333333333333,0.17250000000000004,0.7697160883280757
katrina-harte,HYROX PRO WOMEN,35-39,United Kingdom,Cardiff,2025,5.9,5.183333333333334,5.366666666666666,4.233333333333333,5.633333333333334,6.65,5.866666666666666,8.166666666666666,5.816666666666666,5.75,5.916666666666667,3.1,6.116666666666666,6.866666666666666,7.283333333333333,6.533333333333333,5.6,47.9,46.483333333333334,99.9833333333333,0.26315789473684215,0.6365914786967418
elisabeth-parton,HYROX PRO WOMEN,35-39,United Kingdom,Cardiff,2025,5.966666666666667,5.1,5.383333333333334,3.65,5.633333333333334,7.15,6.0,7.75,6.283333333333333,5.566666666666666,6.266666666666667,2.75,6.583333333333333,6.266666666666667,7.55,11.066666666666666,5.0,49.666666666666664,49.3,103.96666666666665,0.2869757174392935,0.5104895104895104
emily-loveridge,HYROX PRO WOMEN,35-39,United Kingdom,Cardiff,2025,5.933333333333334,5.25,7.816666666666666,5.166666666666667,6.45,10.316666666666666,6.35,6.933333333333334,6.216666666666667,5.533333333333333,6.016666666666667,3.55,6.133333333333334,6.316666666666666,11.6,6.566666666666666,7.566666666666666,56.516666666666666,49.633333333333326,113.71666666666665,0.48850574712643674,0.5008077544426495
cara-jennings,HYROX PRO WOMEN,40-44,United Kingdom,Cardiff,2025,6.15,5.066666666666666,6.15,7.016666666666667,6.583333333333333,6.633333333333334,6.616666666666666,14.266666666666667,6.966666666666667,5.266666666666667,6.8,3.933333333333333,6.95,6.883333333333334,8.233333333333333,14.416666666666666,7.316666666666666,54.45,63.48333333333333,125.25000000000001,0.25303643724696345,1.057788944723618
faye-stenning,HYROX PRO WOMEN,30-34,United States,Chicago,2020,3.58333333333333,4.31666666666667,3.65,4.58333333333333,3.98333333333333,6.76666666666667,3.91666666666667,3.56666666666667,3.86666666666667,4.73333333333333,3.91666666666667,1.85,3.93333333333333,3.41666666666667,4.13333333333333,5.81666666666667,4.48333333333333,30.98333333333333,35.05000000000001,70.51666666666667,0.13306451612903242,0.6773399014778317
alyssa-hawley,HYROX PRO WOMEN,25-29,United States,Chicago,2020,4.05,4.56666666666667,4.2,3.66666666666667,4.51666666666667,4.96666666666667,4.38333333333333,3.46666666666667,4.36666666666667,4.61666666666667,4.38333333333333,1.88333333333333,4.28333333333333,3.66666666666667,4.46666666666667,4.15,4.9,34.65,30.98333333333335,70.53333333333336,0.10332103321033284,0.7382550335570471
lauren-weeks,HYROX PRO WOMEN,30-34,United States,Chicago,2020,3.66666666666667,4.26666666666667,4.06666666666667,3.25,4.66666666666667,8.81666666666667,4.2,2.33333333333333,4.45,4.66666666666667,4.35,2.35,4.5,3.26666666666667,4.53333333333333,3.2,4.2,34.43333333333334,32.150000000000006,70.78333333333336,0.21428571428571405,0.3686200378071832
morgan-schulz,HYROX PRO WOMEN,16-24,United States,Chicago,2020,3.78333333333333,4.61666666666667,3.83333333333333,3.73333333333333,4.25,5.76666666666667,4.31666666666667,4.25,4.3,4.56666666666667,4.3,2.38333333333333,4.23333333333333,3.6,4.5,4.45,4.7,33.516666666666666,33.366666666666674,71.58333333333334,0.15925925925926,0.6473988439306348
kelly-sullivan,HYROX PRO WOMEN,30-34,United States,Chicago,2020,4.03333333333333,4.6,4.23333333333333,4.93333333333333,4.58333333333333,6.26666666666667,4.43333333333333,2.88333333333333,4.56666666666667,4.71666666666667,4.46666666666667,2.56666666666667,4.6,4.55,4.75,4.2,4.41666666666667,35.66666666666666,34.71666666666667,74.80000000000001,0.15087719298245691,0.7872340425531905
amanda-nadeau,HYROX PRO WOMEN,25-29,Canada,Chicago,2020,4.03333333333333,4.45,4.11666666666667,5.63333333333333,4.55,7.01666666666667,4.65,3.25,4.55,4.8,4.53333333333333,2.18333333333333,4.71666666666667,4.61666666666667,4.73333333333333,4.43333333333333,5.18333333333333,35.883333333333326,36.38333333333333,77.44999999999999,0.1478873239436621,0.8028503562945359
cali-schweikhart,HYROX PRO WOMEN,16-24,United States,Chicago,2020,4.0,4.58333333333333,4.23333333333333,4.15,4.53333333333333,7.15,4.6,5.23333333333333,4.58333333333333,4.58333333333333,4.58333333333333,2.48333333333333,4.61666666666667,4.98333333333333,4.7,4.86666666666667,4.91666666666667,35.84999999999999,38.03333333333332,78.79999999999998,0.14893617021276598,0.5804195804195804
sarah-franklin,HYROX PRO WOMEN,40-44,United States,Chicago,2020,4.83333333333333,4.66666666666667,4.55,3.23333333333333,5.0,7.43333333333333,5.1,2.98333333333333,5.06666666666667,4.71666666666667,4.91666666666667,2.43333333333333,5.3,4.26666666666667,5.48333333333333,4.68333333333333,11.0666666666667,40.24999999999999,34.41666666666666,85.73333333333333,0.1702127659574463,0.434977578475336
michelle-aitken,HYROX PRO WOMEN,35-39,United States,Chicago,2020,4.33333333333333,4.53333333333333,5.03333333333333,5.6,5.13333333333333,7.3,5.05,3.5,4.96666666666667,5.0,5.31666666666667,2.66666666666667,5.18333333333333,4.46666666666667,5.5,6.01666666666667,5.71666666666667,40.51666666666666,39.08333333333334,85.31666666666666,0.21212121212121265,0.7671232876712328
sally-thompson,HYROX PRO WOMEN,35-39,United States,Chicago,2020,4.61666666666667,4.65,4.65,4.25,5.03333333333333,8.4,4.91666666666667,3.95,5.23333333333333,4.7,5.31666666666667,2.45,5.16666666666667,3.68333333333333,5.45,6.13333333333333,1.53333333333333,40.38333333333334,38.21666666666666,80.13333333333333,0.15290519877675787,0.5059523809523809
mariesa-mcculloch,HYROX PRO WOMEN,30-34,United States,Chicago,2020,4.31666666666667,4.86666666666667,4.95,6.9,5.45,7.48333333333333,5.31666666666667,4.53333333333333,5.23333333333333,4.8,5.63333333333333,2.48333333333333,5.26666666666667,5.25,5.91666666666667,3.95,13.5833333333333,42.08333333333334,40.266666666666666,95.9333333333333,0.2704225352112674,0.922048997772829
caroline-harding,HYROX PRO WOMEN,30-34,United States,Chicago,2020,5.36666666666667,4.46666666666667,5.66666666666667,2.83333333333333,5.93333333333333,8.4,6.01666666666667,4.53333333333333,5.9,4.53333333333333,5.9,2.76666666666667,6.08333333333333,4.28333333333333,6.3,5.01666666666667,12.85,47.166666666666664,36.83333333333333,96.84999999999998,0.1481481481481476,0.3373015873015869
bethany-mcchesney,HYROX PRO WOMEN,35-39,Canada,Chicago,2020,4.0,5.1,4.13333333333333,4.8,4.38333333333333,12.6666666666667,4.38333333333333,3.5,4.48333333333333,8.4,4.68333333333333,3.4,4.5,5.01666666666667,4.9,6.53333333333333,8.86666666666667,35.46666666666665,49.4166666666667,93.75000000000003,0.18367346938775517,0.37894736842105164
zanna-peterson,HYROX PRO WOMEN,35-39,United States,Chicago,2020,4.7,5.25,4.7,6.43333333333333,5.05,11.8666666666667,5.15,3.21666666666667,5.2,5.68333333333333,5.43333333333333,3.81666666666667,5.53333333333333,5.26666666666667,5.66666666666667,5.41666666666667,11.75,41.43333333333333,46.950000000000045,100.13333333333335,0.17058823529411804,0.5421348314606724
jessica-newhof,HYROX PRO WOMEN,25-29,United States,Chicago,2020,4.4,5.0,4.78333333333333,6.53333333333333,5.41666666666667,7.7,5.45,4.76666666666667,5.63333333333333,5.26666666666667,5.66666666666667,2.76666666666667,5.56666666666667,5.61666666666667,6.2,6.45,14.4666666666667,43.116666666666674,44.10000000000001,101.68333333333338,0.29032258064516125,0.848484848484848
heidi-williams,HYROX PRO WOMEN,60-64,United States,Chicago,2020,4.95,4.7,5.08333333333333,4.53333333333333,5.53333333333333,8.36666666666667,5.66666666666667,5.9,5.63333333333333,5.4,5.75,2.26666666666667,5.75,5.73333333333333,5.78333333333333,7.03333333333333,2.1,44.14999999999999,43.93333333333333,90.18333333333334,0.14409221902017233,0.5418326693227085
autumn-middleton,HYROX PRO WOMEN,25-29,United States,Chicago,2020,4.96666666666667,5.13333333333333,5.33333333333333,5.35,5.66666666666667,9.2,5.73333333333333,4.96666666666667,5.81666666666667,5.26666666666667,6.01666666666667,3.65,6.13333333333333,6.15,6.45,7.13333333333333,1.98333333333333,46.116666666666674,46.85,94.95000000000002,0.2299741602067178,0.5815217391304348
rachel-casasanta,HYROX PRO WOMEN,30-34,United States,Chicago,2020,5.01666666666667,4.93333333333333,4.9,4.76666666666667,5.28333333333333,10.2833333333333,5.4,5.25,5.5,5.55,5.58333333333333,3.01666666666667,5.91666666666667,8.06666666666667,6.26666666666667,9.1,13.4333333333333,43.866666666666674,50.96666666666664,108.26666666666661,0.2180851063829791,0.46353322528363233
chrisa-dustman,HYROX PRO WOMEN,40-44,United States,Chicago,2020,4.91666666666667,5.61666666666667,5.01666666666667,5.7,5.35,12.7333333333333,5.43333333333333,4.75,5.38333333333333,5.65,5.48333333333333,3.23333333333333,5.58333333333333,7.61666666666667,6.16666666666667,7.26666666666667,13.0666666666667,43.33333333333333,52.566666666666634,108.96666666666668,0.2027027027027026,0.4476439790575928
katie-nash,HYROX PRO WOMEN,25-29,United States,Chicago,2020,4.2,5.08333333333333,4.78333333333333,10.95,5.06666666666667,9.51666666666667,4.88333333333333,6.75,4.85,5.71666666666667,4.76666666666667,2.23333333333333,5.08333333333333,6.75,6.41666666666667,4.75,2.28333333333333,40.050000000000004,51.74999999999999,94.08333333333333,0.34545454545454574,1.1506129597197894
kirsten-velazquez,HYROX PRO WOMEN,25-29,United States,Chicago,2020,4.81666666666667,4.76666666666667,5.26666666666667,6.35,5.66666666666667,13.5666666666667,5.53333333333333,5.43333333333333,5.56666666666667,5.15,5.7,3.91666666666667,5.6,6.68333333333333,5.8,7.13333333333333,1.76666666666667,43.95000000000001,53.000000000000036,98.71666666666671,0.16954022988505688,0.46805896805896685
alyssa-yoshino,HYROX PRO WOMEN,25-29,United States,Chicago,2020,5.0,4.91666666666667,5.45,5.63333333333333,7.28333333333333,11.1333333333333,6.45,5.63333333333333,6.15,5.03333333333333,6.13333333333333,3.18333333333333,6.36666666666667,5.55,6.55,5.65,2.88333333333333,49.383333333333326,46.733333333333285,98.99999999999996,0.3135011441647594,0.505988023952097
hailey-pellegrom,HYROX PRO WOMEN,16-24,United States,Chicago,2020,5.53333333333333,5.36666666666667,5.8,4.25,6.6,7.91666666666667,6.51666666666667,5.85,7.73333333333333,5.55,7.41666666666667,3.21666666666667,6.88333333333333,6.33333333333333,7.0,6.78333333333333,2.38333333333333,53.483333333333334,45.26666666666667,101.13333333333331,0.2844827586206898,0.5368421052631577
cherie-house,HYROX PRO WOMEN,40-44,United States,Chicago,2020,5.25,5.36666666666667,5.4,6.08333333333333,6.03333333333333,11.6333333333333,6.1,7.86666666666667,6.16666666666667,5.61666666666667,6.56666666666667,4.01666666666667,6.53333333333333,9.0,6.83333333333333,10.2833333333333,2.26666666666667,48.88333333333333,59.86666666666662,111.01666666666661,0.2317073170731704,0.522922636103153
sarah-paladin,HYROX PRO WOMEN,30-34,United States,Chicago,2020,4.51666666666667,4.83333333333333,5.05,9.33333333333333,5.61666666666667,13.05,5.4,4.68333333333333,5.65,5.43333333333333,5.68333333333333,3.3,5.98333333333333,14.4,7.71666666666667,6.38333333333333,2.53333333333333,45.61666666666667,61.41666666666665,109.56666666666665,0.4146868250539955,0.7151979565772667
abigail-matalon,HYROX PRO WOMEN,30-34,United States,Chicago,2020,4.41666666666667,5.61666666666667,4.65,8.75,4.85,1.7,4.88333333333333,5.35,5.01666666666667,5.95,5.05,4.55,5.36666666666667,8.75,6.46666666666667,12.15,2.76666666666667,40.70000000000001,52.81666666666667,96.28333333333335,0.31701030927835044,5.147058823529412
kaitlyn-williams,HYROX PRO WOMEN,25-29,Canada,Chicago,2020,5.58333333333333,5.66666666666667,5.6,10.35,6.96666666666667,1.7,5.85,6.86666666666667,6.2,5.48333333333333,6.25,3.75,5.96666666666667,7.0,6.78333333333333,9.08333333333333,3.03333333333333,49.2,49.9,102.13333333333334,0.19856459330143625,6.088235294117647
nicole-kulevich,HYROX PRO WOMEN,16-24,United States,Chicago,2020,6.08333333333333,4.83333333333333,7.45,3.86666666666667,9.3,8.55,8.18333333333333,7.48333333333333,9.05,5.31666666666667,8.63333333333333,2.93333333333333,8.9,8.76666666666667,9.31666666666667,5.7,3.98333333333333,66.91666666666666,47.45,118.35000000000001,0.3470483005366732,0.45224171539961044
anastasia-reeves,HYROX PRO WOMEN,30-34,United States,Chicago,2020,7.4,6.55,8.58333333333333,8.78333333333333,9.15,1.93333333333333,9.53333333333333,8.93333333333333,9.51666666666667,6.16666666666667,9.85,4.56666666666667,9.83333333333333,9.78333333333333,10.2833333333333,9.96666666666667,5.03333333333333,74.14999999999996,56.68333333333333,135.86666666666665,0.2803889789303055,4.543103448275868
zenaida-desiderio,HYROX PRO WOMEN,35-39,United States,Chicago,2020,7.23333333333333,5.05,7.61666666666667,10.6666666666667,8.56666666666667,1.73333333333333,9.28333333333333,12.8666666666667,9.1,5.88333333333333,9.5,5.13333333333333,9.43333333333333,9.85,11.1333333333333,10.3666666666667,5.3,71.86666666666663,61.5500000000001,138.71666666666673,0.3502994011976032,6.153846153846184
mackenzie-goltz,HYROX PRO WOMEN,16-24,United States,Chicago,2021,3.95,4.71666666666667,5.2,4.41666666666667,4.9,4.33333333333333,5.45,4.2,5.73333333333333,4.68333333333333,5.61666666666667,2.38333333333333,5.76666666666667,5.78333333333333,5.95,4.86666666666667,7.1,42.56666666666668,35.383333333333326,85.05000000000001,0.3361344537815126,1.0192307692307707
lisa-wawrzynowski,HYROX PRO WOMEN,25-29,United States,Chicago,2021,3.78333333333333,5.13333333333333,4.96666666666667,9.63333333333333,5.13333333333333,5.63333333333333,5.31666666666667,5.68333333333333,5.45,5.1,5.35,2.96666666666667,5.15,6.15,5.18333333333333,5.86666666666667,6.2,40.33333333333333,46.16666666666665,92.7,0.3058103975535174,1.7100591715976334
elisa-ruefer,HYROX PRO WOMEN,30-34,United States,Chicago,2021,3.73333333333333,4.6,5.06666666666667,12.4333333333333,3.2,5.9,5.18333333333333,4.43333333333333,5.3,4.95,5.23333333333333,2.43333333333333,5.21666666666667,6.56666666666667,5.2,6.5,6.11666666666667,38.13333333333333,47.816666666666634,92.06666666666663,0.3962264150943396,2.107344632768356
anna-cunningham,HYROX PRO WOMEN,35-39,United States,Chicago,2021,4.48333333333333,5.43333333333333,5.46666666666667,9.43333333333333,6.55,8.03333333333333,6.31666666666667,5.1,6.43333333333333,5.28333333333333,6.03333333333333,4.48333333333333,6.38333333333333,8.11666666666667,6.5,6.48333333333333,8.56666666666667,48.166666666666664,52.36666666666665,109.1,0.3155216284987282,1.1742738589211619
kirsten-velazquez,HYROX PRO WOMEN,30-34,United States,Chicago,2021,4.33333333333333,4.96666666666667,5.48333333333333,9.55,5.73333333333333,8.31666666666667,6.3,6.35,6.23333333333333,5.53333333333333,6.11666666666667,3.76666666666667,6.16666666666667,9.58333333333333,8.35,7.55,7.05,48.71666666666666,55.616666666666674,111.38333333333333,0.48103792415169694,1.1482965931863724
cassandra-mccarty,HYROX PRO WOMEN,35-39,United States,Chicago,2021,3.56666666666667,5.15,4.33333333333333,7.31666666666667,4.91666666666667,2.11666666666667,4.53333333333333,3.31666666666667,4.68333333333333,5.56666666666667,6.46666666666667,2.73333333333333,6.78333333333333,6.56666666666667,7.08333333333333,5.51666666666667,11.9166666666667,42.36666666666666,38.28333333333335,92.56666666666672,0.49647058823529344,3.4566929133858233
morgan-blenis,HYROX PRO WOMEN,25-29,United States,Chicago,2021,4.9,5.78333333333333,6.18333333333333,9.4,6.65,11.65,6.5,5.21666666666667,6.56666666666667,5.88333333333333,6.35,2.46666666666667,6.25,7.4,5.93333333333333,7.05,9.63333333333333,49.33333333333333,54.849999999999994,113.81666666666666,0.2631578947368421,0.8068669527896996
sara-cleland,HYROX PRO WOMEN,35-39,United States,Chicago,2021,4.66666666666667,5.31666666666667,5.65,9.43333333333333,3.76666666666667,9.93333333333333,3.96666666666667,5.71666666666667,4.0,5.48333333333333,3.75,3.21666666666667,3.68333333333333,8.43333333333333,3.6,9.18333333333333,7.33333333333333,33.083333333333336,56.716666666666654,97.13333333333334,0.36283185840707965,0.9496644295302014
angela-behm,HYROX PRO WOMEN,45-49,United States,Chicago,2021,4.85,5.65,6.13333333333333,8.8,7.06666666666667,12.2666666666667,4.43333333333333,7.66666666666667,7.16666666666667,5.66666666666667,7.33333333333333,3.48333333333333,7.61666666666667,12.7333333333333,8.1,10.6833333333333,8.26666666666667,52.699999999999996,66.94999999999996,127.91666666666663,0.45267489711934195,0.7173913043478243
lauren-weeks,HYROX PRO WOMEN,30-34,United States,Chicago,2022,3.86666666666667,4.36666666666667,3.95,3.65,4.18333333333333,4.0,4.08333333333333,2.38333333333333,4.2,4.53333333333333,4.08333333333333,1.81666666666667,4.21666666666667,3.73333333333333,5.05,3.95,5.03333333333333,33.633333333333326,28.43333333333333,67.09999999999998,0.23432343234323366,0.9125
rachel-vonderach,HYROX PRO WOMEN,25-29,United States,Chicago,2022,4.06666666666667,4.26666666666667,3.96666666666667,3.41666666666667,4.35,4.2,4.31666666666667,2.68333333333333,4.45,4.36666666666667,4.28333333333333,1.93333333333333,4.3,3.15,5.2,3.45,5.15,34.93333333333334,27.46666666666667,67.55000000000001,0.2371794871794866,0.8134920634920643
alyssa-hawley,HYROX PRO WOMEN,30-34,United States,Chicago,2022,4.08333333333333,4.35,4.28333333333333,3.7,4.55,3.88333333333333,4.23333333333333,3.11666666666667,4.3,4.66666666666667,4.21666666666667,1.63333333333333,4.16666666666667,3.55,4.96666666666667,3.68333333333333,5.35,34.800000000000004,28.58333333333333,68.73333333333333,0.1778523489932898,0.9527896995708163
kris-rugloski,HYROX PRO WOMEN,25-29,United States,Chicago,2022,4.08333333333333,4.35,4.01666666666667,5.38333333333333,4.33333333333333,4.16666666666667,4.2,2.38333333333333,4.2,4.71666666666667,4.25,1.46666666666667,4.11666666666667,3.81666666666667,5.11666666666667,3.96666666666667,4.93333333333333,34.31666666666667,30.250000000000007,69.50000000000003,0.21498371335504865,1.2919999999999983
camilla-massa,HYROX PRO WOMEN,30-34,United States,Chicago,2022,4.05,4.43333333333333,3.96666666666667,4.58333333333333,4.55,3.71666666666667,4.41666666666667,3.01666666666667,4.43333333333333,4.58333333333333,4.45,1.63333333333333,4.53333333333333,3.53333333333333,5.45,3.85,5.3,35.85,29.34999999999999,70.49999999999999,0.2721712538226294,1.2331838565022404
corinna-coffin,HYROX PRO WOMEN,25-29,United States,Chicago,2022,4.2,4.46666666666667,4.18333333333333,3.2,5.0,4.95,4.85,4.0,4.75,4.76666666666667,4.53333333333333,1.75,4.56666666666667,3.58333333333333,5.26666666666667,3.56666666666667,5.51666666666667,37.35,30.28333333333334,73.15000000000002,0.20569620253164672,0.6464646464646465
terra-jackson,HYROX PRO WOMEN,30-34,United States,Chicago,2022,4.1,4.35,4.13333333333333,4.78333333333333,4.45,4.73333333333333,4.36666666666667,3.95,4.43333333333333,4.5,4.26666666666667,2.03333333333333,4.45,3.83333333333333,5.46666666666667,5.26666666666667,5.55,35.66666666666667,33.44999999999999,74.66666666666666,0.25000000000000056,1.01056338028169
erika-elko,HYROX PRO WOMEN,30-34,United States,Chicago,2022,4.3,4.73333333333333,4.03333333333333,4.7,4.4,4.38333333333333,4.28333333333333,3.13333333333333,4.48333333333333,4.83333333333333,4.41666666666667,1.96666666666667,4.51666666666667,4.11666666666667,5.55,5.93333333333333,5.81666666666667,35.98333333333333,33.79999999999998,75.6,0.2732732732732739,1.0722433460076053
vivian-tafuto,HYROX PRO WOMEN,16-24,United States,Chicago,2022,4.13333333333333,4.41666666666667,4.06666666666667,3.95,4.45,4.3,4.58333333333333,3.53333333333333,4.65,4.76666666666667,4.55,1.83333333333333,4.85,5.08333333333333,6.0,6.2,5.71666666666667,37.283333333333324,34.083333333333336,77.08333333333333,0.3222222222222217,0.9186046511627908
kelly-sullivan,HYROX PRO WOMEN,30-34,United States,Chicago,2022,4.15,4.73333333333333,4.18333333333333,4.8,4.8,4.88333333333333,4.65,3.05,4.63333333333333,4.68333333333333,4.51666666666667,2.06666666666667,4.63333333333333,4.7,5.63333333333333,5.06666666666667,6.11666666666667,37.19999999999999,33.983333333333334,77.29999999999998,0.26331360946745513,0.9829351535836184
kelly-williams,HYROX PRO WOMEN,40-44,United States,Chicago,2022,4.43333333333333,4.66666666666667,4.31666666666667,4.36666666666667,5.08333333333333,5.28333333333333,4.9,2.26666666666667,4.63333333333333,5.11666666666667,4.58333333333333,1.93333333333333,4.75,3.95,5.5,5.15,6.38333333333333,38.19999999999999,32.73333333333334,77.31666666666666,0.21515151515151454,0.8264984227129349
makena-smith,HYROX PRO WOMEN,16-24,United States,Chicago,2022,4.43333333333333,4.76666666666667,4.2,3.7,4.88333333333333,5.26666666666667,4.83333333333333,3.21666666666667,4.83333333333333,4.71666666666667,4.76666666666667,1.9,4.88333333333333,4.23333333333333,6.05,5.4,6.6,38.88333333333331,33.20000000000001,78.68333333333332,0.3057851239669421,0.7025316455696198
sarah-harrison,HYROX PRO WOMEN,25-29,United States,Chicago,2022,4.48333333333333,4.56666666666667,4.66666666666667,3.91666666666667,5.36666666666667,6.23333333333333,5.01666666666667,3.1,5.18333333333333,4.78333333333333,4.8,2.61666666666667,4.88333333333333,3.98333333333333,5.75,3.98333333333333,5.83333333333333,40.15,33.18333333333333,79.16666666666667,0.22028985507246437,0.6283422459893057
liz-beuschel,HYROX PRO WOMEN,25-29,United States,Chicago,2022,3.96666666666667,4.56666666666667,3.83333333333333,5.43333333333333,4.21666666666667,9.43333333333333,4.1,3.38333333333333,4.13333333333333,4.56666666666667,4.13333333333333,3.03333333333333,4.11666666666667,4.26666666666667,5.08333333333333,5.56666666666667,5.36666666666667,33.58333333333333,40.25,79.20000000000002,0.2459016393442625,0.5759717314487631
elisa-ruefer,HYROX PRO WOMEN,30-34,United States,Chicago,2022,4.2,4.48333333333333,4.6,5.4,5.16666666666667,4.05,4.83333333333333,3.83333333333333,4.96666666666667,4.83333333333333,4.81666666666667,2.2,4.83333333333333,4.11666666666667,5.71666666666667,4.96666666666667,6.21666666666667,39.13333333333334,33.883333333333326,79.23333333333333,0.26530612244898005,1.3333333333333335
bernie-gutierrez,HYROX PRO WOMEN,25-29,United States,Chicago,2022,4.01666666666667,4.88333333333333,4.11666666666667,6.15,4.6,5.8,4.28333333333333,3.83333333333333,4.16666666666667,5.11666666666667,4.26666666666667,1.81666666666667,4.21666666666667,4.23333333333333,5.21666666666667,6.75,5.88333333333333,34.88333333333335,38.58333333333333,79.35,0.23003194888178902,1.060344827586207
heather-white,HYROX PRO WOMEN,30-34,United States,Chicago,2022,4.93333333333333,4.35,4.71666666666667,4.75,4.98333333333333,4.43333333333333,4.95,3.43333333333333,5.0,4.46666666666667,4.95,1.85,5.1,4.71666666666667,6.23333333333333,5.2,6.46666666666667,40.86666666666665,33.2,80.53333333333332,0.24331550802138935,1.0714285714285723
jen-stagnoli,HYROX PRO WOMEN,40-44,United States,Chicago,2022,5.13333333333333,4.31666666666667,5.05,3.85,5.18333333333333,5.23333333333333,5.28333333333333,3.93333333333333,5.4,4.58333333333333,5.38333333333333,1.7,5.33333333333333,4.56666666666667,6.28333333333333,4.86666666666667,6.53333333333333,43.04999999999998,33.05,82.63333333333333,0.19628647214854067,0.7356687898089177
trish-higgins,HYROX PRO WOMEN,35-39,United States,Chicago,2022,4.06666666666667,4.56666666666667,4.25,5.38333333333333,6.98333333333333,4.96666666666667,4.81666666666667,4.06666666666667,4.91666666666667,4.75,4.98333333333333,2.25,5.03333333333333,4.8,6.2,6.05,5.95,41.25,36.83333333333334,84.03333333333335,0.4176610978520279,1.083892617449663
lisa-wawrzynowski,HYROX PRO WOMEN,25-29,United States,Chicago,2022,4.38333333333333,4.76666666666667,4.5,5.4,4.98333333333333,6.53333333333333,4.83333333333333,5.38333333333333,4.88333333333333,5.28333333333333,4.76666666666667,2.5,4.66666666666667,4.65,5.71666666666667,4.9,7.21666666666667,38.73333333333333,39.41666666666666,85.36666666666667,0.2332361516034996,0.8265306122448984
leah-duhon,HYROX PRO WOMEN,25-29,United States,Chicago,2022,4.96666666666667,4.5,4.9,4.28333333333333,5.41666666666667,4.73333333333333,5.3,5.35,5.11666666666667,4.88333333333333,4.95,2.8,4.98333333333333,4.63333333333333,6.33333333333333,5.53333333333333,7.06666666666667,41.96666666666667,36.71666666666665,85.74999999999997,0.2263157894736838,0.9049295774647886
kimm-chase,HYROX PRO WOMEN,25-29,United States,Chicago,2022,4.75,4.58333333333333,4.46666666666667,4.01666666666667,5.51666666666667,5.8,5.06666666666667,4.36666666666667,5.36666666666667,5.33333333333333,5.3,2.28333333333333,5.38333333333333,5.31666666666667,6.71666666666667,5.31666666666667,7.76666666666667,42.566666666666684,37.01666666666667,87.35000000000001,0.334987593052109,0.6925287356321845
gwendolyn-morris,HYROX PRO WOMEN,25-29,United States,Chicago,2022,4.76666666666667,4.78333333333333,4.91666666666667,5.25,5.45,6.7,5.45,4.51666666666667,5.83333333333333,5.4,5.5,1.98333333333333,5.71666666666667,5.81666666666667,6.95,6.03333333333333,6.75,44.58333333333334,40.483333333333334,91.81666666666669,0.31414868105515537,0.7835820895522387
heidi-williams,HYROX PRO WOMEN,60-64,United States,Chicago,2022,5.05,4.93333333333333,5.18333333333333,4.93333333333333,5.86666666666667,3.76666666666667,5.55,6.06666666666667,5.61666666666667,5.18333333333333,5.65,2.13333333333333,6.46666666666667,5.13333333333333,6.93333333333333,5.45,8.15,46.31666666666667,37.599999999999994,92.06666666666668,0.2716346153846151,1.309734513274334
jo-barta,HYROX PRO WOMEN,35-39,United States,Chicago,2022,8.36666666666667,4.95,4.98333333333333,5.88333333333333,5.13333333333333,5.75,5.1,5.41666666666667,5.15,5.21666666666667,5.1,1.66666666666667,5.05,5.25,6.2,5.75,7.15,45.08333333333333,39.88333333333334,92.11666666666667,0.4043824701195226,1.0231884057971008
angela-murphy,HYROX PRO WOMEN,45-49,United States,Chicago,2022,4.95,5.06666666666667,4.76666666666667,4.68333333333333,5.06666666666667,6.65,4.96666666666667,4.05,5.0,5.56666666666667,5.01666666666667,2.85,5.15,5.46666666666667,6.31666666666667,10.25,6.56666666666667,41.23333333333335,44.58333333333334,92.38333333333335,0.24538258575197874,0.7042606516290721
marissa-coy,HYROX PRO WOMEN,25-29,United States,Chicago,2022,5.2,4.68333333333333,5.2,5.93333333333333,5.3,6.61666666666667,5.03333333333333,5.21666666666667,5.18333333333333,5.0,5.13333333333333,2.48333333333333,5.26666666666667,5.65,6.85,6.36666666666667,7.8,43.16666666666666,41.95,92.91666666666667,0.26520681265206864,0.8967254408060444
angelia-jeka,HYROX PRO WOMEN,25-29,United States,Chicago,2022,5.06666666666667,4.41666666666667,5.3,7.21666666666667,6.2,5.23333333333333,6.05,4.16666666666667,5.73333333333333,4.78333333333333,5.76666666666667,2.16666666666667,6.16666666666667,4.38333333333333,7.41666666666667,5.33333333333333,7.86666666666667,47.70000000000002,37.7,93.2666666666667,0.31685393258426947,1.3789808917197468
shannon-schaefer,HYROX PRO WOMEN,25-29,United States,Chicago,2022,4.98333333333333,4.73333333333333,5.1,5.28333333333333,6.26666666666667,6.26666666666667,6.13333333333333,4.63333333333333,6.2,5.45,6.21666666666667,2.75,5.98333333333333,5.81666666666667,7.41666666666667,5.7,5.2,48.3,40.633333333333326,94.13333333333333,0.32808988764045016,0.8430851063829776
yaris-cruz,HYROX PRO WOMEN,35-39,Puerto Rico,Chicago,2022,5.11666666666667,4.98333333333333,7.31666666666667,8.21666666666667,5.36666666666667,6.81666666666667,5.38333333333333,3.96666666666667,5.56666666666667,5.55,5.6,2.53333333333333,5.56666666666667,5.95,6.76666666666667,6.18333333333333,7.45,46.68333333333335,44.2,98.33333333333336,0.30068337129840533,1.2053789731051345
abigail-christiansen,HYROX PRO WOMEN,25-29,United States,Chicago,2022,4.76666666666667,4.41666666666667,4.93333333333333,5.81666666666667,6.23333333333333,6.3,3.21666666666667,5.88333333333333,6.76666666666667,5.15,5.5,2.15,5.36666666666667,5.05,6.73333333333333,6.25,9.78333333333333,43.516666666666666,41.016666666666666,94.31666666666668,0.5246305418719209,0.9232804232804238
angela-behm,HYROX PRO WOMEN,45-49,United States,Chicago,2022,5.6,5.68333333333333,5.4,6.1,5.75,6.66666666666667,5.93333333333333,5.01666666666667,5.96666666666667,5.81666666666667,6.0,2.78333333333333,6.13333333333333,7.46666666666667,8.03333333333333,5.53333333333333,8.05,48.81666666666666,45.06666666666667,101.93333333333332,0.32780082987551834,0.9149999999999996
laura-conklin,HYROX PRO WOMEN,50-54,United States,Chicago,2022,6.0,5.23333333333333,5.98333333333333,7.88333333333333,6.21666666666667,8.21666666666667,6.63333333333333,5.13333333333333,6.66666666666667,5.33333333333333,6.7,3.43333333333333,6.83333333333333,7.3,8.58333333333333,8.31666666666667,10.5166666666667,53.61666666666666,50.84999999999999,114.98333333333333,0.3029126213592235,0.9594320486815408
melissa-heeres,HYROX PRO WOMEN,45-49,United States,Chicago,2022,6.06666666666667,4.68333333333333,5.98333333333333,6.8,6.23333333333333,6.21666666666667,6.46666666666667,10.2166666666667,6.31666666666667,5.25,6.38333333333333,2.76666666666667,6.36666666666667,10.4666666666667,8.15,6.55,14.25,51.96666666666667,52.950000000000074,119.16666666666673,0.2658486707566467,1.0938337801608573
lauren-weeks,HYROX PRO WOMEN,30-34,United States,Dallas,2020,3.56666666666667,4.21666666666667,4.1,2.93333333333333,4.51666666666667,7.58333333333333,4.31666666666667,2.56666666666667,4.36666666666667,4.51666666666667,4.25,2.15,4.25,4.15,4.71666666666667,3.7,2.96666666666667,34.08333333333335,31.816666666666666,68.86666666666669,0.243816254416961,0.38681318681318655
kelly-sullivan,HYROX PRO WOMEN,30-34,United States,Dallas,2020,3.68333333333333,4.45,4.26666666666667,5.43333333333333,4.6,10.0166666666667,4.4,2.78333333333333,4.53333333333333,4.7,4.55,2.15,4.53333333333333,4.56666666666667,4.91666666666667,3.78333333333333,3.03333333333333,35.483333333333334,37.883333333333354,76.40000000000003,0.2508474576271198,0.5424292845257882
alexandra-walker,HYROX PRO WOMEN,35-39,United States,Dallas,2020,3.7,4.55,5.88333333333333,4.45,4.7,5.55,5.33333333333333,3.25,4.9,4.93333333333333,4.81666666666667,2.06666666666667,4.75,3.76666666666667,5.01666666666667,5.31666666666667,3.73333333333333,39.1,33.88333333333334,76.71666666666668,0.3711048158640223,0.8018018018018018
laura-rogers,HYROX PRO WOMEN,25-29,United States,Dallas,2020,4.03333333333333,5.1,4.46666666666667,3.46666666666667,5.36666666666667,4.9,5.1,3.86666666666667,4.9,5.03333333333333,4.93333333333333,2.01666666666667,4.95,4.35,5.31666666666667,4.78333333333333,4.31666666666667,39.06666666666667,33.516666666666666,76.9,0.24844720496894523,0.7074829931972795
laurie-boulianne,HYROX PRO WOMEN,25-29,Canada,Dallas,2020,4.0,4.4,4.61666666666667,6.21666666666667,5.21666666666667,6.35,4.78333333333333,3.66666666666667,4.71666666666667,4.68333333333333,4.71666666666667,2.2,4.9,4.0,5.16666666666667,4.45,4.1,38.11666666666668,35.96666666666667,78.18333333333335,0.2332268370607034,0.9790026246719167
lolly-albison,HYROX PRO WOMEN,30-34,United States,Dallas,2020,4.55,4.2,4.95,3.15,5.58333333333333,5.98333333333333,5.58333333333333,3.56666666666667,5.5,4.3,5.26666666666667,1.9,5.46666666666667,3.93333333333333,5.9,4.03333333333333,4.43333333333333,42.8,31.066666666666656,78.29999999999998,0.22881355932203398,0.5264623955431758
kris-rugloski,HYROX PRO WOMEN,16-24,United States,Dallas,2020,3.71666666666667,4.68333333333333,5.65,4.28333333333333,4.51666666666667,8.1,4.6,4.1,4.46666666666667,5.28333333333333,4.46666666666667,1.6,4.56666666666667,5.23333333333333,5.16666666666667,4.51666666666667,3.43333333333333,37.15000000000002,37.79999999999999,78.38333333333335,0.3421828908554567,0.5288065843621395
rose-wetzel,HYROX PRO WOMEN,35-39,United States,Dallas,2020,3.7,4.98333333333333,4.06666666666667,6.45,4.38333333333333,9.16666666666667,4.23333333333333,3.66666666666667,4.13333333333333,5.26666666666667,3.96666666666667,2.21666666666667,4.06666666666667,4.31666666666667,4.46666666666667,7.25,3.61666666666667,33.016666666666666,43.31666666666668,79.95000000000002,0.17164179104477675,0.7036363636363634
rachel-watters,HYROX PRO WOMEN,30-34,United States,Dallas,2020,4.21666666666667,5.11666666666667,4.73333333333333,3.11666666666667,5.26666666666667,6.76666666666667,4.8,3.63333333333333,4.9,5.36666666666667,4.75,2.35,4.85,4.48333333333333,5.41666666666667,5.03333333333333,5.55,38.933333333333344,35.866666666666674,80.35000000000001,0.2215384615384613,0.4605911330049263
morgan-schulz,HYROX PRO WOMEN,16-24,United States,Dallas,2020,4.6,4.86666666666667,4.96666666666667,4.08333333333333,4.73333333333333,7.3,4.7,5.55,4.76666666666667,5.01666666666667,4.53333333333333,2.38333333333333,4.48333333333333,4.11666666666667,4.9,5.33333333333333,4.51666666666667,37.68333333333332,38.65,80.84999999999998,0.09731543624161211,0.5593607305936069
kelly-williams,HYROX PRO WOMEN,40-44,United States,Dallas,2020,4.38333333333333,4.76666666666667,4.8,3.63333333333333,5.21666666666667,9.88333333333333,5.33333333333333,3.41666666666667,5.2,5.18333333333333,5.05,2.0,5.16666666666667,4.16666666666667,5.2,4.88333333333333,4.85,40.35,37.93333333333334,83.13333333333334,0.17812500000000014,0.3676222596964585
kelsey-fyfe,HYROX PRO WOMEN,25-29,Canada,Dallas,2020,4.01666666666667,4.85,4.85,5.2,6.08333333333333,7.0,5.26666666666667,4.1,5.3,4.76666666666667,4.95,1.75,5.08333333333333,4.35,5.95,5.03333333333333,4.96666666666667,41.50000000000001,37.05,83.51666666666668,0.3397260273972594,0.7428571428571429
aliyah-emas,HYROX PRO WOMEN,30-34,United States,Dallas,2020,4.21666666666667,4.51666666666667,4.91666666666667,5.45,5.78333333333333,8.18333333333333,5.55,3.61666666666667,5.56666666666667,5.3,5.48333333333333,2.06666666666667,5.53333333333333,5.18333333333333,5.78333333333333,4.55,4.33333333333333,42.83333333333333,38.86666666666667,86.03333333333333,0.270893371757924,0.6659877800407334
vivian-tafuto,HYROX PRO WOMEN,16-24,United States,Dallas,2020,3.85,4.31666666666667,4.26666666666667,4.28333333333333,4.6,9.7,4.95,7.11666666666667,5.15,4.73333333333333,5.15,2.06666666666667,5.18333333333333,4.78333333333333,5.93333333333333,6.55,3.61666666666667,39.08333333333333,43.55,86.25000000000001,0.3511235955056176,0.44158075601374536
cali-schweikhart,HYROX PRO WOMEN,16-24,United States,Dallas,2020,4.63333333333333,4.86666666666667,4.96666666666667,5.41666666666667,5.05,8.6,5.05,6.16666666666667,5.06666666666667,4.75,5.01666666666667,2.6,4.98333333333333,4.93333333333333,5.31666666666667,4.66666666666667,4.36666666666667,40.08333333333334,42.000000000000014,86.45000000000003,0.12852664576802622,0.6298449612403104
katie-hohmann,HYROX PRO WOMEN,25-29,United States,Dallas,2020,4.31666666666667,4.35,5.08333333333333,4.63333333333333,5.98333333333333,8.96666666666667,5.68333333333333,3.66666666666667,5.78333333333333,4.96666666666667,5.76666666666667,3.25,5.86666666666667,5.01666666666667,6.48333333333333,5.46666666666667,4.26666666666667,44.966666666666654,40.316666666666684,89.55,0.334190231362467,0.5167286245353154
jennifer-kohlbeck,HYROX PRO WOMEN,40-44,United States,Dallas,2020,4.48333333333333,4.91666666666667,5.4,5.26666666666667,6.06666666666667,5.78333333333333,6.1,4.61666666666667,6.16666666666667,5.33333333333333,6.1,2.1,6.16666666666667,5.25,6.78333333333333,5.31666666666667,4.4,47.26666666666667,38.58333333333334,90.25000000000003,0.3390663390663392,0.910662824207494
heidi-williams,HYROX PRO WOMEN,60-64,United States,Dallas,2020,4.38333333333333,4.75,5.1,4.75,5.65,7.05,5.58333333333333,5.65,5.86666666666667,5.16666666666667,5.58333333333333,2.65,5.61666666666667,5.56666666666667,6.23333333333333,5.03333333333333,5.98333333333333,44.01666666666666,40.616666666666674,90.61666666666666,0.2967914438502675,0.6737588652482269
brooke-bowen,HYROX PRO WOMEN,40-44,United States,Dallas,2020,4.51666666666667,4.96666666666667,5.23333333333333,5.78333333333333,5.7,7.95,5.78333333333333,4.38333333333333,5.9,5.36666666666667,5.61666666666667,3.58333333333333,5.76666666666667,4.36666666666667,6.31666666666667,5.65,4.21666666666667,44.833333333333336,42.05,91.10000000000002,0.2849604221635882,0.7274633123689722
wendy-warner,HYROX PRO WOMEN,35-39,United States,Dallas,2020,4.7,5.38333333333333,5.06666666666667,6.05,6.86666666666667,7.35,5.33333333333333,3.86666666666667,5.23333333333333,5.7,5.21666666666667,2.75,7.2,5.16666666666667,5.83333333333333,6.05,5.45,45.45,42.31666666666667,93.21666666666668,0.3472222222222222,0.8231292517006803
shannon-woodard,HYROX PRO WOMEN,30-34,United States,Dallas,2020,4.01666666666667,5.33333333333333,4.91666666666667,5.45,5.25,7.86666666666667,5.43333333333333,5.51666666666667,5.51666666666667,5.56666666666667,5.51666666666667,3.33333333333333,5.51666666666667,7.63333333333333,6.11666666666667,6.55,5.36666666666667,42.283333333333346,47.25,94.9,0.34332425068119865,0.6927966101694912
rachel-casasanta,HYROX PRO WOMEN,30-34,United States,Dallas,2020,4.46666666666667,4.98333333333333,5.06666666666667,4.21666666666667,5.15,9.5,5.33333333333333,4.93333333333333,5.43333333333333,6.0,5.35,5.61666666666667,5.23333333333333,6.36666666666667,6.28333333333333,7.8,1.48333333333333,42.31666666666666,49.416666666666664,93.21666666666667,0.2891246684350123,0.4438596491228074
emilee-stevens,HYROX PRO WOMEN,25-29,United States,Dallas,2020,3.95,4.73333333333333,4.61666666666667,10.0333333333333,4.78333333333333,14.2666666666667,5.3,3.3,5.4,4.8,5.71666666666667,3.05,5.26666666666667,7.13333333333333,5.83333333333333,5.68333333333333,3.9,40.86666666666667,52.999999999999986,97.76666666666665,0.3228571428571425,0.7032710280373792
tori-verville,HYROX PRO WOMEN,25-29,United States,Dallas,2020,4.63333333333333,4.95,6.01666666666667,6.26666666666667,6.38333333333333,9.43333333333333,6.5,6.55,6.46666666666667,5.08333333333333,6.68333333333333,2.16666666666667,6.86666666666667,5.91666666666667,7.65,6.13333333333333,5.16666666666667,51.199999999999996,46.50000000000001,102.86666666666666,0.3943355119825712,0.6643109540636049
adriana-limon,HYROX PRO WOMEN,30-34,United States,Dallas,2020,4.56666666666667,5.0,5.33333333333333,8.51666666666667,6.2,9.63333333333333,6.31666666666667,5.45,6.35,5.76666666666667,6.51666666666667,4.85,6.45,5.86666666666667,7.16666666666667,8.05,6.18333333333333,48.90000000000002,53.13333333333334,108.21666666666667,0.3627906976744184,0.8840830449826996
brandy-johnson,HYROX PRO WOMEN,30-34,United States,Dallas,2020,4.41666666666667,4.68333333333333,5.78333333333333,6.03333333333333,6.61666666666667,12.4,6.55,6.2,6.86666666666667,5.66666666666667,6.51666666666667,3.01666666666667,6.56666666666667,8.15,7.01666666666667,6.45,6.6,50.33333333333336,52.6,109.53333333333336,0.3705463182897861,0.4865591397849459
heather-white,HYROX PRO WOMEN,30-34,United States,Dallas,2021,3.78333333333333,4.45,4.86666666666667,4.06666666666667,5.21666666666667,4.78333333333333,5.26666666666667,4.11666666666667,5.28333333333333,4.46666666666667,5.21666666666667,1.73333333333333,5.23333333333333,4.33333333333333,5.5,4.73333333333333,5.43333333333333,40.36666666666667,32.68333333333333,78.48333333333332,0.3121212121212127,0.8501742160278759
michelle-aitken,HYROX PRO WOMEN,35-39,United States,Dallas,2021,3.66666666666667,4.56666666666667,4.86666666666667,5.35,5.36666666666667,6.18333333333333,5.36666666666667,4.16666666666667,5.48333333333333,4.8,5.35,2.55,5.15,4.05,6.01666666666667,5.23333333333333,5.5,41.26666666666668,36.900000000000006,83.66666666666669,0.3905817174515233,0.8652291105121298
laura-rogers,HYROX PRO WOMEN,30-34,United States,Dallas,2021,3.86666666666667,4.8,4.58333333333333,4.03333333333333,5.28333333333333,4.58333333333333,5.71666666666667,4.6,5.35,5.08333333333333,5.11666666666667,2.3,5.25,7.13333333333333,5.46666666666667,5.6,3.2,40.63333333333334,38.13333333333332,81.96666666666665,0.3236151603498541,0.8799999999999998
casey-sands,HYROX PRO WOMEN,25-29,United States,Dallas,2021,3.8,4.65,4.75,7.08333333333333,5.36666666666667,8.5,5.65,3.56666666666667,5.55,5.13333333333333,5.68333333333333,3.18333333333333,5.88333333333333,4.78333333333333,5.95,5.08333333333333,5.53333333333333,42.63333333333333,41.98333333333332,90.14999999999999,0.3613445378151261,0.833333333333333
priscilla-esquivel,HYROX PRO WOMEN,30-34,United States,Dallas,2021,5.7,4.6,5.15,4.93333333333333,5.76666666666667,6.13333333333333,5.88333333333333,4.91666666666667,5.93333333333333,4.86666666666667,5.93333333333333,2.35,5.76666666666667,5.01666666666667,5.96666666666667,5.53333333333333,6.65,46.1,38.35,91.10000000000001,0.13687150837988873,0.8043478260869564
elizabeth-greenhalgh,HYROX PRO WOMEN,25-29,United States,Dallas,2021,3.81666666666667,4.86666666666667,5.28333333333333,8.36666666666667,5.66666666666667,7.5,5.63333333333333,6.13333333333333,5.28333333333333,5.8,5.18333333333333,3.3,5.33333333333333,5.08333333333333,5.5,6.68333333333333,7.38333333333333,41.69999999999999,47.73333333333333,96.81666666666663,0.3264705882352939,1.115555555555556
jennifer-kohlbeck,HYROX PRO WOMEN,40-44,United States,Dallas,2021,4.18333333333333,4.93333333333333,5.58333333333333,6.95,6.33333333333333,6.0,6.36666666666667,4.28333333333333,6.33333333333333,5.06666666666667,6.36666666666667,2.13333333333333,6.53333333333333,5.13333333333333,6.78333333333333,7.1,6.95,48.48333333333332,41.59999999999999,97.03333333333329,0.38329238329238347,1.1583333333333334
salem-giampietro,HYROX PRO WOMEN,35-39,,Dallas,2021,3.96666666666667,4.7,5.5,6.56666666666667,5.85,7.25,6.26666666666667,4.18333333333333,6.73333333333333,5.08333333333333,6.7,2.43333333333333,6.88333333333333,4.66666666666667,7.21666666666667,4.08333333333333,9.85,49.116666666666674,38.96666666666666,97.93333333333334,0.45034642032332545,0.905747126436782
melissa-maberry,HYROX PRO WOMEN,35-39,United States,Dallas,2021,4.01666666666667,4.6,5.13333333333333,6.66666666666667,6.13333333333333,7.13333333333333,6.31666666666667,5.36666666666667,6.35,5.16666666666667,6.28333333333333,3.98333333333333,6.2,5.73333333333333,6.58333333333333,7.45,6.11666666666667,47.016666666666666,46.099999999999994,99.23333333333336,0.3898734177215182,0.9345794392523373
deeanna-mullins,HYROX PRO WOMEN,30-34,United States,Dallas,2021,5.66666666666667,5.11666666666667,5.96666666666667,5.96666666666667,6.65,6.76666666666667,6.23333333333333,3.55,6.61666666666667,5.41666666666667,6.35,2.53333333333333,6.03333333333333,5.38333333333333,6.36666666666667,5.11666666666667,10.05,49.88333333333334,39.85000000000001,99.78333333333335,0.14786967418546326,0.8817733990147784
karen-oconnell,HYROX PRO WOMEN,45-49,United States,Dallas,2021,3.91666666666667,5.25,5.38333333333333,6.73333333333333,5.51666666666667,8.11666666666667,5.73333333333333,5.35,5.98333333333333,5.21666666666667,6.03333333333333,3.65,6.11666666666667,6.13333333333333,6.81666666666667,7.56666666666667,9.03333333333333,45.5,48.01666666666667,102.54999999999998,0.4254278728606355,0.8295687885010259
annette-muklebust,HYROX PRO WOMEN,55-59,United States,Dallas,2021,3.8,5.28333333333333,5.18333333333333,11.0833333333333,6.26666666666667,7.15,5.3,5.73333333333333,5.63333333333333,5.63333333333333,5.71666666666667,3.61666666666667,5.68333333333333,6.38333333333333,6.23333333333333,9.73333333333333,7.33333333333333,43.816666666666656,54.61666666666662,105.76666666666661,0.3936170212765961,1.5501165501165455
sara-wilhelmi,HYROX PRO WOMEN,40-44,United States,Dallas,2021,4.78333333333333,5.2,6.71666666666667,2.03333333333333,14.0666666666667,7.21666666666667,7.11666666666667,5.31666666666667,7.21666666666667,5.75,6.96666666666667,3.23333333333333,6.55,5.93333333333333,6.83333333333333,5.23333333333333,10.9833333333333,60.25000000000003,39.916666666666664,111.15,0.6599526066350722,0.2817551963048493
lisa-czajkowski,HYROX PRO WOMEN,50-54,United States,Dallas,2021,5.15,5.01666666666667,6.61666666666667,8.16666666666667,7.08333333333333,8.15,7.13333333333333,7.25,7.48333333333333,5.78333333333333,7.68333333333333,3.73333333333333,7.95,7.75,8.45,10.4333333333333,10.5666666666667,57.55,56.2833333333333,124.4,0.3905325443786981,1.0020449897750514
holley-gruenwald,HYROX PRO WOMEN,35-39,United States,Dallas,2021,4.35,5.0,6.25,7.96666666666667,6.8,11.4333333333333,6.76666666666667,8.16666666666667,7.03333333333333,5.6,7.0,4.58333333333333,7.26666666666667,8.51666666666667,8.35,11.2833333333333,10.75,53.81666666666667,62.54999999999994,127.1166666666666,0.47904191616766467,0.6967930029154542
kris-rugloski,HYROX PRO WOMEN,25-29,United States,Dallas,2022,4.13333333333333,4.36666666666667,4.1,4.01666666666667,4.4,5.46666666666667,4.46666666666667,2.66666666666667,4.51666666666667,4.85,4.43333333333333,2.25,4.48333333333333,4.1,4.71666666666667,4.35,2.85,35.25,32.066666666666684,70.16666666666667,0.13074204946996543,0.7347560975609757
camilla-massa,HYROX PRO WOMEN,30-34,United States,Dallas,2022,4.13333333333333,4.43333333333333,4.06666666666667,4.53333333333333,4.55,4.4,4.46666666666667,3.1,4.61666666666667,4.45,4.55,2.05,4.68333333333333,4.13333333333333,4.76666666666667,4.98333333333333,2.93333333333333,35.83333333333334,32.08333333333332,70.85,0.1468531468531468,1.0303030303030294
hollie-hughes,HYROX PRO WOMEN,35-39,United States,Dallas,2022,4.16666666666667,4.48333333333333,4.16666666666667,3.95,4.61666666666667,5.95,4.51666666666667,4.05,4.58333333333333,4.76666666666667,4.5,2.03333333333333,4.45,4.43333333333333,4.63333333333333,4.63333333333333,3.61666666666667,35.63333333333334,34.29999999999999,73.55000000000001,0.1007194244604304,0.6638655462184874
lauren-rantala,HYROX PRO WOMEN,30-34,United States,Dallas,2022,4.3,4.4,4.31666666666667,4.78333333333333,4.81666666666667,5.73333333333333,4.66666666666667,3.96666666666667,4.7,4.6,4.8,1.88333333333333,4.83333333333333,3.91666666666667,5.15,3.95,3.31666666666667,37.583333333333336,33.23333333333333,74.13333333333333,0.16504854368932048,0.8343023255813952
heather-white,HYROX PRO WOMEN,30-34,United States,Dallas,2022,4.63333333333333,4.38333333333333,4.6,4.86666666666667,4.88333333333333,5.38333333333333,4.91666666666667,3.81666666666667,5.06666666666667,4.61666666666667,5.05,2.6,5.25,4.9,5.75,4.7,4.23333333333333,40.150000000000006,35.26666666666667,79.65000000000002,0.20000000000000007,0.9040247678018587
allsion-outlaw,HYROX PRO WOMEN,40-44,United States,Dallas,2022,4.3,4.43333333333333,4.41666666666667,6.31666666666667,4.86666666666667,7.26666666666667,4.76666666666667,3.61666666666667,4.76666666666667,4.68333333333333,4.83333333333333,2.38333333333333,4.85,3.91666666666667,5.23333333333333,5.96666666666667,4.63333333333333,38.03333333333334,38.583333333333336,81.25,0.17834394904458548,0.8692660550458716
briana-carbonell,HYROX PRO WOMEN,30-34,United States,Dallas,2022,4.2,4.5,4.26666666666667,5.48333333333333,5.1,7.83333333333333,4.81666666666667,4.33333333333333,4.96666666666667,5.68333333333333,4.96666666666667,2.65,5.08333333333333,4.86666666666667,5.2,5.33333333333333,4.11666666666667,38.60000000000001,40.683333333333316,83.4,0.1923076923076923,0.6999999999999998
marissa-palmer,HYROX PRO WOMEN,35-39,United States,Dallas,2022,5.28333333333333,4.73333333333333,5.05,4.76666666666667,5.21666666666667,6.46666666666667,5.21666666666667,4.68333333333333,5.45,4.98333333333333,5.41666666666667,2.5,5.48333333333333,4.21666666666667,5.85,4.85,3.48333333333333,42.96666666666667,37.2,83.64999999999999,0.13675213675213674,0.7371134020618558
mychelle-smith,HYROX PRO WOMEN,30-34,United States,Dallas,2022,4.81666666666667,4.76666666666667,4.76666666666667,5.48333333333333,5.1,7.43333333333333,5.28333333333333,4.63333333333333,5.48333333333333,5.15,5.55,1.96666666666667,5.55,5.36666666666667,6.03333333333333,6.8,4.31666666666667,42.58333333333333,41.599999999999994,88.5,0.2099447513812144,0.7376681614349775
shannon-schaefer,HYROX PRO WOMEN,25-29,United States,Dallas,2022,5.21666666666667,4.58333333333333,5.23333333333333,5.75,5.58333333333333,6.83333333333333,6.28333333333333,3.56666666666667,6.51666666666667,5.5,5.98333333333333,2.36666666666667,6.33333333333333,4.91666666666667,6.41666666666667,5.9,5.38333333333333,47.56666666666666,39.41666666666667,92.36666666666666,0.1994884910485932,0.8414634146341468
giedre-genute,HYROX PRO WOMEN,40-44,United States,Dallas,2022,5.03333333333333,4.86666666666667,5.03333333333333,6.95,5.51666666666667,7.15,5.53333333333333,4.95,5.6,5.36666666666667,5.68333333333333,2.85,5.48333333333333,4.7,6.41666666666667,5.5,6.43333333333333,44.29999999999999,42.33333333333334,93.06666666666666,0.21558441558441652,0.972027972027972
claire-bays,HYROX PRO WOMEN,25-29,United States,Dallas,2022,5.1,4.36666666666667,5.25,6.01666666666667,5.83333333333333,7.86666666666667,5.8,4.9,6.46666666666667,5.05,6.35,3.2,6.43333333333333,4.13333333333333,6.88333333333333,5.36666666666667,4.48333333333333,48.11666666666667,40.90000000000001,93.50000000000001,0.25907990314769946,0.7648305084745765
shelly-reynolds,HYROX PRO WOMEN,25-29,United States,Dallas,2022,5.56666666666667,4.88333333333333,5.58333333333333,6.05,6.15,5.61666666666667,6.05,4.4,6.5,5.13333333333333,6.18333333333333,2.73333333333333,6.16666666666667,6.58333333333333,6.46666666666667,6.26666666666667,5.03333333333333,48.66666666666667,41.666666666666664,95.36666666666666,0.14358974358974308,1.077151335311572
mckenzie-rust,HYROX PRO WOMEN,30-34,United States,Dallas,2022,5.86666666666667,5.0,5.28333333333333,6.13333333333333,5.58333333333333,7.35,5.6,4.51666666666667,5.83333333333333,5.2,5.58333333333333,3.43333333333333,5.85,5.81666666666667,6.65,8.08333333333333,4.05,46.249999999999986,45.533333333333324,95.83333333333331,0.20551378446115348,0.8344671201814056
christine-stroud,HYROX PRO WOMEN,40-44,United States,Dallas,2022,4.96666666666667,4.46666666666667,5.01666666666667,7.1,5.53333333333333,8.73333333333333,5.56666666666667,4.95,6.25,5.56666666666667,6.08333333333333,3.16666666666667,6.16666666666667,5.55,6.31666666666667,4.91666666666667,6.51666666666667,45.90000000000001,44.45000000000001,96.8666666666667,0.21372031662269111,0.8129770992366414
yana-okuneva,HYROX PRO WOMEN,30-34,United States,Dallas,2022,5.31666666666667,5.08333333333333,5.38333333333333,5.26666666666667,6.03333333333333,8.35,6.08333333333333,5.36666666666667,5.65,8.16666666666667,6.66666666666667,2.48333333333333,6.55,5.81666666666667,7.4,5.85,3.51666666666667,49.08333333333332,46.38333333333334,98.98333333333333,0.2815315315315311,0.6307385229540923
adriane-divens,HYROX PRO WOMEN,40-44,United States,Dallas,2022,5.8,4.7,5.73333333333333,8.05,6.88333333333333,6.65,6.2,5.83333333333333,6.83333333333333,5.25,6.13333333333333,3.03333333333333,6.16666666666667,7.08333333333333,7.11666666666667,5.25,5.93333333333333,50.86666666666666,45.84999999999999,102.64999999999998,0.19437939110070343,1.2105263157894737
angela-behm,HYROX PRO WOMEN,45-49,United States,Dallas,2022,5.58333333333333,5.55,5.56666666666667,3.45,5.83333333333333,5.81666666666667,5.86666666666667,5.11666666666667,6.36666666666667,5.8,6.63333333333333,3.7,6.81666666666667,9.83333333333333,7.4,9.45,5.85,50.06666666666667,48.71666666666667,104.63333333333334,0.24774774774774733,0.5931232091690541
tiffany-roache,HYROX PRO WOMEN,35-39,United States,Dallas,2022,5.28333333333333,5.01666666666667,5.46666666666667,12.8833333333333,6.43333333333333,13.6,7.31666666666667,9.85,8.51666666666667,6.26666666666667,8.36666666666667,4.8,7.5,7.96666666666667,10.05,8.26666666666667,6.98333333333333,58.93333333333334,68.64999999999998,134.56666666666663,0.47429519071310156,0.9473039215686251
jennifer-adams,HYROX PRO WOMEN,30-34,United States,Dallas,2022,6.8,5.05,6.41666666666667,8.13333333333333,7.4,11.8333333333333,7.48333333333333,12.2666666666667,8.55,5.41666666666667,8.43333333333333,4.65,8.61666666666667,10.35,10.8333333333333,12.4833333333333,7.95,64.5333333333333,70.18333333333331,142.66666666666657,0.40769230769230563,0.6873239436619735
viktorija-jefimova,HYROX PRO WOMEN,35-39,Lithuania,Essen,2018,4.03333333333333,4.61666666666667,4.36666666666667,3.63333333333333,4.58333333333333,5.2,4.48333333333333,5.21666666666667,4.56666666666667,4.85,4.48333333333333,2.23333333333333,4.63333333333333,4.66666666666667,4.75,8.1,6.2,35.89999999999999,38.51666666666667,80.61666666666666,0.15087719298245691,0.6987179487179481
sarah-kopp,HYROX PRO WOMEN,35-39,Germany,Essen,2018,5.11666666666667,4.46666666666667,5.21666666666667,2.25,5.68333333333333,5.55,5.83333333333333,5.03333333333333,6.03333333333333,4.76666666666667,5.93333333333333,2.06666666666667,6.06666666666667,4.4,6.86666666666667,4.95,8.63333333333333,46.75,33.48333333333334,88.86666666666666,0.2548543689320387,0.40540540540540543
catharina-wehrmann,HYROX PRO WOMEN,25-29,Germany,Essen,2018,5.08333333333333,4.03333333333333,5.35,3.45,5.61666666666667,6.26666666666667,5.83333333333333,5.96666666666667,5.81666666666667,4.68333333333333,6.13333333333333,2.8,6.03333333333333,5.35,6.01666666666667,7.23333333333333,7.5,45.88333333333334,39.783333333333324,93.16666666666669,0.1711956521739131,0.5505319148936167
katharina-kuecken,HYROX PRO WOMEN,25-29,Germany,Essen,2018,5.06666666666667,4.71666666666667,5.06666666666667,4.51666666666667,5.41666666666667,9.08333333333333,5.43333333333333,4.36666666666667,5.68333333333333,4.93333333333333,5.75,4.06666666666667,5.63333333333333,5.31666666666667,5.86666666666667,5.9,7.78333333333333,43.91666666666667,42.90000000000001,94.6,0.13636363636363627,0.4972477064220189
ronja-schroeder,HYROX PRO WOMEN,16-24,Germany,Essen,2018,5.16666666666667,4.75,5.48333333333333,4.03333333333333,6.0,9.35,5.98333333333333,7.33333333333333,6.08333333333333,5.51666666666667,5.95,4.58333333333333,6.3,5.4,7.21666666666667,8.83333333333333,12.4666666666667,48.18333333333333,49.79999999999999,110.45000000000002,0.2840646651270207,0.4313725490196075
manuela-weiss,HYROX PRO WOMEN,35-39,Germany,Essen,2018,5.5,4.55,6.06666666666667,3.05,6.51666666666667,8.5,7.0,10.35,6.9,4.96666666666667,6.93333333333333,3.81666666666667,6.83333333333333,6.4,7.03333333333333,8.26666666666667,8.98333333333333,52.78333333333333,49.900000000000006,111.66666666666666,0.21800947867298537,0.3588235294117647
sabine-keuthen,HYROX PRO WOMEN,40-44,Germany,Essen,2018,5.13333333333333,5.0,5.45,5.35,5.66666666666667,15.9,5.76666666666667,5.1,5.78333333333333,5.4,5.76666666666667,5.31666666666667,6.08333333333333,5.98333333333333,6.25,8.93333333333333,9.38333333333333,45.9,56.98333333333333,112.26666666666665,0.17866666666666717,0.33647798742138363
katrin-letmathe,HYROX PRO WOMEN,25-29,Germany,Essen,2018,5.48333333333333,4.4,5.96666666666667,2.78333333333333,6.68333333333333,8.48333333333333,7.13333333333333,7.4,6.98333333333333,5.13333333333333,6.81666666666667,2.96666666666667,6.88333333333333,5.98333333333333,8.06666666666667,9.28333333333333,11.9833333333333,54.01666666666666,46.43333333333332,112.4333333333333,0.32024793388429823,0.3280943025540272
sarah-rzymanek,HYROX PRO WOMEN,30-34,Germany,Essen,2018,5.9,4.91666666666667,6.23333333333333,3.8,7.05,7.5,6.71666666666667,6.18333333333333,7.03333333333333,5.0,6.75,4.55,7.08333333333333,7.45,8.26666666666667,7.9,11.9833333333333,55.03333333333333,47.3,114.31666666666665,0.28629032258064535,0.5066666666666666
elisabeth-sarah-kholti,HYROX PRO WOMEN,30-34,Germany,Essen,2019,3.38333333333333,4.13333333333333,4.45,1.73333333333333,4.85,3.45,4.78333333333333,2.45,4.76666666666667,4.38333333333333,4.78333333333333,1.8,4.85,2.85,4.91666666666667,4.6,3.41666666666667,36.78333333333333,25.39999999999999,65.6,0.3118644067796621,0.5024154589371971
linda-meier,HYROX PRO WOMEN,25-29,Germany,Essen,2019,3.26666666666667,4.83333333333333,4.0,2.26666666666667,4.31666666666667,5.68333333333333,4.25,3.88333333333333,4.21666666666667,5.65,4.16666666666667,1.65,4.13333333333333,3.06666666666667,4.31666666666667,5.45,4.9,32.666666666666686,32.483333333333334,70.05000000000003,0.243243243243243,0.39882697947214163
petra-henkel,HYROX PRO WOMEN,40-44,Germany,Essen,2019,3.35,4.65,4.23333333333333,2.35,4.81666666666667,5.7,4.56666666666667,4.36666666666667,4.65,4.86666666666667,4.53333333333333,2.06666666666667,4.6,3.28333333333333,4.75,6.71666666666667,3.35,35.5,34.000000000000014,72.85000000000001,0.3044982698961942,0.41228070175438597
viktorija-jefimova,HYROX PRO WOMEN,35-39,Lithuania,Essen,2019,3.28333333333333,4.8,4.2,2.68333333333333,4.58333333333333,5.2,4.56666666666667,4.33333333333333,4.8,5.05,4.63333333333333,1.73333333333333,4.65,3.53333333333333,4.9,5.85,4.68333333333333,35.61666666666666,33.18333333333332,73.48333333333329,0.32993197278911635,0.5160256410256404
christina-timp,HYROX PRO WOMEN,30-34,Germany,Essen,2019,3.36666666666667,5.36666666666667,4.3,2.95,4.8,5.41666666666667,4.6,4.2,4.71666666666667,4.93333333333333,4.71666666666667,2.11666666666667,4.66666666666667,3.5,4.8,6.08333333333333,3.63333333333333,35.966666666666676,34.56666666666667,74.16666666666667,0.29861111111111044,0.5446153846153844
imke-sumbeck,HYROX PRO WOMEN,30-34,Germany,Essen,2019,3.45,4.58333333333333,4.35,2.95,4.63333333333333,6.18333333333333,4.7,5.38333333333333,4.88333333333333,4.88333333333333,4.91666666666667,2.7,4.85,4.08333333333333,5.01666666666667,7.08333333333333,3.98333333333333,36.800000000000004,37.84999999999998,78.63333333333333,0.31229235880398715,0.47708894878706226
daniela-esch,HYROX PRO WOMEN,30-34,Germany,Essen,2019,4.03333333333333,4.6,5.28333333333333,2.08333333333333,5.58333333333333,5.63333333333333,5.63333333333333,4.03333333333333,5.83333333333333,4.91666666666667,5.56666666666667,1.91666666666667,5.73333333333333,3.68333333333333,5.73333333333333,5.05,4.75,43.39999999999998,31.91666666666666,80.06666666666665,0.30857142857142883,0.3698224852071002
antje-langer,HYROX PRO WOMEN,30-34,Germany,Essen,2019,3.46666666666667,5.28333333333333,4.6,3.31666666666667,4.91666666666667,5.43333333333333,5.11666666666667,4.48333333333333,5.08333333333333,5.26666666666667,5.05,2.41666666666667,5.23333333333333,4.35,5.28333333333333,7.73333333333333,4.16666666666667,38.75,38.283333333333324,81.2,0.3438485804416393,0.6104294478527618
daniela-leyckes-debre,HYROX PRO WOMEN,40-44,Germany,Essen,2019,3.66666666666667,4.58333333333333,4.91666666666667,2.81666666666667,5.21666666666667,5.71666666666667,5.28333333333333,4.81666666666667,5.43333333333333,5.11666666666667,5.36666666666667,2.21666666666667,5.46666666666667,4.51666666666667,5.61666666666667,6.2,4.71666666666667,40.966666666666676,35.98333333333335,81.66666666666669,0.3471810089020769,0.4927113702623909
melanie-eckhardt,HYROX PRO WOMEN,35-39,Germany,Essen,2019,3.73333333333333,5.0,4.78333333333333,3.4,5.13333333333333,6.35,5.21666666666667,3.9,5.15,5.01666666666667,5.18333333333333,2.45,5.16666666666667,3.8,5.5,7.95,4.96666666666667,39.86666666666666,37.86666666666667,82.7,0.32121212121212184,0.5354330708661418
anita-regenkiewicz,HYROX PRO WOMEN,25-29,Germany,Essen,2019,3.31666666666667,5.18333333333333,4.51666666666667,3.75,5.05,7.68333333333333,5.25,6.01666666666667,5.11666666666667,5.21666666666667,4.88333333333333,2.61666666666667,4.98333333333333,3.95,5.45,7.13333333333333,4.35,38.56666666666667,41.550000000000004,84.46666666666667,0.3914373088685009,0.48806941431670303
marie-poetter,HYROX PRO WOMEN,25-29,Germany,Essen,2019,3.78333333333333,4.85,5.7,3.8,5.85,7.0,5.98333333333333,4.81666666666667,6.01666666666667,5.3,5.76666666666667,3.01666666666667,5.7,3.68333333333333,6.31666666666667,5.85,5.25,45.116666666666674,38.31666666666667,88.68333333333334,0.4010554089709771,0.5428571428571428
manuela-weiss,HYROX PRO WOMEN,35-39,Germany,Essen,2019,4.31666666666667,4.76666666666667,5.51666666666667,2.43333333333333,5.95,5.78333333333333,5.71666666666667,6.28333333333333,5.98333333333333,5.05,5.96666666666667,2.9,5.96666666666667,4.65,6.1,6.38333333333333,5.38333333333333,45.51666666666668,38.24999999999999,89.15,0.2923497267759557,0.4207492795389046
saskia-anken,HYROX PRO WOMEN,30-34,Germany,Essen,2019,3.41666666666667,4.81666666666667,5.11666666666667,2.83333333333333,5.5,6.5,5.33333333333333,5.31666666666667,5.4,5.55,5.38333333333333,2.71666666666667,5.63333333333333,7.43333333333333,6.03333333333333,8.71666666666667,4.86666666666667,41.81666666666666,43.88333333333334,90.56666666666666,0.43370165745856265,0.43589743589743535
carmen-thyssen-schneider,HYROX PRO WOMEN,45-49,Germany,Essen,2019,4.05,5.35,5.56666666666667,2.95,5.61666666666667,8.03333333333333,5.8,4.78333333333333,6.1,5.38333333333333,6.28333333333333,2.73333333333333,6.08333333333333,3.95,6.18333333333333,7.28333333333333,6.36666666666667,45.68333333333333,40.466666666666654,92.51666666666667,0.35543766578249303,0.3672199170124483
britta-leder,HYROX PRO WOMEN,40-44,Germany,Essen,2019,4.31666666666667,5.06666666666667,5.35,2.43333333333333,5.71666666666667,9.5,5.81666666666667,6.6,5.88333333333333,5.18333333333333,5.73333333333333,2.23333333333333,5.8,4.48333333333333,5.98333333333333,6.93333333333333,5.98333333333333,44.599999999999994,42.43333333333332,93.01666666666667,0.2785515320334252,0.2561403508771926
lydia-kopplin,HYROX PRO WOMEN,30-34,Germany,Essen,2019,3.8,5.0,4.93333333333333,3.93333333333333,5.38333333333333,10.4166666666667,5.33333333333333,5.7,5.43333333333333,5.5,5.56666666666667,3.63333333333333,5.55,4.53333333333333,5.88333333333333,8.25,7.21666666666667,41.88333333333332,46.96666666666669,96.06666666666668,0.35410764872521217,0.3775999999999985
kirstin-christian,HYROX PRO WOMEN,45-49,Germany,Essen,2019,4.75,5.15,5.96666666666667,4.06666666666667,6.95,6.26666666666667,6.56666666666667,7.78333333333333,6.63333333333333,5.28333333333333,6.73333333333333,2.53333333333333,6.66666666666667,4.78333333333333,6.95,6.56666666666667,6.91666666666667,51.216666666666676,42.43333333333334,100.56666666666668,0.3165467625899281,0.6489361702127662
alexandra-scharf-plazanic,HYROX PRO WOMEN,45-49,Germany,Essen,2019,4.26666666666667,5.05,5.4,3.76666666666667,6.23333333333333,10.5,5.95,7.1,6.13333333333333,5.95,5.95,4.26666666666667,6.78333333333333,5.0,6.53333333333333,7.08333333333333,7.8,47.24999999999999,48.716666666666676,103.76666666666665,0.37100737100737013,0.35873015873015907
linda-meier,HYROX PRO WOMEN,25-29,Germany,Essen,2022,3.73333333333333,4.26666666666667,3.91666666666667,3.65,4.25,4.21666666666667,4.13333333333333,2.66666666666667,4.21666666666667,4.41666666666667,4.23333333333333,1.66666666666667,4.26666666666667,3.13333333333333,4.85,3.61666666666667,4.95,33.6,27.63333333333335,66.18333333333335,0.23024054982817935,0.8656126482213431
brid-stepper,HYROX PRO WOMEN,25-29,Germany,Essen,2022,3.98333333333333,4.3,4.33333333333333,3.65,5.0,4.68333333333333,4.65,3.21666666666667,4.61666666666667,4.25,4.8,1.83333333333333,4.58333333333333,3.05,5.03333333333333,3.46666666666667,5.06666666666667,36.99999999999999,28.45,70.51666666666665,0.20860927152317893,0.7793594306049827
petra-henkel,HYROX PRO WOMEN,40-44,Germany,Essen,2022,4.08333333333333,4.48333333333333,4.3,3.46666666666667,4.66666666666667,4.85,4.48333333333333,3.58333333333333,4.58333333333333,4.68333333333333,4.56666666666667,1.83333333333333,4.56666666666667,3.58333333333333,5.16666666666667,4.95,4.88333333333333,36.41666666666667,31.433333333333316,72.7333333333333,0.20967741935483974,0.7147766323024062
pia-wagner,HYROX PRO WOMEN,30-34,Germany,Essen,2022,4.33333333333333,4.55,4.51666666666667,4.23333333333333,4.86666666666667,4.13333333333333,4.98333333333333,3.21666666666667,5.16666666666667,4.5,5.1,2.0,5.03333333333333,4.36666666666667,5.48333333333333,4.46666666666667,6.18333333333333,39.483333333333334,31.46666666666667,77.13333333333333,0.209726443768997,1.0241935483870968
tania-thies,HYROX PRO WOMEN,30-34,Luxembourg,Essen,2022,4.45,4.36666666666667,4.35,4.06666666666667,4.53333333333333,4.13333333333333,4.7,3.1,4.68333333333333,4.45,4.71666666666667,2.5,4.73333333333333,4.76666666666667,5.31666666666667,5.88333333333333,6.6,37.48333333333333,33.26666666666667,77.35,0.1818181818181824,0.983870967741937
sona-karaskova,HYROX PRO WOMEN,30-34,Czech Republic,Essen,2022,4.3,4.3,4.38333333333333,4.31666666666667,7.78333333333333,5.45,4.75,3.35,4.8,4.46666666666667,4.83333333333333,2.21666666666667,4.8,4.06666666666667,5.43333333333333,4.01666666666667,0.533333333333333,41.08333333333332,32.18333333333335,73.8,0.4475374732334045,0.7920489296636092
saskia-dinjens,HYROX PRO WOMEN,35-39,Belgium,Essen,2022,4.31666666666667,4.51666666666667,4.6,4.71666666666667,4.96666666666667,5.31666666666667,4.78333333333333,4.53333333333333,4.73333333333333,4.73333333333333,4.91666666666667,2.28333333333333,4.78333333333333,4.9,5.45,6.0,6.98333333333333,38.550000000000004,37.00000000000001,82.53333333333335,0.20795107033639085,0.8871473354231977
julia-seimetz,HYROX PRO WOMEN,35-39,Germany,Essen,2022,4.25,4.76666666666667,4.45,4.1,4.86666666666667,4.9,4.83333333333333,4.61666666666667,4.93333333333333,4.86666666666667,5.03333333333333,2.4,4.76666666666667,4.78333333333333,5.51666666666667,6.73333333333333,7.53333333333333,38.650000000000006,37.166666666666664,83.35000000000001,0.22960725075528748,0.8367346938775508
sarah-baum,HYROX PRO WOMEN,35-39,Germany,Essen,2022,4.31666666666667,4.53333333333333,4.68333333333333,4.3,5.11666666666667,5.01666666666667,5.4,5.06666666666667,5.56666666666667,4.86666666666667,5.11666666666667,2.86666666666667,5.15,5.23333333333333,6.06666666666667,5.03333333333333,5.7,41.416666666666686,36.91666666666667,84.03333333333337,0.2884615384615383,0.8571428571428565
maren-hamann,HYROX PRO WOMEN,35-39,Germany,Essen,2022,4.36666666666667,5.11666666666667,4.43333333333333,3.5,5.05,4.85,5.0,5.06666666666667,4.96666666666667,5.46666666666667,4.96666666666667,2.13333333333333,5.0,4.55,5.91666666666667,7.73333333333333,6.3,39.70000000000001,38.416666666666664,84.41666666666667,0.2619718309859153,0.7216494845360826
luise-freise,HYROX PRO WOMEN,25-29,Germany,Essen,2022,4.81666666666667,4.33333333333333,5.33333333333333,3.33333333333333,5.61666666666667,4.91666666666667,5.85,4.48333333333333,6.13333333333333,4.56666666666667,5.93333333333333,3.2,5.93333333333333,4.33333333333333,7.01666666666667,5.66666666666667,6.05,46.633333333333326,34.83333333333333,87.51666666666665,0.31353919239904976,0.6779661016949141
victoria-fries,HYROX PRO WOMEN,25-29,Germany,Essen,2022,4.0,4.48333333333333,4.63333333333333,4.36666666666667,5.1,4.96666666666667,5.11666666666667,5.7,5.11666666666667,4.73333333333333,4.88333333333333,2.06666666666667,4.88333333333333,4.88333333333333,6.16666666666667,7.73333333333333,8.75,39.9,38.93333333333333,87.58333333333333,0.35135135135135165,0.8791946308724832
antje-langer,HYROX PRO WOMEN,35-39,Germany,Essen,2022,4.21666666666667,5.03333333333333,4.63333333333333,5.88333333333333,4.9,4.83333333333333,5.03333333333333,3.76666666666667,5.13333333333333,4.83333333333333,5.3,2.85,5.38333333333333,4.65,6.15,8.08333333333333,6.91666666666667,40.74999999999999,39.93333333333332,87.6,0.31436314363143575,1.217241379310345
rebecca-hoelzl,HYROX PRO WOMEN,25-29,Germany,Essen,2022,4.61666666666667,4.5,4.8,5.25,5.51666666666667,6.46666666666667,5.46666666666667,5.43333333333333,5.65,5.2,5.31666666666667,3.83333333333333,5.56666666666667,5.08333333333333,6.41666666666667,6.25,7.1,43.35000000000002,42.01666666666666,92.46666666666668,0.28051948051948034,0.8118556701030923
andrea-mrug,HYROX PRO WOMEN,50-54,Germany,Essen,2022,5.03333333333333,5.0,5.06666666666667,5.91666666666667,5.25,6.91666666666667,5.36666666666667,5.66666666666667,5.46666666666667,4.95,5.56666666666667,3.55,5.61666666666667,7.78333333333333,6.93333333333333,6.4,7.16666666666667,44.300000000000004,46.18333333333334,97.65000000000002,0.27403846153846173,0.855421686746988
veronique-bresser,HYROX PRO WOMEN,45-49,Germany,Essen,2022,5.05,4.86666666666667,5.1,4.5,5.61666666666667,6.15,5.51666666666667,5.81666666666667,5.53333333333333,4.85,5.8,3.43333333333333,6.05,9.05,7.18333333333333,6.83333333333333,5.31666666666667,45.849999999999994,45.5,96.66666666666666,0.29698375870069577,0.7317073170731707
beate-pasdzior,HYROX PRO WOMEN,45-49,Germany,Essen,2022,4.68333333333333,4.7,5.26666666666667,7.53333333333333,5.56666666666667,6.51666666666667,5.43333333333333,5.85,5.51666666666667,4.93333333333333,5.6,3.48333333333333,8.66666666666667,8.78333333333333,6.63333333333333,6.53333333333333,1.55,47.366666666666674,48.33333333333332,97.25,0.4596153846153852,1.156010230179027
franziska-hadeler,HYROX PRO WOMEN,16-24,Germany,Essen,2022,5.25,4.91666666666667,5.55,5.01666666666667,6.05,6.35,6.2,6.81666666666667,6.56666666666667,5.21666666666667,6.2,3.83333333333333,6.3,7.86666666666667,8.81666666666667,14.05,7.28333333333333,50.93333333333334,54.06666666666668,112.28333333333336,0.4045368620037809,0.7900262467191607
carola-vergara-ferrer,HYROX PRO WOMEN,35-39,Chile,Fortaleza,2026,4.533333333333333,4.466666666666667,4.133333333333334,3.566666666666667,4.483333333333333,4.366666666666666,4.266666666666667,3.9,4.316666666666666,4.533333333333333,4.516666666666667,1.8666666666666667,4.516666666666667,2.566666666666667,4.566666666666666,4.15,7.133333333333334,35.33333333333333,29.416666666666664,71.88333333333334,0.09489051094890497,0.8167938931297711
karina-sato,HYROX PRO WOMEN,35-39,Brazil,Fortaleza,2026,5.3,4.833333333333333,4.65,3.783333333333333,4.966666666666667,5.783333333333333,4.883333333333334,4.583333333333333,4.983333333333333,4.933333333333334,4.733333333333333,2.6166666666666667,4.8,4.3,5.15,3.8,6.05,39.46666666666667,34.63333333333333,80.14999999999999,0.12264150943396217,0.654178674351585
brenda-machado-barroso,HYROX PRO WOMEN,25-29,Brazil,Fortaleza,2026,5.85,4.983333333333333,4.683333333333334,2.7333333333333334,5.1,5.65,5.033333333333333,5.6,4.95,5.2,4.95,2.7333333333333334,5.233333333333333,4.333333333333333,5.566666666666666,4.333333333333333,6.4,41.36666666666666,35.56666666666667,83.33333333333333,0.19943019943019935,0.4837758112094395
beatriz-gutierres,HYROX PRO WOMEN,40-44,Brazil,Fortaleza,2026,5.75,5.016666666666667,4.9,3.566666666666667,5.2,5.516666666666667,5.35,6.683333333333334,5.4,5.316666666666666,5.216666666666667,2.9,5.466666666666667,5.683333333333334,5.75,5.95,6.566666666666666,43.03333333333334,40.63333333333334,90.23333333333335,0.1478260869565217,0.6465256797583082
ale-cordeiro,HYROX PRO WOMEN,50-54,Brazil,Fortaleza,2026,5.7,5.216666666666667,5.066666666666666,3.933333333333333,5.483333333333333,7.633333333333334,5.583333333333333,7.516666666666667,5.916666666666667,5.266666666666667,5.683333333333334,3.3833333333333333,5.733333333333333,5.266666666666667,6.166666666666667,8.5,6.833333333333333,45.333333333333336,46.71666666666667,98.88333333333334,0.17837837837837844,0.5152838427947598
elisabeth-sarah-kholti,HYROX PRO WOMEN,30-34,Germany,Frankfurt,2019,4.05,4.15,4.36666666666667,2.86666666666667,4.66666666666667,3.88333333333333,4.71666666666667,2.63333333333333,4.7,4.41666666666667,4.76666666666667,1.6,4.76666666666667,3.3,4.8,4.56666666666667,3.96666666666667,36.83333333333335,27.416666666666675,68.2166666666667,0.15625,0.7381974248927052
rebecca-naether,HYROX PRO WOMEN,30-34,Germany,Frankfurt,2019,4.03333333333333,4.2,4.26666666666667,3.88333333333333,4.41666666666667,6.23333333333333,4.5,3.33333333333333,4.46666666666667,4.65,4.5,1.63333333333333,4.45,3.13333333333333,4.55,4.38333333333333,3.93333333333333,35.18333333333334,31.449999999999978,70.56666666666666,0.11355311355311433,0.6229946524064169
nele-laing,HYROX PRO WOMEN,16-24,Germany,Frankfurt,2019,3.96666666666667,4.76666666666667,4.16666666666667,3.2,4.41666666666667,9.31666666666667,4.21666666666667,2.75,4.28333333333333,4.85,4.23333333333333,2.26666666666667,4.31666666666667,3.5,4.36666666666667,4.81666666666667,4.01666666666667,33.96666666666668,35.46666666666668,73.45000000000003,0.10188679245283006,0.34347048300536664
laura-steffen,HYROX PRO WOMEN,25-29,Germany,Frankfurt,2019,4.25,4.28333333333333,4.58333333333333,2.8,4.95,4.55,4.88333333333333,4.38333333333333,5.08333333333333,4.65,5.03333333333333,1.81666666666667,5.15,4.2,5.3,4.4,5.68333333333333,39.23333333333332,31.08333333333333,75.99999999999997,0.1981132075471698,0.6153846153846154
viktorija-jefimova,HYROX PRO WOMEN,35-39,Lithuania,Frankfurt,2019,4.06666666666667,4.88333333333333,4.3,4.75,4.53333333333333,5.68333333333333,4.6,4.13333333333333,4.7,5.03333333333333,4.53333333333333,1.55,4.65,3.56666666666667,4.91666666666667,5.91666666666667,4.61666666666667,36.3,35.51666666666666,76.43333333333334,0.17288135593220322,0.8357771260997072
tania-thies,HYROX PRO WOMEN,30-34,Luxembourg,Frankfurt,2019,4.33333333333333,4.33333333333333,4.41666666666667,3.36666666666667,4.61666666666667,6.81666666666667,4.85,4.01666666666667,4.98333333333333,4.51666666666667,4.88333333333333,2.98333333333333,4.85,4.5,4.86666666666667,6.33333333333333,5.21666666666667,37.8,36.86666666666667,79.88333333333334,0.13043478260869565,0.4938875305623474
brid-stepper,HYROX PRO WOMEN,16-24,Germany,Frankfurt,2019,4.25,4.33333333333333,4.61666666666667,4.06666666666667,5.11666666666667,6.68333333333333,5.35,4.86666666666667,5.36666666666667,4.71666666666667,5.13333333333333,2.1,4.98333333333333,3.3,5.05,4.66666666666667,6.0,39.86666666666667,34.73333333333334,80.6,0.20807453416149116,0.6084788029925196
daniela-esch,HYROX PRO WOMEN,30-34,Germany,Frankfurt,2019,5.15,4.61666666666667,5.05,3.51666666666667,5.36666666666667,6.6,5.46666666666667,3.3,5.53333333333333,4.81666666666667,5.21666666666667,1.71666666666667,5.35,3.81666666666667,5.53333333333333,4.98333333333333,6.21666666666667,42.66666666666667,33.366666666666674,82.25000000000001,0.08734939759036087,0.5328282828282834
melanie-eckhardt,HYROX PRO WOMEN,35-39,Germany,Frankfurt,2019,5.11666666666667,4.95,5.0,4.51666666666667,5.25,6.51666666666667,5.28333333333333,3.86666666666667,5.08333333333333,4.73333333333333,5.26666666666667,2.15,5.16666666666667,4.11666666666667,5.3,5.75,6.03333333333333,41.46666666666666,36.60000000000001,84.10000000000002,0.05660377358490563,0.6930946291560104
aurelia-rieke,HYROX PRO WOMEN,25-29,Germany,Frankfurt,2019,4.38333333333333,4.71666666666667,4.65,3.81666666666667,5.11666666666667,9.05,5.08333333333333,4.61666666666667,5.35,4.98333333333333,5.26666666666667,1.55,5.38333333333333,4.45,5.73333333333333,5.75,5.08333333333333,40.96666666666666,38.933333333333344,84.98333333333332,0.23546511627906985,0.42173112338858226
anika-zimmermann,HYROX PRO WOMEN,30-34,Germany,Frankfurt,2019,4.31666666666667,4.53333333333333,4.8,4.5,5.48333333333333,9.06666666666667,5.56666666666667,4.15,5.56666666666667,4.9,5.35,2.11666666666667,5.55,4.11666666666667,5.53333333333333,5.05,4.7,42.16666666666667,38.43333333333334,85.30000000000003,0.22455089820359267,0.4963235294117645
nadine-fromm,HYROX PRO WOMEN,40-44,Germany,Frankfurt,2019,4.58333333333333,4.91666666666667,4.68333333333333,4.95,4.91666666666667,9.78333333333333,4.83333333333333,4.08333333333333,4.91666666666667,4.9,4.86666666666667,2.25,4.98333333333333,4.73333333333333,5.0,6.56666666666667,5.0,38.78333333333333,42.18333333333332,85.96666666666667,0.08333333333333393,0.5059625212947191
franziska-piel,HYROX PRO WOMEN,30-34,Germany,Frankfurt,2019,4.5,4.91666666666667,4.76666666666667,4.1,5.2,7.88333333333333,5.3,5.35,8.45,5.08333333333333,5.3,2.75,5.3,5.15,5.55,5.5,0.566666666666667,44.36666666666666,40.73333333333333,85.66666666666666,0.4674556213017751,0.5200845665961946
karina-schmitt,HYROX PRO WOMEN,30-34,Germany,Frankfurt,2019,4.48333333333333,4.65,5.01666666666667,6.15,5.28333333333333,9.35,5.15,4.93333333333333,5.53333333333333,4.93333333333333,5.36666666666667,3.45,5.38333333333333,6.25,5.8,7.53333333333333,4.55,42.01666666666666,47.24999999999999,93.81666666666666,0.22701149425287415,0.6577540106951872
susanne-bruns,HYROX PRO WOMEN,30-34,Germany,Frankfurt,2019,5.08333333333333,4.73333333333333,5.25,3.83333333333333,5.61666666666667,12.4333333333333,5.75,5.86666666666667,8.55,5.1,5.76666666666667,2.9,5.86666666666667,4.1,6.4,5.3,6.35,48.28333333333334,44.26666666666662,98.89999999999995,0.4054580896686164,0.3083109919571051
diana-weber,HYROX PRO WOMEN,25-29,Germany,Frankfurt,2019,5.11666666666667,4.88333333333333,5.06666666666667,3.91666666666667,5.93333333333333,10.3166666666667,5.96666666666667,6.55,8.18333333333333,5.38333333333333,6.03333333333333,2.36666666666667,6.55,4.26666666666667,6.73333333333333,7.31666666666667,7.76666666666667,49.58333333333333,45.00000000000004,102.35000000000004,0.3808553971486755,0.3796445880452333
juliana-boehm,HYROX PRO WOMEN,25-29,Germany,Frankfurt,2019,3.86666666666667,6.66666666666667,4.03333333333333,2.01666666666667,4.2,6.3,4.11666666666667,5.66666666666667,4.43333333333333,6.25,4.18333333333333,4.58333333333333,4.11666666666667,5.86666666666667,4.21666666666667,11.9666666666667,5.46666666666667,33.16666666666667,49.316666666666706,87.95000000000006,0.12781954887217908,0.32010582010582067
marina-zander,HYROX PRO WOMEN,35-39,Germany,Frankfurt,2019,4.51666666666667,5.36666666666667,4.85,6.86666666666667,5.03333333333333,1.86666666666667,5.28333333333333,3.61666666666667,5.3,5.51666666666667,5.2,2.71666666666667,5.35,6.05,6.03333333333333,10.25,5.68333333333333,41.56666666666666,42.250000000000014,89.5,0.25138121546961223,3.6785714285714235
simone-haass,HYROX PRO WOMEN,45-49,Germany,Frankfurt,2019,5.68333333333333,5.33333333333333,6.4,4.95,6.4,11.0,9.2,6.63333333333333,6.93333333333333,5.01666666666667,6.66666666666667,2.43333333333333,6.71666666666667,5.88333333333333,7.65,7.66666666666667,7.6,55.65,48.916666666666664,112.16666666666664,0.3822463768115945,0.45
anna-blank,HYROX PRO WOMEN,30-34,Germany,Frankfurt,2022,3.86666666666667,4.13333333333333,4.21666666666667,3.48333333333333,4.46666666666667,3.91666666666667,4.4,2.81666666666667,4.48333333333333,4.45,4.2,2.18333333333333,4.23333333333333,3.35,4.95,4.83333333333333,5.91666666666667,34.81666666666667,29.166666666666664,69.9,0.21885521885521825,0.8893617021276579
beatrice-ardelt,HYROX PRO WOMEN,25-29,Germany,Frankfurt,2022,3.83333333333333,4.53333333333333,4.05,3.73333333333333,4.38333333333333,4.6,4.46666666666667,3.13333333333333,4.48333333333333,4.8,4.36666666666667,1.71666666666667,4.51666666666667,3.21666666666667,5.01666666666667,4.5,5.16666666666667,35.11666666666667,30.233333333333327,70.51666666666667,0.23588039867109756,0.81159420289855
carina-bungard,HYROX PRO WOMEN,30-34,Germany,Frankfurt,2022,3.85,4.33333333333333,4.13333333333333,4.03333333333333,4.23333333333333,4.18333333333333,4.2,2.81666666666667,4.36666666666667,4.6,4.23333333333333,2.23333333333333,4.25,3.96666666666667,4.86666666666667,5.61666666666667,5.38333333333333,34.13333333333333,31.78333333333333,71.29999999999998,0.2089041095890416,0.9641434262948206
brid-stepper,HYROX PRO WOMEN,25-29,Germany,Frankfurt,2022,4.05,4.33333333333333,4.31666666666667,3.53333333333333,4.88333333333333,4.35,4.71666666666667,3.6,4.8,4.26666666666667,4.71666666666667,1.91666666666667,4.66666666666667,3.23333333333333,5.25,3.1,6.25,37.40000000000001,28.333333333333332,71.98333333333335,0.2285714285714286,0.8122605363984667
sabrina-roethig,HYROX PRO WOMEN,30-34,Germany,Frankfurt,2022,4.06666666666667,4.48333333333333,4.1,4.16666666666667,4.21666666666667,3.65,4.3,3.68333333333333,4.33333333333333,4.48333333333333,4.35,2.26666666666667,4.31666666666667,4.23333333333333,5.08333333333333,5.41666666666667,5.43333333333333,34.76666666666667,32.383333333333326,72.58333333333331,0.19999999999999887,1.141552511415526
kerstin-brueckner,HYROX PRO WOMEN,25-29,Germany,Frankfurt,2022,4.41666666666667,4.51666666666667,4.58333333333333,4.55,4.76666666666667,4.51666666666667,4.71666666666667,4.58333333333333,4.81666666666667,4.51666666666667,4.73333333333333,1.98333333333333,4.9,4.18333333333333,5.48333333333333,4.16666666666667,5.83333333333333,38.41666666666667,33.01666666666667,77.26666666666668,0.19452887537993815,1.0073800738007372
anne-kilian,HYROX PRO WOMEN,35-39,Germany,Frankfurt,2022,4.0,4.53333333333333,4.35,4.65,4.48333333333333,4.56666666666667,4.63333333333333,3.53333333333333,4.65,4.75,4.65,1.51666666666667,4.73333333333333,5.15,5.55,5.21666666666667,8.55,37.04999999999999,33.91666666666667,79.51666666666667,0.27927927927927926,1.018248175182481
daniela-leyckes-debre,HYROX PRO WOMEN,45-49,Germany,Frankfurt,2022,4.43333333333333,4.61666666666667,4.58333333333333,4.3,4.83333333333333,4.66666666666667,4.95,3.96666666666667,4.98333333333333,4.81666666666667,5.08333333333333,2.3,5.01666666666667,5.03333333333333,5.68333333333333,5.78333333333333,5.76666666666667,39.566666666666656,35.48333333333334,80.81666666666666,0.21994134897360718,0.9214285714285708
laura-neumann,HYROX PRO WOMEN,30-34,Switzerland,Frankfurt,2022,4.7,4.38333333333333,4.81666666666667,4.38333333333333,4.9,5.26666666666667,4.96666666666667,3.5,5.03333333333333,4.68333333333333,5.0,2.23333333333333,4.96666666666667,5.11666666666667,6.33333333333333,5.83333333333333,6.65,40.71666666666667,35.39999999999999,82.76666666666668,0.2578947368421049,0.8322784810126571
jasmin-brodda,HYROX PRO WOMEN,16-24,Germany,Frankfurt,2022,4.41666666666667,4.96666666666667,4.55,4.16666666666667,4.71666666666667,6.03333333333333,4.83333333333333,5.31666666666667,4.83333333333333,5.03333333333333,4.71666666666667,1.8,4.83333333333333,5.2,5.45,5.25,7.76666666666667,38.35,37.76666666666667,83.88333333333334,0.18960244648317992,0.6906077348066307
marina-tremmel,HYROX PRO WOMEN,45-49,Germany,Frankfurt,2022,4.55,4.7,4.88333333333333,4.31666666666667,5.1,4.68333333333333,5.11666666666667,3.21666666666667,7.4,4.86666666666667,5.31666666666667,2.03333333333333,5.21666666666667,3.85,6.1,6.63333333333333,6.66666666666667,43.68333333333334,34.300000000000004,84.65,0.3851351351351352,0.9217081850533821
eva-janzen,HYROX PRO WOMEN,30-34,Germany,Frankfurt,2022,4.01666666666667,4.76666666666667,4.26666666666667,4.31666666666667,4.66666666666667,5.16666666666667,4.78333333333333,5.63333333333333,4.73333333333333,4.95,4.75,2.66666666666667,4.78333333333333,5.13333333333333,5.48333333333333,7.6,7.21666666666667,37.48333333333333,40.23333333333334,84.93333333333334,0.2674772036474153,0.8354838709677421
alexandra-alice-pulfer,HYROX PRO WOMEN,45-49,Germany,Frankfurt,2022,4.75,5.25,4.5,4.46666666666667,4.56666666666667,8.31666666666667,4.76666666666667,4.26666666666667,4.56666666666667,4.85,4.65,2.4,4.65,5.83333333333333,5.38333333333333,5.48333333333333,6.75,37.83333333333334,40.86666666666666,85.45000000000002,0.16408668730650106,0.5370741482965934
nathalie-duerbeck,HYROX PRO WOMEN,25-29,Germany,Frankfurt,2022,5.18333333333333,4.61666666666667,5.15,4.66666666666667,5.3,5.6,5.31666666666667,4.56666666666667,5.33333333333333,4.56666666666667,5.36666666666667,2.95,5.41666666666667,5.0,6.8,6.53333333333333,8.55,43.86666666666667,38.50000000000001,90.91666666666669,0.24264705882352933,0.8333333333333339
cathrin-moeller,HYROX PRO WOMEN,35-39,Germany,Frankfurt,2022,4.4,4.95,4.63333333333333,5.18333333333333,5.01666666666667,6.68333333333333,5.05,4.95,5.1,4.78333333333333,5.08333333333333,3.4,5.28333333333333,5.48333333333333,6.0,7.98333333333333,7.08333333333333,40.56666666666666,43.41666666666664,91.06666666666666,0.2666666666666666,0.7755610972568577
melanie-jopp,HYROX PRO WOMEN,35-39,Germany,Frankfurt,2022,4.43333333333333,4.88333333333333,4.66666666666667,6.33333333333333,5.28333333333333,6.18333333333333,5.31666666666667,3.45,5.21666666666667,4.93333333333333,5.3,3.15,5.53333333333333,6.11666666666667,6.36666666666667,8.0,6.68333333333333,42.11666666666667,43.04999999999999,91.85,0.30366492146596946,1.0242587601078168
sonja-steurer,HYROX PRO WOMEN,45-49,Austria,Frankfurt,2022,5.06666666666667,5.05,5.41666666666667,5.93333333333333,5.56666666666667,5.41666666666667,5.46666666666667,4.83333333333333,5.48333333333333,5.06666666666667,5.48333333333333,2.3,5.85,6.18333333333333,6.6,5.25,8.55,44.933333333333344,40.03333333333333,93.51666666666667,0.2323232323232318,1.095384615384614
saskia-cerny,HYROX PRO WOMEN,16-24,Germany,Frankfurt,2022,5.31666666666667,4.88333333333333,5.4,5.51666666666667,5.6,6.1,5.9,4.55,5.7,4.96666666666667,5.76666666666667,2.43333333333333,5.73333333333333,4.86666666666667,6.46666666666667,6.05,8.48333333333333,45.88333333333333,39.36666666666667,93.73333333333335,0.1778350515463917,0.9043715846994542
alexandra-schikora,HYROX PRO WOMEN,25-29,Germany,Frankfurt,2022,4.46666666666667,4.66666666666667,5.03333333333333,5.7,5.26666666666667,7.13333333333333,5.25,6.78333333333333,5.35,4.43333333333333,5.28333333333333,2.9,5.43333333333333,6.18333333333333,6.35,6.4,9.28333333333333,42.43333333333333,44.19999999999999,95.91666666666669,0.29658792650918575,0.799065420560748
kathrin-horn,HYROX PRO WOMEN,30-34,Germany,Frankfurt,2022,4.98333333333333,4.75,5.21666666666667,4.75,8.73333333333333,6.7,5.78333333333333,3.88333333333333,5.73333333333333,5.05,5.71666666666667,3.01666666666667,5.48333333333333,5.28333333333333,6.8,4.95,4.13333333333333,48.44999999999999,38.38333333333333,90.96666666666664,0.4293893129770995,0.708955223880597
susanne-bruns,HYROX PRO WOMEN,30-34,Germany,Frankfurt,2022,4.95,4.91666666666667,5.21666666666667,5.78333333333333,5.66666666666667,6.48333333333333,5.75,6.73333333333333,6.13333333333333,5.4,5.91666666666667,3.31666666666667,5.73333333333333,6.26666666666667,7.15,6.28333333333333,9.88333333333333,46.516666666666666,45.18333333333334,101.58333333333333,0.3076923076923077,0.8920308483290488
heidi-morgan,HYROX PRO WOMEN,25-29,United States,Frankfurt,2022,4.78333333333333,4.8,5.15,5.21666666666667,6.0,8.16666666666667,5.76666666666667,6.73333333333333,5.81666666666667,5.36666666666667,5.68333333333333,3.58333333333333,5.85,5.9,7.03333333333333,7.48333333333333,9.7,46.083333333333336,47.24999999999999,103.03333333333335,0.3199052132701424,0.6387755102040819
jenni-varonen,HYROX PRO WOMEN,40-44,Finland,Frankfurt,2022,5.38333333333333,4.96666666666667,5.53333333333333,5.9,6.08333333333333,5.36666666666667,5.95,6.25,5.91666666666667,5.28333333333333,8.95,3.1,8.28333333333333,5.18333333333333,6.61666666666667,6.85,10.6,52.71666666666666,42.900000000000006,106.21666666666664,0.3985102420856614,1.0993788819875772
lea-amrei-voigtlaender,HYROX PRO WOMEN,16-24,Germany,Frankfurt,2022,5.95,4.66666666666667,6.75,4.36666666666667,7.01666666666667,6.56666666666667,7.51666666666667,7.58333333333333,8.33333333333333,4.83333333333333,7.8,3.68333333333333,7.83333333333333,8.88333333333333,12.4166666666667,7.93333333333333,12.4833333333333,63.616666666666696,48.51666666666666,124.61666666666666,0.5208053691275181,0.6649746192893402
anna-lena-schmidt,HYROX PRO WOMEN,30-34,Germany,Hamburg,2018,3.66666666666667,4.58333333333333,4.83333333333333,2.85,5.36666666666667,5.13333333333333,5.21666666666667,5.25,5.2,4.8,5.21666666666667,1.81666666666667,5.28333333333333,4.08333333333333,6.21666666666667,6.25,5.25,41.000000000000014,34.76666666666666,81.01666666666667,0.4101876675603215,0.5551948051948056
viktorija-jefimova,HYROX PRO WOMEN,35-39,Lithuania,Hamburg,2018,3.45,4.88333333333333,4.48333333333333,4.0,4.7,5.38333333333333,4.68333333333333,4.96666666666667,4.86666666666667,5.01666666666667,4.75,2.4,4.73333333333333,4.53333333333333,5.35,8.28333333333333,4.63333333333333,37.01666666666666,39.466666666666654,81.11666666666665,0.3551401869158878,0.7430340557275547
julia-jacobsen,HYROX PRO WOMEN,25-29,Germany,Hamburg,2018,3.71666666666667,4.83333333333333,5.15,2.83333333333333,5.88333333333333,6.7,6.08333333333333,4.25,6.03333333333333,4.96666666666667,5.75,2.03333333333333,5.81666666666667,3.38333333333333,6.45,5.56666666666667,5.96666666666667,44.88333333333333,34.56666666666666,85.41666666666666,0.42377260981912096,0.42288557213930295
katrin-grieger,HYROX PRO WOMEN,40-44,Germany,Hamburg,2018,3.63333333333333,4.98333333333333,4.88333333333333,6.1,5.2,7.01666666666667,5.16666666666667,4.8,5.21666666666667,4.93333333333333,5.2,1.76666666666667,5.1,4.23333333333333,5.76666666666667,7.26666666666667,5.43333333333333,40.16666666666667,41.1,86.69999999999999,0.36994219653179283,0.8693586698337288
sophie-bundies,HYROX PRO WOMEN,25-29,Germany,Hamburg,2018,4.16666666666667,4.31666666666667,5.4,2.36666666666667,6.4,5.41666666666667,5.86666666666667,4.76666666666667,6.1,4.65,6.16666666666667,2.55,6.13333333333333,4.26666666666667,7.18333333333333,5.58333333333333,5.66666666666667,47.41666666666667,33.91666666666668,87.00000000000001,0.41995359628770235,0.43692307692307725
franziska-kalloch,HYROX PRO WOMEN,30-34,Germany,Hamburg,2018,4.06666666666667,4.36666666666667,5.2,3.16666666666667,5.6,7.63333333333333,5.56666666666667,4.23333333333333,5.76666666666667,4.7,5.68333333333333,2.21666666666667,5.71666666666667,4.3,6.55,6.38333333333333,6.06666666666667,44.150000000000006,37.0,87.21666666666667,0.3791348600508901,0.41484716157205304
franziska-lechner,HYROX PRO WOMEN,40-44,Germany,Hamburg,2018,3.86666666666667,4.7,4.7,2.98333333333333,4.96666666666667,8.23333333333333,5.08333333333333,4.08333333333333,5.05,4.76666666666667,5.1,2.4,5.21666666666667,4.86666666666667,5.78333333333333,10.8,5.15,39.76666666666667,42.83333333333333,87.75000000000001,0.33141210374639674,0.3623481781376515
denise-borck,HYROX PRO WOMEN,25-29,Germany,Hamburg,2018,4.31666666666667,4.55,5.2,2.35,5.51666666666667,5.68333333333333,5.51666666666667,5.73333333333333,5.58333333333333,4.78333333333333,5.61666666666667,2.68333333333333,5.71666666666667,5.75,6.41666666666667,6.73333333333333,5.63333333333333,43.883333333333354,38.266666666666644,87.78333333333332,0.32727272727272705,0.4134897360703815
marie-tasche,HYROX PRO WOMEN,25-29,Germany,Hamburg,2018,3.48333333333333,5.33333333333333,4.31666666666667,3.01666666666667,4.56666666666667,10.4166666666667,4.46666666666667,5.61666666666667,2.95,4.96666666666667,4.56666666666667,2.38333333333333,4.6,6.13333333333333,6.78333333333333,8.86666666666667,6.38333333333333,35.73333333333334,46.73333333333338,88.85000000000004,0.5651105651105649,0.2895999999999994
sabrina-schueller,HYROX PRO WOMEN,35-39,Germany,Hamburg,2018,3.91666666666667,4.6,5.08333333333333,3.33333333333333,5.2,7.76666666666667,5.13333333333333,5.63333333333333,5.15,5.05,5.2,2.85,5.15,5.08333333333333,5.86666666666667,6.78333333333333,7.25,40.699999999999996,41.099999999999994,89.04999999999998,0.3323863636363634,0.4291845493562225
karola-kolle,HYROX PRO WOMEN,30-34,Germany,Hamburg,2018,4.18333333333333,5.23333333333333,4.86666666666667,3.76666666666667,5.11666666666667,7.55,5.2,5.15,5.06666666666667,5.15,5.0,2.88333333333333,5.03333333333333,4.78333333333333,5.93333333333333,7.08333333333333,7.15,40.4,41.59999999999999,89.14999999999999,0.29494382022471927,0.4988962472406186
juliane-foerster,HYROX PRO WOMEN,30-34,Germany,Hamburg,2018,4.15,4.4,5.16666666666667,2.78333333333333,5.73333333333333,5.58333333333333,5.73333333333333,6.68333333333333,5.76666666666667,4.85,5.83333333333333,1.81666666666667,5.7,4.81666666666667,6.66666666666667,7.48333333333333,6.25,44.75000000000001,38.41666666666666,89.41666666666664,0.3775000000000002,0.49850746268656687
antje-bock,HYROX PRO WOMEN,35-39,Germany,Hamburg,2018,3.26666666666667,5.51666666666667,4.58333333333333,2.38333333333333,5.31666666666667,10.9166666666667,5.21666666666667,5.33333333333333,5.91666666666667,5.43333333333333,4.88333333333333,2.51666666666667,5.05,3.8,6.01666666666667,8.05,6.25,40.250000000000014,43.95000000000003,90.45000000000003,0.4570637119113571,0.21832061068702194
marieke-louisa-pouch,HYROX PRO WOMEN,35-39,Germany,Hamburg,2018,3.9,5.0,5.06666666666667,3.2,5.78333333333333,7.43333333333333,5.38333333333333,7.26666666666667,5.43333333333333,4.76666666666667,5.53333333333333,2.66666666666667,5.38333333333333,5.35,6.31666666666667,6.25,6.18333333333333,42.79999999999999,41.93333333333334,90.91666666666666,0.38258575197889216,0.43049327354260114
lea-breuer,HYROX PRO WOMEN,25-29,Germany,Hamburg,2018,4.31666666666667,4.8,5.31666666666667,3.85,5.48333333333333,4.96666666666667,5.53333333333333,5.7,5.65,4.86666666666667,5.51666666666667,2.65,5.4,5.0,6.43333333333333,9.96666666666667,5.6,43.65,41.80000000000001,91.05000000000001,0.3290155440414499,0.7751677852348988
bente-heller,HYROX PRO WOMEN,25-29,Germany,Hamburg,2018,4.05,4.51666666666667,5.55,3.48333333333333,5.98333333333333,5.28333333333333,6.5,6.33333333333333,6.7,4.85,6.36666666666667,2.68333333333333,6.31666666666667,4.51666666666667,7.28333333333333,5.4,6.21666666666667,48.75,37.06666666666666,92.03333333333332,0.4439359267734551,0.6593059936908515
franziska-oelting,HYROX PRO WOMEN,25-29,Germany,Hamburg,2018,4.2,4.88333333333333,5.05,2.2,5.41666666666667,7.03333333333333,5.43333333333333,6.43333333333333,5.35,5.01666666666667,5.31666666666667,2.33333333333333,5.6,5.71666666666667,6.63333333333333,7.83333333333333,7.66666666666667,43.00000000000001,41.44999999999999,92.11666666666667,0.36683417085427106,0.31279620853080586
aline-bickel,HYROX PRO WOMEN,25-29,Germany,Hamburg,2018,4.01666666666667,4.71666666666667,4.83333333333333,4.01666666666667,5.55,7.41666666666667,3.51666666666667,4.41666666666667,7.83333333333333,5.16666666666667,5.43333333333333,2.66666666666667,5.2,6.28333333333333,5.86666666666667,9.78333333333333,6.88333333333333,42.25,44.46666666666669,93.60000000000001,0.5510638297872335,0.5415730337078655
katharina-gottfried,HYROX PRO WOMEN,30-34,Kazakhstan,Hamburg,2018,4.08333333333333,5.28333333333333,5.23333333333333,2.91666666666667,5.88333333333333,7.03333333333333,5.73333333333333,6.58333333333333,5.63333333333333,5.31666666666667,5.58333333333333,1.8,5.91666666666667,5.15,6.78333333333333,7.71666666666667,7.05,44.84999999999998,41.8,93.69999999999999,0.39803439803439816,0.41469194312796276
tina-gailus,HYROX PRO WOMEN,30-34,Germany,Hamburg,2018,4.2,4.85,5.28333333333333,3.53333333333333,5.73333333333333,9.55,5.68333333333333,4.68333333333333,5.53333333333333,5.11666666666667,5.68333333333333,3.45,5.58333333333333,4.4,6.53333333333333,7.03333333333333,7.86666666666667,44.23333333333331,42.61666666666666,94.71666666666665,0.35714285714285676,0.36998254799301883
pauline-pautsch,HYROX PRO WOMEN,25-29,Germany,Hamburg,2018,3.96666666666667,4.65,4.91666666666667,5.9,5.43333333333333,11.15,5.85,5.81666666666667,5.63333333333333,4.91666666666667,5.45,2.46666666666667,5.36666666666667,5.05,6.61666666666667,6.9,6.88333333333333,43.233333333333334,46.85000000000001,96.96666666666667,0.40050377833753126,0.5291479820627802
janine-adameit,HYROX PRO WOMEN,30-34,Germany,Hamburg,2018,4.05,5.08333333333333,5.51666666666667,3.38333333333333,6.0,7.2,6.11666666666667,4.66666666666667,4.16666666666667,5.65,10.1333333333333,2.98333333333333,6.26666666666667,5.11666666666667,7.08333333333333,7.9,6.63333333333333,49.33333333333331,41.98333333333333,97.94999999999999,0.6003289473684198,0.46990740740740694
helen-giovanna-doepke,HYROX PRO WOMEN,25-29,Germany,Hamburg,2018,3.61666666666667,4.66666666666667,5.73333333333333,3.8,5.8,8.56666666666667,6.01666666666667,6.4,6.38333333333333,4.96666666666667,6.36666666666667,2.61666666666667,6.08333333333333,4.16666666666667,8.53333333333333,7.46666666666667,7.35,48.533333333333324,42.65000000000001,98.53333333333335,0.5761718749999994,0.4435797665369648
anna-lena-schroeder,HYROX PRO WOMEN,30-34,Germany,Hamburg,2018,4.31666666666667,5.11666666666667,5.35,3.93333333333333,5.8,7.46666666666667,5.8,6.76666666666667,5.75,5.25,5.73333333333333,4.3,5.91666666666667,5.91666666666667,6.81666666666667,7.95,6.63333333333333,45.48333333333334,46.70000000000002,98.81666666666668,0.3667481662591685,0.5267857142857136
michelle-chaim-lev,HYROX PRO WOMEN,25-29,Germany,Hamburg,2018,4.2,4.73333333333333,5.81666666666667,4.06666666666667,6.25,7.03333333333333,6.36666666666667,5.8,6.51666666666667,5.26666666666667,6.33333333333333,3.35,6.51666666666667,5.41666666666667,7.76666666666667,7.58333333333333,7.1,49.76666666666669,43.25,100.11666666666666,0.45922746781115903,0.5781990521327022
nadine-koethke,HYROX PRO WOMEN,30-34,Germany,Hamburg,2018,4.5,4.88333333333333,5.65,2.81666666666667,6.0,6.65,6.53333333333333,8.35,6.78333333333333,5.21666666666667,6.78333333333333,1.75,6.6,5.81666666666667,7.78333333333333,6.98333333333333,8.05,50.633333333333326,42.46666666666667,101.15,0.4218415417558884,0.42355889724310825
caroline-weber,HYROX PRO WOMEN,30-34,Germany,Hamburg,2018,4.65,5.38333333333333,5.61666666666667,3.83333333333333,5.91666666666667,6.25,6.31666666666667,5.33333333333333,6.56666666666667,4.98333333333333,6.61666666666667,2.58333333333333,6.5,5.3,7.66666666666667,11.0,6.75,49.850000000000016,44.66666666666665,101.26666666666667,0.3934782608695654,0.6133333333333328
caroline-lange,HYROX PRO WOMEN,25-29,Germany,Hamburg,2018,4.76666666666667,5.18333333333333,5.73333333333333,2.81666666666667,6.45,8.75,6.38333333333333,6.61666666666667,6.33333333333333,5.26666666666667,6.55,3.55,6.68333333333333,5.31666666666667,7.86666666666667,6.98333333333333,7.31666666666667,50.76666666666665,44.483333333333334,102.56666666666666,0.3940677966101693,0.3219047619047623
laura-neumeister,HYROX PRO WOMEN,25-29,Germany,Hamburg,2018,4.53333333333333,4.7,5.83333333333333,4.2,6.31666666666667,7.56666666666667,6.41666666666667,7.85,6.51666666666667,5.11666666666667,6.7,2.91666666666667,6.68333333333333,4.8,7.63333333333333,9.01666666666667,7.23333333333333,50.63333333333333,46.16666666666667,104.03333333333335,0.40611353711790416,0.555066079295154
sarah-flint,HYROX PRO WOMEN,25-29,Germany,Hamburg,2018,4.53333333333333,4.55,5.85,4.15,6.56666666666667,9.21666666666667,6.85,7.81666666666667,7.11666666666667,5.01666666666667,7.1,3.16666666666667,7.43333333333333,7.86666666666667,8.45,9.33333333333333,7.76666666666667,53.89999999999999,51.116666666666674,112.78333333333333,0.4635108481262331,0.45027124773960203
tasja-vennemann,HYROX PRO WOMEN,30-34,Germany,Hamburg,2018,4.75,5.25,6.43333333333333,3.71666666666667,7.43333333333333,8.21666666666667,7.45,8.26666666666667,7.45,5.43333333333333,6.56666666666667,3.75,6.93333333333333,6.06666666666667,9.01666666666667,11.1833333333333,8.08333333333333,56.03333333333333,51.88333333333331,115.99999999999994,0.4731977818853976,0.45233265720081156
miriam-maedel,HYROX PRO WOMEN,35-39,Germany,Hamburg,2018,5.11666666666667,5.33333333333333,6.41666666666667,3.26666666666667,8.43333333333333,8.7,7.75,8.28333333333333,7.55,5.31666666666667,7.46666666666667,2.28333333333333,7.4,9.18333333333333,8.96666666666667,6.56666666666667,9.11666666666667,59.1,48.93333333333333,117.15,0.42936802973977684,0.3754789272030656
astrid-falkenstein,HYROX PRO WOMEN,35-39,Germany,Hamburg,2018,5.16666666666667,5.56666666666667,6.65,3.35,7.65,6.63333333333333,7.65,9.2,7.78333333333333,5.53333333333333,7.56666666666667,2.08333333333333,7.7,6.2,9.05,12.8666666666667,8.95,59.21666666666667,51.433333333333366,119.60000000000002,0.42909760589318574,0.505025125628141
nicole-werntges,HYROX PRO WOMEN,45-49,Germany,Hamburg,2018,4.6,6.46666666666667,6.33333333333333,4.45,6.61666666666667,8.05,6.76666666666667,10.3,6.93333333333333,5.9,6.98333333333333,3.73333333333333,7.1,12.4166666666667,8.3,16.3,10.1166666666667,53.633333333333326,67.6166666666667,131.36666666666673,0.4457831325301206,0.5527950310559006
jana-mennig,HYROX PRO WOMEN,30-34,Germany,Hamburg,2018,5.45,5.58333333333333,6.85,4.85,7.46666666666667,11.3,7.73333333333333,12.7166666666667,8.08333333333333,5.7,8.43333333333333,3.98333333333333,8.28333333333333,13.5,12.9166666666667,14.8,13.95,65.2166666666667,72.43333333333337,151.60000000000005,0.5780645161290333,0.4292035398230088
imke-salander,HYROX PRO WOMEN,25-29,Germany,Hamburg,2019,3.93333333333333,4.95,3.65,3.51666666666667,3.78333333333333,5.71666666666667,3.83333333333333,3.73333333333333,3.83333333333333,5.16666666666667,3.78333333333333,1.85,3.8,3.16666666666667,3.56666666666667,4.35,4.5,30.183333333333323,32.45000000000002,67.13333333333334,0.09322033898304924,0.6151603498542276
rebecca-naether,HYROX PRO WOMEN,30-34,Germany,Hamburg,2019,3.93333333333333,4.46666666666667,4.03333333333333,4.3,4.45,4.75,4.31666666666667,3.31666666666667,4.25,4.65,4.28333333333333,2.2,4.25,3.15,6.2,4.65,4.81666666666667,35.71666666666666,31.48333333333334,72.01666666666668,0.36559139784946293,0.9052631578947368
laura-steffens,HYROX PRO WOMEN,25-29,Germany,Hamburg,2019,4.28333333333333,4.63333333333333,4.08333333333333,2.88333333333333,4.35,4.23333333333333,4.28333333333333,3.81666666666667,4.5,4.56666666666667,4.48333333333333,2.81666666666667,4.41666666666667,3.85,4.31666666666667,5.83333333333333,5.25,34.71666666666666,32.63333333333333,72.6,0.09259259259259325,0.6811023622047242
susanna-knorr,HYROX PRO WOMEN,25-29,Germany,Hamburg,2019,4.68333333333333,4.93333333333333,4.26666666666667,2.95,4.3,4.93333333333333,6.25,3.3,4.35,4.55,4.36666666666667,1.75,4.36666666666667,3.28333333333333,4.08333333333333,5.58333333333333,5.15,36.66666666666667,31.283333333333324,73.1,0.3466666666666671,0.5979729729729734
sarah-wiesner,HYROX PRO WOMEN,35-39,Germany,Hamburg,2019,4.21666666666667,4.61666666666667,3.98333333333333,3.68333333333333,4.31666666666667,6.26666666666667,4.36666666666667,4.85,4.56666666666667,4.76666666666667,4.46666666666667,1.76666666666667,4.55,4.16666666666667,4.65,5.28333333333333,5.15,35.11666666666668,35.40000000000001,75.6666666666667,0.14336917562724097,0.5877659574468077
carolin-krupp,HYROX PRO WOMEN,16-24,Germany,Hamburg,2019,4.55,4.83333333333333,4.41666666666667,3.4,4.61666666666667,5.28333333333333,4.9,3.16666666666667,4.71666666666667,4.66666666666667,5.0,2.96666666666667,4.66666666666667,4.11666666666667,4.56666666666667,5.0,5.98333333333333,37.43333333333335,33.43333333333334,76.85000000000002,0.11666666666666607,0.6435331230283916
annika-laue,HYROX PRO WOMEN,16-24,Germany,Hamburg,2019,3.93333333333333,4.7,3.85,3.85,4.7,7.01666666666667,4.51666666666667,4.1,4.35,5.15,4.33333333333333,2.8,4.26666666666667,4.78333333333333,4.15,5.91666666666667,6.15,34.1,38.31666666666667,78.56666666666668,0.18085106382978725,0.548693586698337
maylin-segger,HYROX PRO WOMEN,25-29,Germany,Hamburg,2019,4.58333333333333,4.75,4.4,3.83333333333333,4.78333333333333,6.05,4.7,4.78333333333333,4.5,5.0,4.65,2.01666666666667,4.75,4.58333333333333,4.43333333333333,5.08333333333333,7.55,36.79999999999999,36.09999999999999,80.44999999999997,0.08013937282229887,0.6336088154269967
sabrina-roethig,HYROX PRO WOMEN,30-34,Germany,Hamburg,2019,4.51666666666667,4.9,4.21666666666667,4.33333333333333,4.36666666666667,5.78333333333333,4.45,6.06666666666667,4.45,5.06666666666667,4.38333333333333,2.7,4.48333333333333,4.88333333333333,4.35,6.13333333333333,5.43333333333333,35.21666666666667,39.86666666666666,80.51666666666665,0.06642066420664197,0.7492795389048991
maren-hahlbrock,HYROX PRO WOMEN,35-39,Germany,Hamburg,2019,4.81666666666667,4.78333333333333,4.66666666666667,3.43333333333333,5.15,5.81666666666667,5.11666666666667,4.61666666666667,4.95,4.98333333333333,5.11666666666667,2.55,5.23333333333333,4.9,5.13333333333333,5.9,6.4,40.183333333333344,36.98333333333333,83.56666666666669,0.1082802547770689,0.5902578796561595
antje-bock,HYROX PRO WOMEN,35-39,Germany,Hamburg,2019,4.01666666666667,5.51666666666667,4.2,3.21666666666667,4.66666666666667,5.65,4.78333333333333,4.66666666666667,4.65,5.63333333333333,4.71666666666667,4.6,4.63333333333333,3.56666666666667,4.93333333333333,8.01666666666667,6.15,36.599999999999994,40.866666666666674,83.61666666666669,0.18581081081080955,0.5693215339233044
barbara-winterfeldt,HYROX PRO WOMEN,45-49,Germany,Hamburg,2019,4.31666666666667,5.13333333333333,4.2,4.36666666666667,4.71666666666667,6.51666666666667,5.0,5.2,4.85,4.9,4.71666666666667,2.4,4.63333333333333,4.38333333333333,9.33333333333333,5.45,5.45,41.76666666666667,38.35,85.56666666666669,0.5499999999999998,0.6700767263427111
polina-ivanova,HYROX PRO WOMEN,40-44,Germany,Hamburg,2019,4.66666666666667,5.11666666666667,4.55,4.01666666666667,5.0,9.33333333333333,5.08333333333333,3.91666666666667,5.36666666666667,5.0,5.2,2.25,5.18333333333333,4.71666666666667,4.98333333333333,5.6,5.93333333333333,40.033333333333324,39.95000000000001,85.91666666666666,0.1521739130434788,0.4303571428571434
jana-monin,HYROX PRO WOMEN,25-29,Germany,Hamburg,2019,4.58333333333333,4.98333333333333,4.61666666666667,4.56666666666667,4.95,6.56666666666667,5.18333333333333,6.31666666666667,4.98333333333333,5.05,5.08333333333333,2.9,5.16666666666667,5.38333333333333,4.7,5.15,6.43333333333333,39.266666666666666,40.91666666666667,86.61666666666667,0.11575562700964631,0.6954314720812185
franziska-lechner,HYROX PRO WOMEN,40-44,Germany,Hamburg,2019,4.86666666666667,4.85,4.45,4.71666666666667,4.78333333333333,5.81666666666667,4.63333333333333,4.46666666666667,4.66666666666667,5.01666666666667,4.88333333333333,2.81666666666667,4.93333333333333,5.26666666666667,4.71666666666667,9.3,6.45,37.93333333333332,42.250000000000014,86.63333333333334,0.09797297297297233,0.8108882521489973
patricia-materne,HYROX PRO WOMEN,30-34,Germany,Hamburg,2019,4.56666666666667,4.81666666666667,4.73333333333333,3.73333333333333,5.1,7.4,5.2,4.98333333333333,5.21666666666667,5.16666666666667,5.01666666666667,2.41666666666667,5.2,4.68333333333333,5.03333333333333,7.51666666666667,6.41666666666667,40.06666666666667,40.716666666666676,87.19999999999999,0.12460063897763576,0.504504504504504
athlete,HYROX PRO WOMEN,16-24,Germany,Hamburg,2019,4.23333333333333,4.8,4.16666666666667,4.93333333333333,5.11666666666667,8.15,4.98333333333333,4.95,5.0,5.11666666666667,4.85,2.76666666666667,4.91666666666667,5.11666666666667,4.71666666666667,7.31666666666667,6.31666666666667,37.98333333333334,43.15000000000001,87.45000000000002,0.18566775244299666,0.6053169734151325
andrea-schnell,HYROX PRO WOMEN,45-49,Germany,Hamburg,2019,4.91666666666667,5.26666666666667,4.76666666666667,4.35,5.0,6.08333333333333,5.06666666666667,5.88333333333333,5.0,5.21666666666667,5.01666666666667,2.85,5.05,5.2,4.86666666666667,6.75,7.23333333333333,39.683333333333344,41.60000000000001,88.51666666666668,0.0592105263157894,0.7150684931506852
trixi-mesech,HYROX PRO WOMEN,16-24,Germany,Hamburg,2019,4.58333333333333,4.93333333333333,4.76666666666667,4.06666666666667,5.15,8.06666666666667,5.3,5.16666666666667,5.15,4.95,5.33333333333333,3.38333333333333,5.36666666666667,4.9,5.05,6.86666666666667,5.88333333333333,40.699999999999996,42.333333333333336,88.91666666666667,0.1459627329192557,0.5041322314049589
karola-kolle,HYROX PRO WOMEN,30-34,Germany,Hamburg,2019,4.63333333333333,5.43333333333333,4.4,5.5,4.81666666666667,9.05,5.03333333333333,4.25,5.06666666666667,5.1,5.1,2.95,5.16666666666667,4.7,5.11666666666667,5.91666666666667,6.71666666666667,39.33333333333334,42.900000000000006,88.95000000000002,0.14838709677419396,0.6077348066298343
tabea-fluegge,HYROX PRO WOMEN,30-34,Germany,Hamburg,2019,4.65,5.05,4.41666666666667,3.88333333333333,4.6,9.2,4.7,6.35,4.83333333333333,4.93333333333333,4.9,2.05,4.85,5.46666666666667,4.83333333333333,7.45,7.68333333333333,37.78333333333333,44.38333333333333,89.85,0.09863945578231238,0.42210144927536203
alexandra-wilken,HYROX PRO WOMEN,25-29,Germany,Hamburg,2019,5.2,4.25,4.73333333333333,4.0,5.43333333333333,7.91666666666667,6.53333333333333,5.56666666666667,5.18333333333333,5.11666666666667,4.96666666666667,3.1,4.96666666666667,4.35,4.65,7.98333333333333,7.1,41.66666666666666,42.28333333333334,91.04999999999998,0.28826530612244855,0.5052631578947366
catherine-brock,HYROX PRO WOMEN,45-49,United Kingdom,Hamburg,2019,4.96666666666667,4.8,5.13333333333333,3.7,5.56666666666667,5.46666666666667,5.96666666666667,5.33333333333333,5.88333333333333,5.16666666666667,6.01666666666667,2.78333333333333,6.05,4.63333333333333,7.86666666666667,5.75,9.01666666666667,47.45,37.633333333333326,94.1,0.36864406779660996,0.6768292682926825
josefine-ross,HYROX PRO WOMEN,30-34,Germany,Hamburg,2019,5.05,5.06666666666667,4.88333333333333,3.58333333333333,5.43333333333333,7.85,5.4,5.06666666666667,5.36666666666667,5.28333333333333,5.25,2.56666666666667,5.33333333333333,5.03333333333333,7.53333333333333,7.41666666666667,8.7,44.24999999999999,41.866666666666674,94.81666666666666,0.3517699115044249,0.45647558386411846
carmen-ruemmele,HYROX PRO WOMEN,40-44,Switzerland,Hamburg,2019,5.46666666666667,4.86666666666667,5.36666666666667,3.15,5.61666666666667,7.45,5.85,6.4,5.93333333333333,5.5,5.7,3.08333333333333,5.73333333333333,5.21666666666667,5.51666666666667,6.73333333333333,7.51666666666667,45.183333333333344,42.39999999999999,95.10000000000001,0.09550561797752706,0.4228187919463087
anna-lena-schroeder,HYROX PRO WOMEN,30-34,Germany,Hamburg,2019,5.15,5.33333333333333,4.96666666666667,4.18333333333333,5.3,7.51666666666667,5.4,6.21666666666667,5.33333333333333,5.38333333333333,5.46666666666667,3.43333333333333,5.43333333333333,6.43333333333333,5.21666666666667,8.15,7.45,42.266666666666666,46.64999999999999,96.36666666666666,0.09146341463414628,0.5565410199556534
tina-gailus,HYROX PRO WOMEN,30-34,Germany,Hamburg,2019,4.63333333333333,5.28333333333333,4.63333333333333,4.6,5.35,10.85,5.23333333333333,4.93333333333333,5.15,5.25,5.26666666666667,3.76666666666667,5.76666666666667,4.83333333333333,5.46666666666667,8.35,8.26666666666667,41.5,47.86666666666666,97.63333333333331,0.1965317919075155,0.423963133640553
sara-cierpial,HYROX PRO WOMEN,25-29,Germany,Hamburg,2019,4.61666666666667,5.21666666666667,5.05,4.1,5.3,6.36666666666667,5.4,5.98333333333333,5.28333333333333,5.31666666666667,5.58333333333333,3.0,5.35,6.3,8.11666666666667,8.3,8.63333333333333,44.7,44.58333333333334,97.91666666666666,0.43121149897330585,0.6439790575916227
carmen-jahnke,HYROX PRO WOMEN,40-44,Germany,Hamburg,2019,4.43333333333333,5.06666666666667,4.96666666666667,6.33333333333333,5.38333333333333,7.08333333333333,5.36666666666667,6.65,5.46666666666667,5.88333333333333,5.48333333333333,2.93333333333333,5.36666666666667,5.76666666666667,5.53333333333333,10.0833333333333,7.18333333333333,42.00000000000001,49.79999999999996,98.98333333333329,0.19879518072289162,0.8941176470588235
pauline-pautsch,HYROX PRO WOMEN,30-34,Germany,Hamburg,2019,5.15,5.13333333333333,4.73333333333333,5.5,5.43333333333333,10.85,5.8,5.9,8.75,8.56666666666667,5.78333333333333,2.5,5.71666666666667,4.11666666666667,5.9,6.01666666666667,2.43333333333333,47.26666666666666,48.583333333333336,98.28333333333333,0.4590476190476194,0.5069124423963134
maren-dingler,HYROX PRO WOMEN,16-24,Germany,Hamburg,2019,5.15,5.5,5.11666666666667,4.13333333333333,5.46666666666667,10.2833333333333,5.86666666666667,8.86666666666667,5.75,5.46666666666667,5.48333333333333,3.56666666666667,5.43333333333333,6.0,5.66666666666667,7.33333333333333,7.53333333333333,43.93333333333334,51.14999999999997,102.61666666666663,0.12784090909090903,0.4019448946515407
jeanne-minou-klette,HYROX PRO WOMEN,25-29,Germany,Hamburg,2019,5.23333333333333,5.55,5.95,4.83333333333333,6.55,8.88333333333333,6.6,4.1,6.45,5.7,6.43333333333333,3.03333333333333,6.13333333333333,5.65,5.96666666666667,7.05,9.86666666666667,49.316666666666656,44.79999999999998,103.98333333333332,0.20707070707070754,0.5440900562851781
nadja-maushake,HYROX PRO WOMEN,16-24,Germany,Hamburg,2019,4.96666666666667,5.06666666666667,5.38333333333333,5.11666666666667,6.05,9.31666666666667,6.18333333333333,7.08333333333333,6.26666666666667,5.8,6.06666666666667,3.11666666666667,6.15,5.53333333333333,6.15,7.83333333333333,8.15,47.21666666666667,48.86666666666667,104.23333333333333,0.20744680851063815,0.5491949910554563
joelle-marmon,HYROX PRO WOMEN,25-29,Germany,Hamburg,2019,5.35,5.36666666666667,5.55,5.03333333333333,6.91666666666667,7.96666666666667,6.4,4.76666666666667,6.26666666666667,5.26666666666667,5.85,3.11666666666667,5.71666666666667,5.0,8.8,7.23333333333333,9.86666666666667,50.85000000000001,43.75000000000001,104.4666666666667,0.39204545454545464,0.6317991631799156
lisa-volkamer,HYROX PRO WOMEN,30-34,Germany,Hamburg,2019,4.78333333333333,5.45,5.13333333333333,5.78333333333333,5.66666666666667,10.2666666666667,6.08333333333333,5.61666666666667,6.3,5.75,6.03333333333333,2.95,5.9,6.2,5.75,9.01666666666667,8.01666666666667,45.64999999999999,51.033333333333374,104.70000000000003,0.2407407407407413,0.5633116883116862
claudia-moeller,HYROX PRO WOMEN,30-34,Germany,Hamburg,2019,5.33333333333333,5.1,5.85,4.95,5.8,8.3,6.2,5.46666666666667,6.5,5.1,6.1,3.11666666666667,6.03333333333333,6.13333333333333,6.11666666666667,9.6,10.5833333333333,47.93333333333333,47.76666666666667,106.28333333333329,0.17948717948717993,0.5963855421686747
marta-gornas,HYROX PRO WOMEN,30-34,Germany,Hamburg,2019,5.2,5.63333333333333,6.0,5.78333333333333,6.4,8.31666666666667,6.56666666666667,5.9,6.41666666666667,5.66666666666667,6.55,2.95,6.41666666666667,5.38333333333333,5.7,10.05,8.0,49.250000000000014,49.68333333333334,106.93333333333335,0.2081218274111679,0.6953907815631255
stefanie-fitzner,HYROX PRO WOMEN,30-34,Germany,Hamburg,2019,5.33333333333333,5.26666666666667,5.38333333333333,9.05,5.81666666666667,6.48333333333333,6.1,6.4,6.05,5.35,6.13333333333333,3.63333333333333,6.01666666666667,7.81666666666667,6.15,7.83333333333333,8.48333333333333,46.983333333333334,51.833333333333336,107.30000000000001,0.13279132791327966,1.395886889460155
andrea-schirrmacher,HYROX PRO WOMEN,30-34,Germany,Hamburg,2019,5.88333333333333,5.6,5.56666666666667,5.05,5.86666666666667,9.9,6.41666666666667,6.01666666666667,6.18333333333333,5.63333333333333,6.11666666666667,4.4,6.1,5.9,6.31666666666667,9.15,8.75,48.45000000000001,51.64999999999999,108.85000000000002,0.13246753246753235,0.51010101010101
jose-deutgen,HYROX PRO WOMEN,16-24,Germany,Hamburg,2019,5.33333333333333,4.96666666666667,6.08333333333333,5.9,5.78333333333333,7.58333333333333,5.83333333333333,7.53333333333333,6.01666666666667,5.35,6.06666666666667,3.41666666666667,6.4,6.45,6.26666666666667,9.75,11.2166666666667,47.78333333333333,50.95000000000001,109.95000000000003,0.16666666666666718,0.7780219780219784
michelle-chaim-lev,HYROX PRO WOMEN,25-29,Germany,Hamburg,2019,5.28333333333333,5.3,5.78333333333333,5.05,6.0,8.28333333333333,7.0,8.56666666666667,6.66666666666667,5.83333333333333,6.68333333333333,4.38333333333333,6.36666666666667,5.91666666666667,6.33333333333333,7.31666666666667,10.4666666666667,50.11666666666665,50.650000000000006,111.23333333333332,0.24523809523809575,0.6096579476861169
caroline-weber,HYROX PRO WOMEN,30-34,Germany,Hamburg,2019,5.05,5.23333333333333,5.1,6.33333333333333,5.8,6.53333333333333,5.91666666666667,6.53333333333333,6.2,5.26666666666667,6.11666666666667,2.88333333333333,6.16666666666667,6.5,6.23333333333333,16.0,9.8,46.583333333333336,55.28333333333332,111.66666666666664,0.18983957219251293,0.9693877551020409
kaja-koenig,HYROX PRO WOMEN,16-24,Germany,Hamburg,2019,4.96666666666667,5.15,6.13333333333333,6.73333333333333,5.88333333333333,8.06666666666667,5.83333333333333,6.86666666666667,6.46666666666667,5.46666666666667,6.5,4.76666666666667,7.03333333333333,7.4,6.76666666666667,10.3833333333333,8.36666666666667,49.583333333333336,54.833333333333314,112.78333333333332,0.2938388625592408,0.8347107438016521
miriam-maedel,HYROX PRO WOMEN,35-39,Germany,Hamburg,2019,6.78333333333333,5.36666666666667,6.36666666666667,3.86666666666667,6.61666666666667,6.85,6.58333333333333,7.26666666666667,6.88333333333333,5.35,7.0,2.78333333333333,7.16666666666667,10.4833333333333,7.11666666666667,7.18333333333333,10.5833333333333,54.51666666666667,49.14999999999997,114.24999999999993,0.11162790697674412,0.5644768856447694
tanja-koenig,HYROX PRO WOMEN,40-44,Germany,Hamburg,2019,6.13333333333333,5.0,6.03333333333333,5.36666666666667,6.45,7.3,6.73333333333333,6.7,6.93333333333333,5.21666666666667,7.0,4.48333333333333,7.53333333333333,8.73333333333333,8.08333333333333,10.15,9.66666666666667,54.89999999999998,52.949999999999996,117.51666666666667,0.25360824742268057,0.7351598173515986
cristina-ecaterina-reichenbach,HYROX PRO WOMEN,30-34,Germany,Hamburg,2019,5.73333333333333,5.4,5.85,4.73333333333333,6.53333333333333,8.86666666666667,6.53333333333333,5.18333333333333,6.73333333333333,5.13333333333333,6.58333333333333,3.46666666666667,6.43333333333333,9.6,10.0333333333333,13.7666666666667,10.4166666666667,54.43333333333328,56.150000000000034,121.0,0.428571428571427,0.5338345864661648
inga-niehusen,HYROX PRO WOMEN,30-34,Germany,Hamburg,2019,6.36666666666667,5.75,6.43333333333333,11.0333333333333,6.85,13.0166666666667,7.56666666666667,6.21666666666667,7.36666666666667,5.58333333333333,7.21666666666667,4.65,6.95,6.56666666666667,6.56666666666667,8.66666666666667,11.15,55.31666666666668,61.483333333333334,127.95000000000003,0.158590308370044,0.8476312419974344
nicole-meier,HYROX PRO WOMEN,25-29,Germany,Hamburg,2019,6.53333333333333,5.35,6.5,6.68333333333333,7.33333333333333,10.1166666666667,7.25,8.6,7.56666666666667,5.45,7.41666666666667,3.8,7.38333333333333,8.76666666666667,7.05,13.1166666666667,10.6,57.03333333333333,61.8833333333334,129.51666666666674,0.1409691629955951,0.6606260296540338
viola-oberlaender,HYROX PRO WOMEN,30-34,Germany,Hamburg,2021,3.71666666666667,4.21666666666667,4.2,2.53333333333333,4.43333333333333,3.81666666666667,4.45,2.9,4.55,4.43333333333333,4.38333333333333,1.65,4.58333333333333,3.33333333333333,5.31666666666667,3.76666666666667,5.75,35.63333333333333,26.649999999999995,68.03333333333333,0.3009404388714732,0.6637554585152824
rebecca-naether,HYROX PRO WOMEN,35-39,Germany,Hamburg,2021,3.71666666666667,4.13333333333333,4.23333333333333,3.28333333333333,4.56666666666667,4.61666666666667,4.43333333333333,3.2,4.41666666666667,4.41666666666667,4.4,1.85,4.46666666666667,3.38333333333333,5.0,3.63333333333333,5.98333333333333,35.233333333333334,28.51666666666666,69.73333333333333,0.25666666666666604,0.711191335740071
sabrina-roethig,HYROX PRO WOMEN,30-34,Germany,Hamburg,2021,4.06666666666667,4.5,4.15,3.25,4.2,3.75,4.26666666666667,3.73333333333333,4.28333333333333,4.53333333333333,4.28333333333333,2.15,4.33333333333333,3.46666666666667,4.88333333333333,4.78333333333333,5.93333333333333,34.46666666666666,30.166666666666657,70.56666666666663,0.16723549488054487,0.8666666666666667
beatrice-ardelt,HYROX PRO WOMEN,16-24,Germany,Hamburg,2021,3.7,4.51666666666667,4.08333333333333,3.55,4.4,4.88333333333333,4.53333333333333,3.58333333333333,4.55,4.93333333333333,4.33333333333333,2.18333333333333,4.43333333333333,3.63333333333333,5.0,5.2,6.3,35.033333333333324,32.48333333333332,73.81666666666665,0.25999999999999995,0.7269624573378843
carina-bungard,HYROX PRO WOMEN,30-34,Germany,Hamburg,2021,3.71666666666667,4.33333333333333,4.15,3.75,4.38333333333333,5.26666666666667,4.35,3.05,4.51666666666667,4.71666666666667,4.33333333333333,2.21666666666667,4.35,4.26666666666667,5.05,5.55,6.08333333333333,34.85,33.15000000000001,74.08333333333334,0.26402640264026334,0.7120253164556958
annika-laue,HYROX PRO WOMEN,16-24,Germany,Hamburg,2021,3.75,4.33333333333333,4.16666666666667,3.68333333333333,5.13333333333333,4.63333333333333,4.53333333333333,3.86666666666667,4.51666666666667,4.8,4.33333333333333,2.53333333333333,4.33333333333333,3.83333333333333,5.0,5.08333333333333,7.48333333333333,35.76666666666666,32.76666666666665,76.01666666666664,0.26948051948051904,0.7949640287769782
katrin-heger,HYROX PRO WOMEN,25-29,Germany,Hamburg,2021,4.46666666666667,4.21666666666667,4.6,2.9,4.85,5.01666666666667,4.83333333333333,5.05,5.0,4.46666666666667,4.91666666666667,1.93333333333333,4.8,5.21666666666667,5.53333333333333,4.3,7.36666666666667,39.0,33.10000000000001,79.46666666666668,0.1927710843373482,0.5780730897009962
daniela-esch,HYROX PRO WOMEN,35-39,Germany,Hamburg,2021,4.58333333333333,4.46666666666667,5.0,3.01666666666667,5.2,5.01666666666667,5.38333333333333,4.16666666666667,5.5,4.6,5.46666666666667,1.93333333333333,5.46666666666667,4.11666666666667,6.31666666666667,4.55,7.83333333333333,42.91666666666667,31.86666666666668,82.61666666666667,0.27440633245382673,0.6013289036544853
katrin-grieger,HYROX PRO WOMEN,40-44,Germany,Hamburg,2021,4.08333333333333,4.98333333333333,4.48333333333333,3.95,4.8,6.9,4.75,3.83333333333333,4.81666666666667,4.78333333333333,4.81666666666667,2.65,4.9,4.4,5.68333333333333,5.8,7.96666666666667,38.33333333333333,37.29999999999998,83.6,0.2815249266862171,0.572463768115942
julia-jacobsen,HYROX PRO WOMEN,30-34,Germany,Hamburg,2021,4.63333333333333,4.83333333333333,5.08333333333333,2.63333333333333,5.38333333333333,5.5,5.61666666666667,4.01666666666667,5.51666666666667,4.81666666666667,5.45,2.75,5.66666666666667,4.21666666666667,6.45,4.48333333333333,7.36666666666667,43.800000000000004,33.25,84.41666666666669,0.28165374677002636,0.4787878787878782
lucia-salatino,HYROX PRO WOMEN,16-24,Germany,Hamburg,2021,4.36666666666667,4.61666666666667,4.76666666666667,2.85,5.1,4.51666666666667,5.31666666666667,6.15,5.65,4.58333333333333,5.36666666666667,2.71666666666667,5.11666666666667,5.0,6.0,6.43333333333333,7.28333333333333,41.68333333333335,36.86666666666667,85.83333333333334,0.2722222222222217,0.6309963099630992
stefanie-lipsky,HYROX PRO WOMEN,35-39,Germany,Hamburg,2021,4.36666666666667,4.35,5.03333333333333,3.36666666666667,5.41666666666667,5.48333333333333,5.4,4.46666666666667,5.65,4.65,5.35,2.48333333333333,5.4,4.71666666666667,6.01666666666667,6.4,8.81666666666667,42.63333333333334,35.91666666666667,87.36666666666667,0.2742382271468143,0.613981762917934
kimberly-miller,HYROX PRO WOMEN,30-34,Germany,Hamburg,2021,3.86666666666667,4.36666666666667,4.2,5.38333333333333,4.46666666666667,4.55,4.58333333333333,4.81666666666667,4.71666666666667,4.38333333333333,4.65,2.56666666666667,4.76666666666667,8.9,6.01666666666667,8.36666666666667,7.3,37.26666666666668,43.33333333333334,87.90000000000002,0.3573407202216065,1.1831501831501825
caroline-opitz,HYROX PRO WOMEN,25-29,Germany,Hamburg,2021,4.28333333333333,4.66666666666667,5.08333333333333,4.88333333333333,5.88333333333333,6.16666666666667,5.13333333333333,4.43333333333333,5.21666666666667,4.81666666666667,5.26666666666667,2.98333333333333,5.31666666666667,4.25,6.28333333333333,4.81666666666667,9.56666666666667,42.466666666666654,37.01666666666667,89.05000000000001,0.3183023872679047,0.791891891891891
holly-du-plessis,HYROX PRO WOMEN,25-29,Germany,Hamburg,2021,4.08333333333333,4.63333333333333,4.58333333333333,3.91666666666667,5.46666666666667,7.16666666666667,5.3,3.68333333333333,5.43333333333333,4.93333333333333,5.33333333333333,2.36666666666667,5.7,5.76666666666667,6.71666666666667,6.85,7.48333333333333,42.61666666666666,39.31666666666667,89.41666666666666,0.3920595533498767,0.546511627906977
nadine-wendt,HYROX PRO WOMEN,30-34,Germany,Hamburg,2021,4.6,4.55,4.95,4.21666666666667,5.01666666666667,6.03333333333333,4.93333333333333,5.76666666666667,5.23333333333333,4.7,5.28333333333333,2.73333333333333,5.15,4.56666666666667,6.31666666666667,6.5,9.03333333333333,41.48333333333333,39.06666666666667,89.58333333333334,0.27176781002638567,0.6988950276243104
ulrike-hacker,HYROX PRO WOMEN,30-34,Germany,Hamburg,2021,4.75,4.96666666666667,4.61666666666667,4.05,4.78333333333333,6.43333333333333,4.9,5.3,5.11666666666667,5.08333333333333,5.1,3.15,5.15,5.78333333333333,6.2,6.08333333333333,8.28333333333333,40.616666666666674,40.84999999999999,89.75,0.255376344086021,0.629533678756477
jennifer-fairbairns,HYROX PRO WOMEN,40-44,Spain,Hamburg,2021,4.43333333333333,4.76666666666667,4.81666666666667,2.93333333333333,5.4,5.86666666666667,5.66666666666667,5.48333333333333,5.63333333333333,4.91666666666667,5.58333333333333,2.6,5.65,5.26666666666667,7.68333333333333,5.73333333333333,8.6,44.86666666666666,37.56666666666667,91.03333333333332,0.4229934924078093,0.49999999999999917
lisa-ristow,HYROX PRO WOMEN,25-29,Germany,Hamburg,2021,5.1,4.6,5.33333333333333,3.48333333333333,5.46666666666667,5.13333333333333,5.48333333333333,5.65,5.91666666666667,4.65,5.8,2.73333333333333,5.78333333333333,5.08333333333333,6.65,6.35,8.58333333333333,45.533333333333324,37.68333333333332,91.79999999999998,0.2330827067669174,0.6785714285714283
marina-oetting,HYROX PRO WOMEN,25-29,Germany,Hamburg,2021,4.98333333333333,4.91666666666667,5.2,3.15,5.43333333333333,5.8,5.53333333333333,5.06666666666667,6.4,4.86666666666667,5.76666666666667,2.83333333333333,5.91666666666667,5.35,7.16666666666667,4.96666666666667,8.71666666666667,46.400000000000006,36.95000000000001,92.06666666666668,0.3046511627906984,0.5431034482758621
nina-stietz,HYROX PRO WOMEN,35-39,Germany,Hamburg,2021,5.05,4.83333333333333,5.41666666666667,3.7,5.6,6.58333333333333,5.68333333333333,3.85,5.86666666666667,4.86666666666667,5.8,3.46666666666667,5.7,5.43333333333333,6.71666666666667,6.26666666666667,7.26666666666667,45.83333333333334,39.00000000000001,92.1,0.2481389578163776,0.5620253164556965
emma-gross,HYROX PRO WOMEN,16-24,Germany,Hamburg,2021,4.13333333333333,4.61666666666667,5.0,5.95,5.53333333333333,7.0,5.35,4.86666666666667,5.63333333333333,4.51666666666667,5.51666666666667,3.28333333333333,5.4,5.16666666666667,6.06666666666667,7.3,8.28333333333333,42.633333333333326,42.70000000000001,93.61666666666666,0.31868131868131955,0.85
franca-behrens,HYROX PRO WOMEN,30-34,Germany,Hamburg,2021,4.21666666666667,4.73333333333333,4.5,4.15,5.2,5.81666666666667,5.15,5.43333333333333,5.25,5.05,5.05,3.43333333333333,5.15,8.08333333333333,5.96666666666667,10.5333333333333,7.46666666666667,40.48333333333334,47.23333333333329,95.1833333333333,0.2932960893854747,0.7134670487106014
marieke-harfmann,HYROX PRO WOMEN,16-24,Germany,Hamburg,2021,4.16666666666667,4.98333333333333,5.36666666666667,4.08333333333333,6.13333333333333,7.85,6.88333333333333,5.83333333333333,7.15,5.3,6.2,3.55,6.21666666666667,5.53333333333333,7.21666666666667,5.98333333333333,10.7,49.333333333333336,43.116666666666646,103.14999999999998,0.4226327944572747,0.5201698513800421
mareike-poeppelmann,HYROX PRO WOMEN,30-34,Germany,Hamburg,2021,5.06666666666667,4.4,6.08333333333333,3.9,6.86666666666667,5.91666666666667,6.65,5.5,6.7,4.8,6.55,3.3,6.76666666666667,6.05,8.48333333333333,7.53333333333333,10.3833333333333,53.16666666666667,41.4,104.94999999999996,0.40275049115913497,0.6591549295774645
sabrina-hertramph,HYROX PRO WOMEN,40-44,Germany,Hamburg,2021,5.08333333333333,4.76666666666667,5.71666666666667,5.06666666666667,5.98333333333333,6.25,6.0,6.05,6.23333333333333,5.41666666666667,6.01666666666667,3.2,6.18333333333333,8.21666666666667,8.25,10.5666666666667,13.6666666666667,49.46666666666666,49.53333333333338,112.66666666666676,0.3838383838383842,0.8106666666666672
rebecca-naether,HYROX PRO WOMEN,30-34,Germany,Hannover,2019,3.81666666666667,4.25,4.71666666666667,3.4,4.65,5.0,4.68333333333333,3.15,4.71666666666667,4.58333333333333,4.71666666666667,2.03333333333333,4.81666666666667,3.2,4.76666666666667,5.6,3.58333333333333,36.883333333333354,31.21666666666666,71.68333333333334,0.2076124567474047,0.6799999999999999
lisa-duengfelder,HYROX PRO WOMEN,30-34,Germany,Hannover,2019,3.95,4.45,4.6,2.61666666666667,4.8,4.33333333333333,4.76666666666667,4.5,4.73333333333333,4.43333333333333,4.78333333333333,1.93333333333333,4.83333333333333,5.31666666666667,4.78333333333333,4.31666666666667,3.55,37.24999999999999,31.9,72.69999999999997,0.18275862068965462,0.603846153846155
magdalena-schubert,HYROX PRO WOMEN,25-29,Germany,Hannover,2019,4.36666666666667,4.41666666666667,5.06666666666667,1.75,5.55,4.15,5.25,3.68333333333333,5.3,4.61666666666667,5.08333333333333,1.56666666666667,5.13333333333333,3.63333333333333,4.98333333333333,4.65,4.98333333333333,40.733333333333334,28.46666666666667,74.18333333333334,0.21321321321321263,0.4216867469879518
nicole-landre,HYROX PRO WOMEN,30-34,Germany,Hannover,2019,4.06666666666667,4.48333333333333,4.76666666666667,2.16666666666667,5.11666666666667,4.16666666666667,5.25,3.81666666666667,5.55,4.61666666666667,5.25,1.83333333333333,5.33333333333333,4.2,5.28333333333333,4.11666666666667,5.61666666666667,40.616666666666674,29.40000000000001,75.63333333333335,0.26726726726726663,0.5200000000000005
linda-doerks,HYROX PRO WOMEN,30-34,Germany,Hannover,2019,3.91666666666667,4.38333333333333,4.73333333333333,3.73333333333333,5.1,4.71666666666667,5.06666666666667,3.61666666666667,5.1,4.63333333333333,5.0,2.8,5.03333333333333,3.4,5.23333333333333,6.05,3.85,39.18333333333333,33.33333333333333,76.36666666666665,0.2515923566878969,0.7915194346289739
susanna-knorr,HYROX PRO WOMEN,25-29,Germany,Hannover,2019,4.31666666666667,4.71666666666667,4.55,2.51666666666667,4.8,5.6,4.93333333333333,3.7,4.93333333333333,5.1,4.88333333333333,2.43333333333333,4.91666666666667,4.61666666666667,4.91666666666667,6.55,4.35,38.25,35.23333333333334,77.83333333333334,0.12499999999999874,0.4494047619047626
nadine-vietmeier,HYROX PRO WOMEN,30-34,Germany,Hannover,2019,4.53333333333333,4.61666666666667,4.76666666666667,2.81666666666667,5.45,5.03333333333333,5.06666666666667,4.68333333333333,5.13333333333333,4.7,5.15,2.7,5.26666666666667,4.31666666666667,5.33333333333333,5.88333333333333,6.1,40.7,34.75,81.54999999999998,0.16819571865443494,0.5596026490066236
elisa-frankenau,HYROX PRO WOMEN,25-29,Germany,Hannover,2019,4.81666666666667,4.6,5.1,2.71666666666667,5.33333333333333,6.51666666666667,5.46666666666667,3.46666666666667,5.21666666666667,4.96666666666667,5.26666666666667,2.53333333333333,5.53333333333333,4.75,5.6,4.8,5.93333333333333,42.333333333333336,34.35000000000001,82.61666666666667,0.13988095238095175,0.41687979539641973
franziska-lechner,HYROX PRO WOMEN,40-44,Germany,Hannover,2019,4.35,4.6,4.83333333333333,2.98333333333333,4.96666666666667,6.48333333333333,4.96666666666667,3.65,5.1,4.66666666666667,5.03333333333333,2.76666666666667,5.25,4.95,5.2,8.36666666666667,4.66666666666667,39.7,38.46666666666667,82.83333333333334,0.17142857142857149,0.46015424164524393
anna-lena-schmidt,HYROX PRO WOMEN,30-34,Germany,Hannover,2019,4.35,4.66666666666667,5.28333333333333,3.46666666666667,5.61666666666667,4.66666666666667,5.63333333333333,4.8,5.56666666666667,4.95,5.45,2.23333333333333,5.75,4.18333333333333,5.78333333333333,6.58333333333333,4.38333333333333,43.43333333333333,35.55,83.36666666666666,0.24783861671469698,0.7428571428571431
sonja-bajtl,HYROX PRO WOMEN,30-34,Germany,Hannover,2019,4.53333333333333,4.71666666666667,5.33333333333333,2.8,5.66666666666667,5.85,5.41666666666667,3.91666666666667,5.25,4.95,5.21666666666667,2.58333333333333,5.33333333333333,5.38333333333333,5.55,5.26666666666667,5.85,42.3,35.46666666666667,83.61666666666665,0.20000000000000107,0.47863247863247865
estefania-olivares-lagos,HYROX PRO WOMEN,30-34,Germany,Hannover,2019,4.65,4.43333333333333,5.18333333333333,2.31666666666667,5.8,4.55,5.9,4.76666666666667,5.95,4.65,5.91666666666667,2.31666666666667,5.83333333333333,4.83333333333333,6.25,6.51666666666667,4.53333333333333,45.48333333333333,34.38333333333334,84.4,0.25599999999999995,0.5091575091575099
katharina-kurz,HYROX PRO WOMEN,30-34,Germany,Hannover,2019,4.56666666666667,4.83333333333333,5.06666666666667,3.61666666666667,5.38333333333333,6.36666666666667,5.53333333333333,4.3,5.68333333333333,5.18333333333333,5.6,2.55,5.63333333333333,4.0,5.86666666666667,5.85,5.6,43.33333333333333,36.7,85.63333333333331,0.22159090909090895,0.5680628272251311
ina-buchwald,HYROX PRO WOMEN,25-29,Germany,Hannover,2019,4.35,4.7,5.15,3.11666666666667,5.66666666666667,5.65,5.51666666666667,5.33333333333333,5.55,4.88333333333333,5.68333333333333,3.31666666666667,5.71666666666667,4.68333333333333,6.0,6.76666666666667,5.0,43.63333333333334,38.45,87.08333333333333,0.2750000000000001,0.5516224188790566
sabrina-schueller,HYROX PRO WOMEN,35-39,Germany,Hannover,2019,4.36666666666667,4.61666666666667,5.15,3.33333333333333,5.25,7.13333333333333,5.21666666666667,5.0,5.28333333333333,5.21666666666667,5.36666666666667,3.91666666666667,5.3,5.08333333333333,5.61666666666667,7.23333333333333,6.08333333333333,41.55000000000001,41.533333333333324,89.16666666666667,0.22255192878338267,0.46728971962616794
marina-bauer,HYROX PRO WOMEN,25-29,Germany,Hannover,2019,4.81666666666667,4.26666666666667,5.33333333333333,2.63333333333333,5.7,5.18333333333333,5.85,5.81666666666667,5.9,4.61666666666667,5.91666666666667,3.0,6.33333333333333,5.25,6.45,6.38333333333333,5.93333333333333,46.300000000000004,37.15,89.38333333333335,0.2532299741602062,0.5080385852090029
lea-breuer,HYROX PRO WOMEN,25-29,Germany,Hannover,2019,4.81666666666667,4.8,5.28333333333333,3.11666666666667,5.71666666666667,4.26666666666667,5.6,6.35,5.6,5.03333333333333,5.7,2.8,5.75,5.85,6.15,8.9,5.11666666666667,44.616666666666674,41.11666666666667,90.85000000000001,0.21680216802167973,0.7304687500000001
katja-fuhrmann,HYROX PRO WOMEN,16-24,Germany,Hannover,2019,5.21666666666667,4.26666666666667,5.7,2.36666666666667,5.98333333333333,5.43333333333333,6.08333333333333,5.95,6.36666666666667,4.38333333333333,6.35,3.35,6.16666666666667,5.55,6.45,7.83333333333333,4.68333333333333,48.31666666666668,39.13333333333333,92.13333333333333,0.1912144702842372,0.4355828220858904
franziska-wittig,HYROX PRO WOMEN,16-24,Germany,Hannover,2019,5.11666666666667,4.66666666666667,5.73333333333333,2.93333333333333,5.88333333333333,5.8,6.13333333333333,7.63333333333333,6.31666666666667,4.66666666666667,6.15,2.11666666666667,6.45,5.56666666666667,6.35,9.0,5.06666666666667,48.13333333333333,42.38333333333334,95.58333333333334,0.20671834625322952,0.5057471264367811
grit-freiwald,HYROX PRO WOMEN,35-39,Germany,Hannover,2019,4.11666666666667,5.36666666666667,4.5,6.95,4.53333333333333,11.2833333333333,4.75,4.06666666666667,4.73333333333333,5.4,4.65,4.73333333333333,4.78333333333333,4.93333333333333,4.91666666666667,11.4166666666667,4.55,36.983333333333334,54.15,95.68333333333334,0.16271186440677954,0.6159527326440196
isabella-hahn,HYROX PRO WOMEN,30-34,Germany,Hannover,2019,4.51666666666667,4.78333333333333,5.38333333333333,4.11666666666667,6.28333333333333,6.96666666666667,5.51666666666667,7.06666666666667,5.73333333333333,5.25,5.81666666666667,2.6,5.38333333333333,6.68333333333333,5.75,7.98333333333333,6.21666666666667,44.38333333333333,45.449999999999996,96.05,0.2811671087533147,0.590909090909091
karina-schmitt,HYROX PRO WOMEN,30-34,Germany,Hannover,2019,4.06666666666667,4.7,5.08333333333333,3.91666666666667,5.2,7.48333333333333,5.33333333333333,4.96666666666667,5.43333333333333,4.81666666666667,5.65,4.08333333333333,5.66666666666667,6.1,10.7666666666667,9.38333333333333,5.05,47.20000000000003,45.45,97.70000000000002,0.6222910216718275,0.5233853006681521
carmen-jahnke,HYROX PRO WOMEN,40-44,Germany,Hannover,2019,4.16666666666667,4.86666666666667,5.36666666666667,4.16666666666667,6.08333333333333,5.65,5.91666666666667,6.26666666666667,5.81666666666667,5.35,5.83333333333333,3.63333333333333,5.91666666666667,5.06666666666667,6.3,10.1166666666667,7.3,45.400000000000006,45.11666666666672,97.8166666666667,0.33862433862433816,0.7374631268436583
katharina-waszak,HYROX PRO WOMEN,35-39,Germany,Hannover,2019,4.5,4.88333333333333,5.18333333333333,3.58333333333333,5.71666666666667,6.61666666666667,5.63333333333333,5.76666666666667,6.01666666666667,5.53333333333333,5.75,3.76666666666667,5.73333333333333,6.53333333333333,5.85,12.9,4.58333333333333,44.383333333333326,49.58333333333332,98.54999999999998,0.25207756232687023,0.5415617128463468
manuela-weiss,HYROX PRO WOMEN,35-39,Germany,Hannover,2019,5.61666666666667,4.78333333333333,6.06666666666667,2.6,6.48333333333333,5.08333333333333,6.63333333333333,7.01666666666667,6.93333333333333,5.01666666666667,7.15,2.83333333333333,7.05,6.25,6.96666666666667,6.78333333333333,6.58333333333333,52.9,40.36666666666666,99.84999999999998,0.21445221445221405,0.5114754098360659
lina-fuchs,HYROX PRO WOMEN,16-24,Germany,Hannover,2019,4.98333333333333,5.03333333333333,6.3,4.06666666666667,6.63333333333333,5.08333333333333,6.4,6.78333333333333,7.55,5.18333333333333,9.33333333333333,2.23333333333333,6.53333333333333,5.08333333333333,7.0,5.55,10.5666666666667,54.73333333333333,39.01666666666665,104.31666666666669,0.4660714285714288,0.8000000000000012
katrin-letmathe,HYROX PRO WOMEN,25-29,Germany,Hannover,2019,5.58333333333333,4.68333333333333,6.16666666666667,3.15,6.53333333333333,6.68333333333333,6.65,7.88333333333333,6.78333333333333,5.53333333333333,6.56666666666667,2.95,6.96666666666667,6.11666666666667,7.86666666666667,10.45,11.4333333333333,53.11666666666667,47.44999999999999,111.99999999999996,0.29025423728813626,0.47132169576059874
nicole-wedemeyer,HYROX PRO WOMEN,45-49,Germany,Hannover,2019,6.0,5.31666666666667,6.53333333333333,3.51666666666667,6.81666666666667,5.13333333333333,7.26666666666667,7.76666666666667,7.23333333333333,5.63333333333333,6.88333333333333,3.06666666666667,7.15,7.33333333333333,7.56666666666667,10.5166666666667,9.21666666666667,55.45,48.28333333333337,112.95000000000002,0.2070484581497801,0.6850649350649362
theresa-brust,HYROX PRO WOMEN,30-34,Germany,Hannover,2019,6.68333333333333,5.76666666666667,7.1,5.11666666666667,7.46666666666667,11.7166666666667,7.68333333333333,11.0333333333333,7.6,5.63333333333333,7.88333333333333,3.95,7.18333333333333,8.48333333333333,8.65,11.8166666666667,13.7333333333333,60.24999999999999,63.5166666666667,137.5,0.22736030828516418,0.4366998577524883
imke-salander,HYROX PRO WOMEN,25-29,Germany,Hannover,2020,4.56666666666667,4.63333333333333,3.98333333333333,3.65,4.2,5.58333333333333,4.16666666666667,2.73333333333333,4.05,4.81666666666667,4.05,1.71666666666667,4.08333333333333,3.2,3.6,4.01666666666667,3.71666666666667,32.7,30.349999999999998,66.76666666666668,0.21167883211678887,0.6537313432835824
pia-wagner,HYROX PRO WOMEN,30-34,Germany,Hannover,2020,5.4,4.78333333333333,4.56666666666667,3.38333333333333,5.08333333333333,6.6,5.58333333333333,4.11666666666667,5.11666666666667,4.66666666666667,4.86666666666667,1.83333333333333,4.85,4.06666666666667,4.36666666666667,4.85,5.2,39.83333333333334,34.3,79.33333333333336,0.21791044776119306,0.5126262626262622
susanna-knorr,HYROX PRO WOMEN,25-29,Germany,Hannover,2020,5.16666666666667,4.85,4.4,2.68333333333333,4.5,5.66666666666667,4.61666666666667,3.05,4.58333333333333,4.51666666666667,4.58333333333333,1.88333333333333,4.5,3.85,3.96666666666667,5.31666666666667,3.91666666666667,36.31666666666667,31.81666666666667,72.05000000000003,0.23225806451612885,0.47352941176470503
carolin-krupp,HYROX PRO WOMEN,25-29,Germany,Hannover,2020,5.38333333333333,4.66666666666667,4.63333333333333,3.85,4.9,7.25,5.2,3.46666666666667,5.21666666666667,4.61666666666667,5.03333333333333,2.01666666666667,5.46666666666667,4.36666666666667,4.58333333333333,7.61666666666667,4.5,40.41666666666666,37.850000000000016,82.76666666666668,0.16158536585365965,0.5310344827586208
sarah-rutsch,HYROX PRO WOMEN,30-34,Germany,Hannover,2020,4.93333333333333,4.61666666666667,4.73333333333333,3.31666666666667,5.21666666666667,5.68333333333333,5.53333333333333,6.2,5.5,4.93333333333333,5.16666666666667,2.2,5.06666666666667,4.71666666666667,4.55,4.61666666666667,6.35,40.699999999999996,36.28333333333334,83.33333333333333,0.17771084337349347,0.5835777126099716
franziska-lechner,HYROX PRO WOMEN,40-44,Germany,Hannover,2020,5.41666666666667,4.73333333333333,4.71666666666667,4.9,4.98333333333333,7.0,4.91666666666667,3.9,4.93333333333333,4.95,4.96666666666667,2.35,5.15,5.4,4.35,6.03333333333333,4.68333333333333,39.43333333333334,39.26666666666666,83.38333333333333,0.19692307692307742,0.7000000000000001
daniela-esch,HYROX PRO WOMEN,35-39,Germany,Hannover,2020,5.88333333333333,4.73333333333333,5.23333333333333,3.51666666666667,5.38333333333333,6.7,5.4,4.0,5.53333333333333,4.8,5.28333333333333,1.83333333333333,5.36666666666667,4.55,4.86666666666667,4.95,6.15,42.94999999999999,35.08333333333333,84.18333333333332,0.1728045325779027,0.5248756218905478
annika-laue,HYROX PRO WOMEN,16-24,Germany,Hannover,2020,4.41666666666667,4.55,4.08333333333333,3.93333333333333,4.65,7.88333333333333,4.48333333333333,3.53333333333333,4.48333333333333,5.1,4.4,1.73333333333333,4.46666666666667,3.31666666666667,3.78333333333333,4.41666666666667,4.28333333333333,34.76666666666666,34.46666666666666,73.51666666666665,0.18637992831541295,0.4989429175475685
celina-tank,HYROX PRO WOMEN,16-24,Germany,Hannover,2020,4.5,4.76666666666667,4.28333333333333,3.6,4.71666666666667,7.6,4.75,3.03333333333333,4.7,4.71666666666667,4.41666666666667,1.7,4.53333333333333,3.6,3.93333333333333,5.8,4.76666666666667,35.83333333333333,34.81666666666667,75.41666666666667,0.1719298245614042,0.4736842105263158
alexandra-wilken,HYROX PRO WOMEN,25-29,Germany,Hannover,2020,5.63333333333333,4.68333333333333,4.96666666666667,3.71666666666667,7.06666666666667,7.35,5.91666666666667,5.51666666666667,5.71666666666667,5.03333333333333,5.41666666666667,2.48333333333333,5.3,4.88333333333333,6.33333333333333,6.76666666666667,6.73333333333333,46.35000000000001,40.43333333333333,93.51666666666667,0.29716981132075454,0.5056689342403633
daniela-leyckes-debre,HYROX PRO WOMEN,40-44,Germany,Hannover,2020,5.61666666666667,5.15,5.1,4.2,7.68333333333333,8.6,5.96666666666667,5.36666666666667,5.76666666666667,5.31666666666667,5.78333333333333,2.51666666666667,5.65,6.16666666666667,5.01666666666667,6.26666666666667,5.35,46.583333333333336,43.58333333333336,95.51666666666667,0.34707158351409906,0.48837209302325585
christina-weiland,HYROX PRO WOMEN,25-29,Germany,Hannover,2020,5.08333333333333,4.55,4.46666666666667,3.11666666666667,4.81666666666667,5.15,5.11666666666667,4.26666666666667,5.11666666666667,4.58333333333333,5.08333333333333,2.45,5.11666666666667,4.56666666666667,4.36666666666667,5.18333333333333,4.6,39.16666666666668,33.866666666666674,77.63333333333335,0.14657980456026048,0.6051779935275087
anna-blank,HYROX PRO WOMEN,30-34,Germany,Hannover,2020,4.9,4.63333333333333,4.45,4.26666666666667,4.8,5.91666666666667,4.73333333333333,4.18333333333333,4.71666666666667,4.86666666666667,4.5,2.28333333333333,4.53333333333333,4.06666666666667,4.05,5.1,5.68333333333333,36.68333333333333,35.31666666666667,77.68333333333334,0.17346938775510215,0.7211267605633805
anita-regenkiewicz,HYROX PRO WOMEN,25-29,Germany,Hannover,2020,4.95,5.0,6.76666666666667,5.71666666666667,7.16666666666667,9.45,5.25,5.5,5.18333333333333,5.21666666666667,5.05,2.43333333333333,5.43333333333333,5.83333333333333,5.0,7.23333333333333,4.76666666666667,44.8,46.383333333333326,95.95,0.3093023255813956,0.6049382716049387
janina-mentzel,HYROX PRO WOMEN,16-24,Germany,Hannover,2020,5.5,4.9,4.78333333333333,2.75,5.08333333333333,7.5,4.96666666666667,3.61666666666667,5.06666666666667,5.05,4.88333333333333,2.11666666666667,5.05,3.8,4.3,4.88333333333333,4.7,39.633333333333326,34.616666666666674,78.94999999999999,0.21818181818181823,0.36666666666666664
nele-soeker,HYROX PRO WOMEN,25-29,Germany,Hannover,2020,5.35,4.56666666666667,4.8,3.43333333333333,5.4,5.6,5.48333333333333,3.73333333333333,5.38333333333333,4.71666666666667,5.48333333333333,2.31666666666667,5.56666666666667,4.03333333333333,4.98333333333333,5.38333333333333,4.83333333333333,42.44999999999998,33.78333333333333,81.06666666666665,0.13772455089820415,0.6130952380952376
beatrice-ardelt,HYROX PRO WOMEN,16-24,Germany,Hannover,2020,4.5,4.73333333333333,4.31666666666667,5.28333333333333,4.83333333333333,9.26666666666667,5.23333333333333,3.81666666666667,4.56666666666667,5.03333333333333,4.48333333333333,2.36666666666667,4.58333333333333,4.23333333333333,4.18333333333333,5.76666666666667,4.11666666666667,36.69999999999999,40.5,81.31666666666666,0.20063694267515933,0.5701438848920858
anna-katharina-boerke,HYROX PRO WOMEN,30-34,Germany,Hannover,2020,5.65,4.73333333333333,4.86666666666667,3.78333333333333,5.08333333333333,6.35,5.06666666666667,3.68333333333333,5.06666666666667,4.58333333333333,5.15,2.83333333333333,5.1,4.31666666666667,4.48333333333333,5.76666666666667,5.36666666666667,40.46666666666667,36.04999999999999,81.88333333333334,0.20648967551622485,0.5958005249343827
steffie-lipsky,HYROX PRO WOMEN,35-39,Germany,Hannover,2020,5.16666666666667,4.7,5.28333333333333,3.98333333333333,5.48333333333333,7.8,5.38333333333333,4.58333333333333,5.56666666666667,4.68333333333333,5.4,2.51666666666667,5.5,4.9,4.81666666666667,6.08333333333333,5.43333333333333,42.6,39.24999999999999,87.28333333333333,0.1347305389221556,0.5106837606837602
karina-schmitt,HYROX PRO WOMEN,30-34,Germany,Hannover,2020,5.18333333333333,4.68333333333333,4.73333333333333,7.23333333333333,5.23333333333333,8.4,5.41666666666667,3.98333333333333,5.31666666666667,5.0,5.16666666666667,2.61666666666667,5.16666666666667,5.1,4.51666666666667,5.38333333333333,4.28333333333333,40.73333333333335,42.4,87.41666666666666,0.16615384615384596,0.8611111111111106
jade-skillen,HYROX PRO WOMEN,25-29,Germany,Hannover,2020,4.98333333333333,4.86666666666667,4.53333333333333,4.9,4.63333333333333,10.7666666666667,4.61666666666667,3.56666666666667,4.76666666666667,5.31666666666667,4.75,3.2,4.66666666666667,4.73333333333333,4.48333333333333,6.23333333333333,6.71666666666667,37.43333333333332,43.583333333333364,87.73333333333336,0.10033444816053519,0.4551083591331256
anna-kuczora,HYROX PRO WOMEN,35-39,Germany,Hannover,2020,5.33333333333333,4.73333333333333,4.98333333333333,4.28333333333333,5.78333333333333,6.75,5.63333333333333,5.38333333333333,5.76666666666667,5.1,5.53333333333333,2.78333333333333,5.38333333333333,5.1,4.98333333333333,4.65,7.53333333333333,43.39999999999998,38.78333333333332,89.71666666666663,0.13832853025936606,0.6345679012345674
vera-oude-wesselink,HYROX PRO WOMEN,35-39,Germany,Hannover,2020,5.48333333333333,4.65,5.15,4.68333333333333,5.85,6.93333333333333,5.73333333333333,4.48333333333333,5.9,4.85,5.76666666666667,3.06666666666667,5.78333333333333,5.33333333333333,5.0,5.7,5.33333333333333,44.666666666666664,39.69999999999999,89.69999999999997,0.15254237288135597,0.675480769230769
britta-leder,HYROX PRO WOMEN,40-44,Germany,Hannover,2020,5.75,4.93333333333333,5.06666666666667,4.63333333333333,5.33333333333333,10.3833333333333,5.28333333333333,5.55,5.48333333333333,4.93333333333333,5.36666666666667,1.98333333333333,5.38333333333333,5.51666666666667,4.71666666666667,5.35,5.71666666666667,42.38333333333333,43.283333333333296,91.3833333333333,0.1797101449275356,0.44622792937399786
carmen-jahnke,HYROX PRO WOMEN,40-44,Germany,Hannover,2020,4.83333333333333,4.75,4.91666666666667,7.1,5.41666666666667,7.11666666666667,5.43333333333333,5.56666666666667,5.41666666666667,5.06666666666667,5.41666666666667,2.61666666666667,5.55,5.61666666666667,4.9,7.68333333333333,5.96666666666667,41.88333333333334,45.51666666666667,93.3666666666667,0.12912912912912963,0.9976580796252923
ronja-karaschewski,HYROX PRO WOMEN,30-34,Germany,Hannover,2020,5.33333333333333,4.58333333333333,4.98333333333333,4.81666666666667,5.55,10.0333333333333,5.7,5.6,5.88333333333333,4.88333333333333,5.88333333333333,2.91666666666667,5.93333333333333,4.66666666666667,5.65,6.46666666666667,6.38333333333333,44.91666666666665,43.96666666666664,95.26666666666661,0.1601123595505619,0.4800664451827262
isabel-vidiella,HYROX PRO WOMEN,25-29,Germany,Hannover,2020,5.36666666666667,5.0,4.98333333333333,4.96666666666667,5.1,14.8166666666667,5.03333333333333,3.25,5.21666666666667,5.03333333333333,5.13333333333333,2.43333333333333,5.1,4.66666666666667,4.58333333333333,6.55,8.18333333333333,40.51666666666665,46.7166666666667,95.41666666666669,0.1459627329192557,0.33520809898762605
mariam-mbamba,HYROX PRO WOMEN,40-44,Germany,Hannover,2020,5.88333333333333,4.85,5.56666666666667,5.0,5.78333333333333,7.36666666666667,6.15,5.21666666666667,6.3,5.53333333333333,6.03333333333333,2.26666666666667,6.01666666666667,6.26666666666667,5.4,4.81666666666667,7.18333333333333,47.133333333333326,41.31666666666668,95.63333333333333,0.14285714285714277,0.6787330316742078
susanne-bruns,HYROX PRO WOMEN,30-34,Germany,Hannover,2020,5.85,4.86666666666667,5.31666666666667,3.75,5.68333333333333,8.88333333333333,5.71666666666667,5.75,5.91666666666667,5.38333333333333,5.75,3.25,5.85,5.4,5.5,6.18333333333333,6.68333333333333,45.58333333333334,43.46666666666666,95.73333333333335,0.10140845070422524,0.4221388367729833
mona-krauss,HYROX PRO WOMEN,30-34,Germany,Hannover,2020,5.83333333333333,4.71666666666667,5.35,3.96666666666667,5.46666666666667,6.68333333333333,5.71666666666667,7.6,6.03333333333333,4.96666666666667,5.83333333333333,2.36666666666667,5.93333333333333,6.95,5.75,6.81666666666667,7.6,45.91666666666666,44.06666666666668,97.58333333333334,0.11325966850828681,0.59351620947631
laura-wilber,HYROX PRO WOMEN,40-44,United States,Hannover,2020,6.61666666666667,4.58333333333333,5.96666666666667,4.31666666666667,6.53333333333333,7.6,6.55,7.5,6.5,4.86666666666667,6.23333333333333,2.13333333333333,6.78333333333333,5.0,5.96666666666667,6.15,7.15,51.15,42.15,100.45,0.12039312039311938,0.5679824561403514
lina-fuchs,HYROX PRO WOMEN,16-24,Germany,Hannover,2020,5.4,4.53333333333333,7.73333333333333,5.48333333333333,6.41666666666667,8.61666666666667,6.5,6.1,6.33333333333333,5.15,5.86666666666667,2.03333333333333,5.88333333333333,5.66666666666667,5.9,5.15,8.3,50.033333333333324,42.73333333333333,101.06666666666666,0.30172413793103414,0.6363636363636357
sonja-kaiser,HYROX PRO WOMEN,40-44,Germany,Hannover,2020,6.31666666666667,5.08333333333333,8.03333333333333,4.61666666666667,5.83333333333333,7.56666666666667,6.01666666666667,6.71666666666667,6.01666666666667,5.25,6.01666666666667,2.98333333333333,6.06666666666667,6.43333333333333,5.76666666666667,6.43333333333333,8.78333333333333,50.066666666666684,45.08333333333333,103.93333333333334,0.28215767634854694,0.6101321585903086
annemarie-remmers,HYROX PRO WOMEN,25-29,Germany,Hannover,2020,6.21666666666667,5.0,6.08333333333333,4.61666666666667,7.01666666666667,7.65,7.23333333333333,5.75,7.23333333333333,5.06666666666667,6.73333333333333,2.21666666666667,6.81666666666667,4.8,6.06666666666667,6.3,9.2,53.4,41.400000000000006,104.00000000000001,0.1612903225806443,0.6034858387799568
melanie-niggemann,HYROX PRO WOMEN,30-34,Germany,Hannover,2020,5.23333333333333,4.76666666666667,4.9,16.2333333333333,5.08333333333333,9.13333333333333,5.28333333333333,6.11666666666667,5.35,5.43333333333333,5.15,2.6,5.3,4.93333333333333,4.61666666666667,8.95,5.41666666666667,40.91666666666665,58.16666666666663,104.49999999999997,0.13707165109034203,1.7773722627737196
jana-haase,HYROX PRO WOMEN,45-49,Germany,Hannover,2020,5.73333333333333,5.18333333333333,5.63333333333333,6.53333333333333,6.0,11.0666666666667,6.15,6.71666666666667,6.18333333333333,5.21666666666667,6.3,2.66666666666667,6.36666666666667,7.46666666666667,5.78333333333333,7.61666666666667,9.26666666666667,48.149999999999984,52.466666666666704,109.88333333333337,0.11518324607329936,0.5903614457831304
sirpa-huhtamella,HYROX PRO WOMEN,50-54,Germany,Hannover,2020,6.55,5.46666666666667,6.28333333333333,5.08333333333333,6.93333333333333,9.76666666666667,7.06666666666667,7.23333333333333,7.36666666666667,5.61666666666667,6.96666666666667,3.03333333333333,7.75,6.61666666666667,9.2,7.16666666666667,11.2666666666667,58.11666666666666,49.98333333333334,119.3666666666667,0.31702898550724673,0.5204778156996582
birgit-ziesch,HYROX PRO WOMEN,30-34,Germany,Hannover,2020,5.36666666666667,5.03333333333333,5.45,7.63333333333333,6.43333333333333,16.6333333333333,6.65,5.95,6.85,5.86666666666667,6.25,3.43333333333333,6.81666666666667,6.95,6.1,11.9,7.76666666666667,49.91666666666667,63.39999999999996,121.08333333333331,0.21654501216544964,0.45891783567134337
elisabeth-sarah-kholti,HYROX PRO WOMEN,30-34,Germany,Karlsruhe,2019,4.15,4.26666666666667,4.45,1.9,4.8,3.3,4.75,3.48333333333333,4.86666666666667,4.41666666666667,4.81666666666667,1.63333333333333,4.86666666666667,4.03333333333333,5.65,4.76666666666667,5.35,38.35000000000001,27.799999999999994,71.5,0.2654867256637168,0.5757575757575758
paula-frank,HYROX PRO WOMEN,16-24,Germany,Karlsruhe,2019,4.2,4.45,4.48333333333333,2.23333333333333,4.85,5.18333333333333,5.15,3.26666666666667,5.41666666666667,4.46666666666667,5.13333333333333,1.85,5.2,3.31666666666667,5.88333333333333,4.93333333333333,5.53333333333333,40.31666666666666,29.700000000000003,75.55000000000001,0.2861189801699713,0.43086816720257193
viktorija-jefimova,HYROX PRO WOMEN,35-39,Lithuania,Karlsruhe,2019,4.0,4.8,4.15,3.26666666666667,4.48333333333333,3.88333333333333,4.66666666666667,5.5,4.71666666666667,4.9,4.78333333333333,1.61666666666667,4.91666666666667,4.46666666666667,5.8,7.25,5.45,37.516666666666666,35.683333333333344,78.65,0.31034482758620685,0.841201716738199
juliane-keppler,HYROX PRO WOMEN,16-24,Germany,Karlsruhe,2019,4.26666666666667,4.91666666666667,4.6,3.31666666666667,4.96666666666667,5.11666666666667,4.9,4.16666666666667,4.96666666666667,4.83333333333333,4.88333333333333,2.18333333333333,5.0,4.66666666666667,5.68333333333333,5.38333333333333,5.85,39.26666666666667,34.58333333333334,79.7,0.24926686217008692,0.6482084690553749
brid-stepper,HYROX PRO WOMEN,16-24,Germany,Karlsruhe,2019,4.56666666666667,4.31666666666667,5.2,2.48333333333333,5.53333333333333,5.35,5.31666666666667,4.2,5.46666666666667,4.43333333333333,5.28333333333333,2.06666666666667,5.4,3.36666666666667,6.11666666666667,4.43333333333333,6.71666666666667,42.88333333333333,30.65,80.25,0.2534059945504086,0.4641744548286598
vera-notz,HYROX PRO WOMEN,40-44,Switzerland,Karlsruhe,2019,4.03333333333333,4.4,4.43333333333333,2.66666666666667,6.8,5.88333333333333,4.8,4.0,4.96666666666667,4.91666666666667,4.73333333333333,2.38333333333333,4.75,4.9,5.76666666666667,6.7,6.18333333333333,40.28333333333334,35.85,82.31666666666669,0.4068627450980397,0.4532577903682728
anika-zimmermann,HYROX PRO WOMEN,25-29,Germany,Karlsruhe,2019,4.45,4.48333333333333,4.83333333333333,2.35,7.35,4.96666666666667,5.36666666666667,3.75,5.4,4.86666666666667,5.28333333333333,2.38333333333333,5.51666666666667,4.11666666666667,6.61666666666667,4.81666666666667,6.18333333333333,44.81666666666668,31.73333333333334,82.73333333333335,0.39455782312925164,0.47315436241610703
janne-volkmer,HYROX PRO WOMEN,30-34,Germany,Karlsruhe,2019,4.06666666666667,4.91666666666667,4.93333333333333,3.25,4.71666666666667,5.43333333333333,4.86666666666667,4.95,5.05,4.95,4.95,2.38333333333333,5.05,4.15,6.08333333333333,6.45,6.91666666666667,39.71666666666667,36.483333333333334,83.11666666666669,0.33150684931506763,0.5981595092024543
olivia-skolik,HYROX PRO WOMEN,25-29,Germany,Karlsruhe,2019,4.31666666666667,4.66666666666667,5.05,2.68333333333333,5.41666666666667,3.45,5.38333333333333,4.78333333333333,5.48333333333333,4.8,5.46666666666667,2.36666666666667,5.43333333333333,4.2,6.41666666666667,7.31666666666667,6.36666666666667,42.966666666666676,34.266666666666666,83.60000000000002,0.32727272727272705,0.7777777777777768
martina-reimann,HYROX PRO WOMEN,40-44,Germany,Karlsruhe,2019,4.43333333333333,4.53333333333333,4.95,3.01666666666667,5.26666666666667,5.5,5.35,4.23333333333333,5.46666666666667,5.01666666666667,5.48333333333333,2.18333333333333,5.41666666666667,4.68333333333333,6.36666666666667,5.31666666666667,6.5,42.733333333333334,34.483333333333334,83.71666666666667,0.30366492146596946,0.5484848484848491
amelie-zimmermann,HYROX PRO WOMEN,25-29,Germany,Karlsruhe,2019,4.1,5.08333333333333,4.93333333333333,2.75,5.33333333333333,4.18333333333333,5.06666666666667,3.91666666666667,5.26666666666667,4.81666666666667,5.08333333333333,2.78333333333333,5.03333333333333,6.8,6.98333333333333,7.65,5.91666666666667,41.79999999999999,37.983333333333334,85.69999999999999,0.4128878281622909,0.6573705179282874
alisa-hennl,HYROX PRO WOMEN,16-24,Germany,Karlsruhe,2019,4.68333333333333,4.85,5.01666666666667,4.58333333333333,5.5,6.55,5.38333333333333,4.03333333333333,5.46666666666667,4.85,5.48333333333333,2.81666666666667,5.56666666666667,5.31666666666667,6.45,6.03333333333333,6.31666666666667,43.55,39.03333333333333,88.89999999999998,0.2739018087855303,0.6997455470737909
selina-doerr,HYROX PRO WOMEN,16-24,Germany,Karlsruhe,2019,4.7,5.23333333333333,4.93333333333333,2.71666666666667,5.4,9.1,5.43333333333333,3.75,5.51666666666667,5.03333333333333,5.35,2.85,5.31666666666667,4.66666666666667,6.33333333333333,6.25,6.31666666666667,42.98333333333333,39.6,88.89999999999998,0.2578947368421049,0.2985347985347989
nancy-bedard,HYROX PRO WOMEN,30-34,Germany,Karlsruhe,2019,4.6,4.33333333333333,5.23333333333333,2.51666666666667,5.83333333333333,5.65,6.06666666666667,4.31666666666667,6.13333333333333,4.7,6.01666666666667,2.41666666666667,6.3,4.41666666666667,7.55,5.66666666666667,7.21666666666667,47.73333333333332,34.01666666666668,88.96666666666667,0.3907284768211921,0.4454277286135699
lina-d-bickel,HYROX PRO WOMEN,25-29,Germany,Karlsruhe,2019,4.25,4.8,4.93333333333333,3.5,5.55,6.66666666666667,5.58333333333333,4.26666666666667,5.51666666666667,5.1,5.48333333333333,2.96666666666667,5.5,5.36666666666667,6.6,7.93333333333333,6.85,43.416666666666664,40.60000000000001,90.86666666666667,0.356060606060606,0.5249999999999998
marina-buechsenschuetz,HYROX PRO WOMEN,40-44,Germany,Karlsruhe,2019,5.08333333333333,4.9,5.33333333333333,2.45,6.01666666666667,7.5,6.13333333333333,3.88333333333333,6.55,4.95,6.51666666666667,2.16666666666667,6.68333333333333,4.28333333333333,8.08333333333333,5.18333333333333,7.65,50.39999999999999,35.31666666666666,93.36666666666667,0.3711340206185568,0.3266666666666667
antje-langer,HYROX PRO WOMEN,30-34,Germany,Karlsruhe,2019,4.33333333333333,5.48333333333333,4.9,2.88333333333333,5.41666666666667,5.75,5.73333333333333,6.56666666666667,5.63333333333333,5.73333333333333,5.86666666666667,2.6,5.78333333333333,5.4,6.86666666666667,8.51666666666667,8.21666666666667,44.533333333333324,42.93333333333334,95.68333333333332,0.3689320388349522,0.5014492753623183
silvia-kuhlmann,HYROX PRO WOMEN,30-34,Germany,Karlsruhe,2019,4.76666666666667,4.81666666666667,5.51666666666667,2.78333333333333,6.33333333333333,4.63333333333333,6.25,5.76666666666667,6.73333333333333,4.85,6.18333333333333,2.0,6.28333333333333,5.7,7.51666666666667,6.7,9.65,49.583333333333336,37.25,96.48333333333335,0.3658536585365852,0.6007194244604314
stella-walker,HYROX PRO WOMEN,25-29,Germany,Karlsruhe,2019,4.58333333333333,4.86666666666667,5.28333333333333,2.8,5.6,6.23333333333333,5.55,5.28333333333333,5.88333333333333,5.23333333333333,5.41666666666667,2.96666666666667,5.6,6.7,7.08333333333333,9.55,8.01666666666667,44.999999999999986,43.633333333333326,96.64999999999998,0.35294117647058837,0.4491978609625671
mona-buech,HYROX PRO WOMEN,30-34,Germany,Karlsruhe,2019,5.0,4.83333333333333,5.73333333333333,3.48333333333333,5.98333333333333,6.33333333333333,6.31666666666667,5.15,6.33333333333333,5.25,6.05,3.3,6.01666666666667,5.23333333333333,8.05,7.5,10.45,49.483333333333334,41.08333333333332,101.01666666666667,0.3788819875776398,0.5499999999999997
simone-haass,HYROX PRO WOMEN,45-49,Germany,Karlsruhe,2019,5.66666666666667,5.15,6.36666666666667,3.31666666666667,6.41666666666667,6.38333333333333,6.38333333333333,7.88333333333333,6.46666666666667,5.13333333333333,6.46666666666667,2.18333333333333,6.6,5.73333333333333,8.68333333333333,7.81666666666667,8.3,53.05000000000001,43.59999999999999,104.95,0.34740882917466354,0.5195822454308102
julia-linzmayer,HYROX PRO WOMEN,30-34,Germany,Karlsruhe,2019,5.05,5.21666666666667,5.71666666666667,3.6,5.91666666666667,7.48333333333333,6.15,7.45,6.23333333333333,5.51666666666667,6.13333333333333,3.88333333333333,6.01666666666667,6.4,7.46666666666667,8.56666666666667,10.8666666666667,48.68333333333334,48.11666666666667,107.66666666666671,0.32366071428571463,0.4810690423162586
lissa-melzer,HYROX PRO WOMEN,30-34,Germany,Karlsruhe,2019,5.1,5.4,6.3,3.55,7.06666666666667,8.76666666666667,7.3,9.4,7.41666666666667,5.23333333333333,6.9,3.66666666666667,6.85,7.7,8.65,10.4166666666667,15.3666666666667,55.583333333333336,54.13333333333337,125.08333333333341,0.4104046242774567,0.40494296577946753
viola-oberlaender,HYROX PRO WOMEN,25-29,Germany,Karlsruhe,2020,3.85,4.15,4.11666666666667,2.61666666666667,4.31666666666667,4.18333333333333,4.53333333333333,2.88333333333333,4.61666666666667,4.43333333333333,4.46666666666667,1.48333333333333,4.53333333333333,3.21666666666667,5.06666666666667,5.06666666666667,4.56666666666667,35.500000000000014,28.033333333333328,68.10000000000001,0.2401315789473689,0.6254980079681287
elisabeth-sarah-kholti,HYROX PRO WOMEN,30-34,Germany,Karlsruhe,2020,4.06666666666667,4.13333333333333,4.48333333333333,2.5,4.81666666666667,3.63333333333333,4.76666666666667,2.66666666666667,4.81666666666667,4.43333333333333,4.86666666666667,1.68333333333333,4.88333333333333,3.51666666666667,5.78333333333333,4.4,4.66666666666667,38.48333333333334,26.96666666666666,70.11666666666669,0.2968299711815552,0.6880733944954135
rebecca-naether,HYROX PRO WOMEN,30-34,Germany,Karlsruhe,2020,4.03333333333333,4.16666666666667,4.3,3.65,4.65,5.55,4.68333333333333,3.11666666666667,4.73333333333333,4.56666666666667,4.71666666666667,1.93333333333333,4.71666666666667,3.28333333333333,5.23333333333333,3.96666666666667,4.55,37.066666666666656,30.23333333333334,71.85,0.22929936305732504,0.6576576576576577
paula-frank,HYROX PRO WOMEN,16-24,Germany,Karlsruhe,2020,4.13333333333333,4.3,4.45,3.61666666666667,5.03333333333333,6.93333333333333,4.93333333333333,2.15,5.06666666666667,4.46666666666667,4.9,2.11666666666667,0.766666666666667,3.53333333333333,5.81666666666667,4.53333333333333,9.01666666666667,35.099999999999994,31.65,75.76666666666665,0.8681948424068767,0.5216346153846161
silke-sontopski,HYROX PRO WOMEN,40-44,Germany,Karlsruhe,2020,4.2,4.8,4.58333333333333,2.96666666666667,4.86666666666667,4.81666666666667,4.9,4.68333333333333,5.0,5.11666666666667,4.81666666666667,2.13333333333333,4.88333333333333,4.35,5.96666666666667,4.78333333333333,5.53333333333333,39.216666666666676,33.65,78.4,0.29608938547486074,0.6159169550173013
daniela-esch,HYROX PRO WOMEN,35-39,Germany,Karlsruhe,2020,4.61666666666667,4.46666666666667,4.96666666666667,2.48333333333333,5.3,4.68333333333333,5.33333333333333,3.35,5.35,4.73333333333333,5.43333333333333,1.51666666666667,5.43333333333333,3.86666666666667,6.41666666666667,4.2,6.58333333333333,42.85,29.299999999999997,78.73333333333333,0.28051948051948034,0.5302491103202843
katharina-blank,HYROX PRO WOMEN,25-29,Germany,Karlsruhe,2020,4.16666666666667,4.51666666666667,4.5,2.66666666666667,4.86666666666667,5.21666666666667,5.16666666666667,3.78333333333333,5.21666666666667,4.56666666666667,5.31666666666667,2.71666666666667,5.2,3.61666666666667,6.46666666666667,4.61666666666667,6.25,40.90000000000002,31.70000000000002,78.85000000000005,0.3556701030927834,0.5111821086261984
brid-stepper,HYROX PRO WOMEN,16-24,Germany,Karlsruhe,2020,4.33333333333333,4.41666666666667,5.03333333333333,3.58333333333333,5.33333333333333,4.93333333333333,5.31666666666667,4.36666666666667,5.41666666666667,4.65,5.43333333333333,2.05,5.41666666666667,3.31666666666667,6.48333333333333,3.96666666666667,6.63333333333333,42.76666666666666,31.283333333333342,80.68333333333331,0.3316195372750644,0.7263513513513512
nadine-fromm,HYROX PRO WOMEN,40-44,Germany,Karlsruhe,2020,4.61666666666667,4.8,4.65,3.81666666666667,4.75,7.2,4.96666666666667,3.51666666666667,4.91666666666667,4.78333333333333,4.93333333333333,2.23333333333333,5.1,3.93333333333333,5.91666666666667,5.48333333333333,5.78333333333333,39.850000000000016,35.76666666666666,81.40000000000002,0.2197183098591548,0.530092592592593
franziska-lechner,HYROX PRO WOMEN,40-44,Germany,Karlsruhe,2020,4.65,4.63333333333333,4.65,3.95,4.93333333333333,6.31666666666667,4.96666666666667,3.53333333333333,5.01666666666667,4.91666666666667,4.98333333333333,2.36666666666667,5.08333333333333,4.63333333333333,5.85,6.25,5.45,40.13333333333333,36.6,82.18333333333334,0.205128205128205,0.6253298153034298
marleen-metzger,HYROX PRO WOMEN,16-24,Germany,Karlsruhe,2020,4.18333333333333,4.26666666666667,4.51666666666667,4.81666666666667,4.76666666666667,6.76666666666667,4.81666666666667,4.25,4.88333333333333,4.58333333333333,4.88333333333333,2.61666666666667,5.0,4.41666666666667,6.16666666666667,5.33333333333333,7.53333333333333,39.21666666666667,37.050000000000004,83.80000000000001,0.3216216216216225,0.7118226600985222
antje-langer,HYROX PRO WOMEN,30-34,Germany,Karlsruhe,2020,4.08333333333333,5.08333333333333,4.7,4.21666666666667,4.98333333333333,4.91666666666667,5.13333333333333,4.13333333333333,5.26666666666667,5.11666666666667,5.3,2.21666666666667,5.43333333333333,4.46666666666667,6.23333333333333,7.51666666666667,5.81666666666667,41.13333333333332,37.666666666666686,84.61666666666667,0.3449197860962568,0.857627118644068
miriam-himmelsbach,HYROX PRO WOMEN,25-29,Germany,Karlsruhe,2020,4.4,4.53333333333333,4.95,2.9,5.25,6.63333333333333,5.35,5.33333333333333,5.26666666666667,5.9,5.16666666666667,2.83333333333333,5.2,4.46666666666667,6.15,5.01666666666667,5.63333333333333,41.73333333333334,37.61666666666666,84.98333333333332,0.2845528455284553,0.4371859296482414
franziska-piel,HYROX PRO WOMEN,30-34,Germany,Karlsruhe,2020,4.53333333333333,4.81666666666667,4.78333333333333,3.78333333333333,4.95,6.85,5.26666666666667,5.56666666666667,5.46666666666667,5.05,5.21666666666667,2.71666666666667,5.35,5.28333333333333,6.11666666666667,5.25,5.53333333333333,41.68333333333334,39.31666666666667,86.53333333333335,0.25885558583106366,0.5523114355231139
jeanne-guenther,HYROX PRO WOMEN,30-34,Germany,Karlsruhe,2020,4.18333333333333,4.58333333333333,4.53333333333333,4.35,4.66666666666667,6.9,4.83333333333333,4.56666666666667,4.91666666666667,4.7,4.93333333333333,3.45,5.0,5.08333333333333,6.4,8.15,6.25,39.46666666666666,41.783333333333324,87.5,0.34635416666666724,0.6304347826086956
lisa-becker,HYROX PRO WOMEN,30-34,Germany,Karlsruhe,2020,4.63333333333333,4.75,5.0,3.28333333333333,5.26666666666667,5.96666666666667,5.48333333333333,4.88333333333333,5.83333333333333,5.16666666666667,5.7,2.85,5.66666666666667,4.9,6.7,6.3,5.71666666666667,44.28333333333333,38.099999999999994,88.1,0.30845771144278655,0.5502793296089377
mira-schwarz,HYROX PRO WOMEN,25-29,Germany,Karlsruhe,2020,4.16666666666667,4.73333333333333,5.03333333333333,3.78333333333333,5.86666666666667,5.93333333333333,5.96666666666667,4.46666666666667,5.83333333333333,5.38333333333333,5.38333333333333,2.25,5.31666666666667,4.41666666666667,6.6,6.45,7.63333333333333,44.16666666666667,37.416666666666664,89.21666666666665,0.36868686868686823,0.6376404494382021
petra-brodda,HYROX PRO WOMEN,45-49,Germany,Karlsruhe,2020,4.61666666666667,4.75,5.15,3.7,5.55,7.16666666666667,5.4,4.58333333333333,5.35,4.91666666666667,5.33333333333333,2.48333333333333,5.48333333333333,5.96666666666667,6.31666666666667,6.41666666666667,6.4,43.199999999999996,39.98333333333334,89.58333333333334,0.2691292875989445,0.5162790697674416
yvonne-gueers,HYROX PRO WOMEN,30-34,Germany,Karlsruhe,2020,4.78333333333333,4.73333333333333,4.78333333333333,4.13333333333333,5.13333333333333,7.98333333333333,5.16666666666667,4.63333333333333,5.35,5.16666666666667,5.33333333333333,2.6,5.53333333333333,5.41666666666667,6.96666666666667,8.51666666666667,6.9,43.04999999999999,43.18333333333334,93.13333333333331,0.3133971291866038,0.5177453027139873
anja-hoeft,HYROX PRO WOMEN,30-34,Germany,Karlsruhe,2020,4.9,4.48333333333333,7.66666666666667,4.08333333333333,5.8,7.33333333333333,5.73333333333333,4.25,5.85,5.28333333333333,5.71666666666667,2.98333333333333,5.78333333333333,4.98333333333333,7.31666666666667,6.6,8.85,48.76666666666667,39.999999999999986,97.61666666666665,0.3608695652173915,0.5568181818181817
laura-engelberg,HYROX PRO WOMEN,30-34,Germany,Karlsruhe,2020,5.25,4.71666666666667,5.55,3.6,6.41666666666667,5.61666666666667,5.88333333333333,5.28333333333333,6.11666666666667,5.05,6.05,2.4,6.16666666666667,6.55,8.0,7.25,8.16666666666667,49.43333333333334,40.46666666666667,98.06666666666668,0.34375,0.6409495548961421
jasmin-brodda,HYROX PRO WOMEN,16-24,Germany,Karlsruhe,2020,4.55,5.0,5.31666666666667,3.46666666666667,5.33333333333333,11.8,5.61666666666667,7.03333333333333,5.6,5.58333333333333,5.21666666666667,2.61666666666667,5.3,5.61666666666667,6.63333333333333,8.36666666666667,6.73333333333333,43.56666666666667,49.483333333333334,99.78333333333336,0.31407035175879366,0.2937853107344635
angela-steinemann,HYROX PRO WOMEN,35-39,Switzerland,Karlsruhe,2020,5.25,4.95,5.38333333333333,4.25,5.66666666666667,7.65,5.85,7.86666666666667,5.81666666666667,5.33333333333333,5.85,3.0,5.78333333333333,6.16666666666667,7.6,8.63333333333333,7.86666666666667,47.2,47.85000000000001,102.91666666666669,0.30921052631578944,0.5555555555555556
daniela-sickert,HYROX PRO WOMEN,35-39,Germany,Karlsruhe,2020,6.16666666666667,4.38333333333333,6.73333333333333,2.38333333333333,9.03333333333333,5.85,7.31666666666667,5.36666666666667,7.33333333333333,4.86666666666667,7.51666666666667,2.08333333333333,7.2,5.53333333333333,8.68333333333333,6.86666666666667,3.98333333333333,59.983333333333334,37.33333333333333,101.3,0.31734317343173374,0.4074074074074069
laura-schadow,HYROX PRO WOMEN,30-34,Germany,Karlsruhe,2020,4.13333333333333,5.18333333333333,4.61666666666667,7.05,4.91666666666667,10.9333333333333,5.35,4.9,5.41666666666667,5.21666666666667,5.2,3.85,5.35,9.83333333333333,6.68333333333333,11.8666666666667,6.46666666666667,41.666666666666664,58.83333333333333,106.96666666666665,0.3815461346633418,0.6448170731707337
vanessa-aichele,HYROX PRO WOMEN,35-39,Germany,Karlsruhe,2020,4.88333333333333,4.8,5.9,3.73333333333333,6.26666666666667,7.7,9.25,7.13333333333333,7.18333333333333,5.3,6.78333333333333,2.86666666666667,6.78333333333333,8.83333333333333,8.81666666666667,8.05,9.65,55.86666666666667,48.41666666666666,113.93333333333332,0.4720720720720724,0.48484848484848436
klaudia-ausserlechner,HYROX PRO WOMEN,35-39,Austria,Karlsruhe,2020,5.38333333333333,5.0,6.65,4.66666666666667,7.43333333333333,6.65,7.58333333333333,9.21666666666667,7.76666666666667,5.63333333333333,7.46666666666667,3.2,7.38333333333333,9.2,9.05,13.7166666666667,9.11666666666667,58.71666666666667,57.28333333333336,125.11666666666672,0.40515653775322324,0.7017543859649127
mirjam-von-rohr,HYROX PRO WOMEN,16-24,Switzerland,Karlsruhe,2022,3.41666666666667,4.15,4.55,3.55,4.7,4.36666666666667,4.76666666666667,2.8,4.8,4.25,4.75,1.85,4.68333333333333,2.83333333333333,4.96666666666667,3.23333333333333,4.11666666666667,36.63333333333334,27.03333333333333,67.78333333333333,0.3120805369127515,0.8129770992366406
sabrina-roethig,HYROX PRO WOMEN,30-34,Germany,Karlsruhe,2022,3.55,4.45,4.48333333333333,3.8,4.61666666666667,3.76666666666667,4.6,3.46666666666667,4.68333333333333,4.46666666666667,4.65,2.0,4.63333333333333,3.56666666666667,5.05,4.55,4.51666666666667,36.26666666666666,30.06666666666668,70.85000000000001,0.297029702970297,1.008849557522123
chiara-borg,HYROX PRO WOMEN,30-34,United Kingdom,Karlsruhe,2022,3.43333333333333,4.43333333333333,4.28333333333333,4.58333333333333,4.76666666666667,5.65,4.58333333333333,3.5,4.66666666666667,4.85,4.66666666666667,1.75,4.8,3.5,5.28333333333333,5.51666666666667,4.8,36.483333333333334,33.78333333333333,75.06666666666666,0.35015772870662476,0.811209439528023
katharina-blank,HYROX PRO WOMEN,25-29,Germany,Karlsruhe,2022,3.48333333333333,4.28333333333333,4.81666666666667,3.83333333333333,5.08333333333333,4.53333333333333,5.16666666666667,3.46666666666667,5.18333333333333,4.48333333333333,5.25,2.76666666666667,5.25,3.86666666666667,6.01666666666667,4.28333333333333,5.73333333333333,40.25000000000001,31.51666666666666,77.5,0.4210526315789483,0.8455882352941175
christina-jaud,HYROX PRO WOMEN,30-34,Germany,Karlsruhe,2022,3.5,4.55,4.71666666666667,3.65,5.16666666666667,5.01666666666667,5.1,3.56666666666667,5.21666666666667,4.85,5.23333333333333,2.21666666666667,5.28333333333333,4.03333333333333,5.85,5.2,4.75,40.06666666666667,33.08333333333334,77.9,0.40170940170940167,0.7275747508305642
theresa-widmer,HYROX PRO WOMEN,30-34,Germany,Karlsruhe,2022,3.48333333333333,4.68333333333333,4.65,4.26666666666667,4.93333333333333,4.75,4.95,4.38333333333333,5.0,4.9,5.01666666666667,2.1,4.96666666666667,4.56666666666667,5.41666666666667,5.16666666666667,5.71666666666667,38.41666666666667,34.81666666666667,78.95000000000002,0.3569230769230779,0.8982456140350884
kerstin-brueckner,HYROX PRO WOMEN,25-29,Germany,Karlsruhe,2022,3.71666666666667,4.6,4.88333333333333,4.76666666666667,5.3,5.0,5.2,4.0,5.21666666666667,4.68333333333333,5.11666666666667,1.91666666666667,5.31666666666667,4.03333333333333,5.85,4.66666666666667,4.75,40.600000000000016,33.66666666666667,79.0166666666667,0.3646723646723641,0.953333333333334
sandra-schalansky,HYROX PRO WOMEN,25-29,Germany,Karlsruhe,2022,3.63333333333333,4.56666666666667,4.95,3.86666666666667,5.38333333333333,5.05,5.21666666666667,4.16666666666667,5.36666666666667,4.8,5.25,2.3,5.48333333333333,4.06666666666667,5.98333333333333,4.56666666666667,5.45,41.26666666666666,33.383333333333354,80.10000000000001,0.3927576601671311,0.7656765676567663
anna-katharina-bischof,HYROX PRO WOMEN,30-34,Sweden,Karlsruhe,2022,3.65,4.75,4.71666666666667,3.98333333333333,4.96666666666667,8.3,5.13333333333333,4.66666666666667,5.05,4.78333333333333,5.28333333333333,2.21666666666667,5.18333333333333,5.33333333333333,5.78333333333333,6.51666666666667,5.71666666666667,39.766666666666666,40.550000000000004,86.03333333333333,0.36887608069164224,0.47991967871485897
jasmin-brodda,HYROX PRO WOMEN,16-24,Germany,Karlsruhe,2022,3.63333333333333,4.78333333333333,5.05,5.11666666666667,5.28333333333333,6.23333333333333,5.21666666666667,5.36666666666667,5.21666666666667,5.0,5.25,2.83333333333333,5.36666666666667,5.16666666666667,6.01666666666667,5.36666666666667,5.78333333333333,41.03333333333334,39.86666666666667,86.68333333333334,0.3961218836565106,0.820855614973263
antje-langer,HYROX PRO WOMEN,35-39,Germany,Karlsruhe,2022,3.51666666666667,5.06666666666667,5.21666666666667,4.85,5.53333333333333,3.95,5.5,4.08333333333333,5.61666666666667,4.78333333333333,6.0,2.46666666666667,5.9,5.45,6.46666666666667,7.45,6.61666666666667,43.750000000000014,38.1,88.4666666666667,0.45618556701030905,1.2278481012658227
cara-nemelka,HYROX PRO WOMEN,25-29,Germany,Karlsruhe,2022,3.9,4.66666666666667,5.8,4.43333333333333,6.18333333333333,5.26666666666667,6.08333333333333,5.73333333333333,6.13333333333333,4.86666666666667,6.03333333333333,1.83333333333333,5.98333333333333,5.8,6.58333333333333,5.4,6.48333333333333,46.699999999999974,38.0,91.18333333333332,0.4075949367088605,0.841772151898733
petra-brodda,HYROX PRO WOMEN,45-49,Germany,Karlsruhe,2022,3.98333333333333,4.68333333333333,5.66666666666667,6.16666666666667,6.23333333333333,6.36666666666667,6.03333333333333,5.43333333333333,6.03333333333333,4.86666666666667,6.23333333333333,2.95,6.21666666666667,6.33333333333333,6.85,10.2666666666667,7.45,47.249999999999986,47.0666666666667,101.76666666666668,0.41849148418491533,0.9685863874345549
katharina-strinz,HYROX PRO WOMEN,16-24,Germany,Karlsruhe,2022,5.16666666666667,5.16666666666667,8.03333333333333,5.43333333333333,8.83333333333333,9.55,9.23333333333333,12.35,8.85,6.45,10.35,3.76666666666667,8.88333333333333,9.03333333333333,10.65,12.2166666666667,5.55,70.0,63.96666666666671,139.5166666666667,0.5148669796557118,0.5689354275741706
jennifer-oeser,HYROX PRO WOMEN,35-39,Germany,Leipzig,2018,4.56666666666667,4.9,4.98333333333333,2.8,5.66666666666667,7.38333333333333,5.48333333333333,4.53333333333333,5.8,5.2,5.45,2.66666666666667,5.41666666666667,3.5,6.1,6.33333333333333,8.28333333333333,43.46666666666667,37.31666666666666,89.06666666666666,0.2513661202185786,0.379232505643341
lara-proffe,HYROX PRO WOMEN,25-29,Germany,Leipzig,2018,4.73333333333333,4.78333333333333,5.13333333333333,3.13333333333333,5.41666666666667,7.0,5.6,5.76666666666667,5.7,5.23333333333333,5.38333333333333,2.86666666666667,5.31666666666667,4.11666666666667,6.01666666666667,8.05,6.56666666666667,43.300000000000004,40.95,90.81666666666669,0.2132963988919678,0.4476190476190472
sabine-lanz,HYROX PRO WOMEN,35-39,Germany,Leipzig,2018,5.11666666666667,5.3,4.93333333333333,4.91666666666667,5.4,7.38333333333333,5.18333333333333,5.65,5.46666666666667,5.8,5.4,3.18333333333333,5.55,4.7,7.13333333333333,10.5166666666667,6.4,44.18333333333333,47.45000000000004,98.03333333333336,0.3084112149532712,0.6659142212189623
elisabeth-sarah-kholti,HYROX PRO WOMEN,30-34,Germany,Leipzig,2019,3.9,4.15,4.63333333333333,1.58333333333333,4.88333333333333,2.91666666666667,4.85,2.65,4.9,4.48333333333333,4.8,1.56666666666667,4.96666666666667,3.58333333333333,5.73333333333333,4.23333333333333,4.16666666666667,38.66666666666666,25.16666666666666,67.99999999999997,0.31976744186046474,0.542857142857141
annika-gentz,HYROX PRO WOMEN,25-29,Germany,Leipzig,2019,4.08333333333333,4.3,4.78333333333333,1.96666666666667,5.18333333333333,4.03333333333333,4.95,2.75,5.21666666666667,4.7,5.08333333333333,1.71666666666667,5.15,3.71666666666667,5.78333333333333,4.9,4.6,40.23333333333332,28.083333333333336,72.91666666666666,0.2939481268011528,0.48760330578512523
viktorija-jefimova,HYROX PRO WOMEN,35-39,Lithuania,Leipzig,2019,3.88333333333333,4.65,4.41666666666667,2.13333333333333,4.58333333333333,4.55,4.66666666666667,4.26666666666667,4.78333333333333,4.9,4.66666666666667,1.58333333333333,4.76666666666667,4.4,5.5,6.03333333333333,4.66666666666667,37.266666666666666,32.51666666666666,74.44999999999999,0.2939393939393945,0.4688644688644682
sabrina-roethig,HYROX PRO WOMEN,30-34,Germany,Leipzig,2019,4.1,4.58333333333333,4.46666666666667,2.5,4.63333333333333,4.35,4.65,4.66666666666667,4.78333333333333,4.56666666666667,4.7,2.36666666666667,4.75,4.73333333333333,5.45,5.58333333333333,4.68333333333333,37.53333333333333,33.35,75.56666666666666,0.24770642201834872,0.574712643678161
sarah-rutsch,HYROX PRO WOMEN,25-29,Germany,Leipzig,2019,4.25,4.71666666666667,4.85,1.93333333333333,5.28333333333333,3.61666666666667,5.3,5.88333333333333,5.28333333333333,4.86666666666667,4.88333333333333,2.33333333333333,4.98333333333333,5.01666666666667,6.13333333333333,4.48333333333333,6.21666666666667,40.966666666666654,32.849999999999994,80.03333333333332,0.307065217391304,0.5345622119815654
johanna-handrick,HYROX PRO WOMEN,16-24,Germany,Leipzig,2019,4.6,4.61666666666667,5.05,1.75,5.35,5.31666666666667,5.58333333333333,3.56666666666667,5.66666666666667,4.55,5.58333333333333,1.81666666666667,5.5,5.55,7.28333333333333,7.16666666666667,5.26666666666667,44.61666666666666,34.33333333333335,84.21666666666668,0.3684210526315787,0.32915360501567376
antje-langer,HYROX PRO WOMEN,30-34,Germany,Leipzig,2019,4.33333333333333,5.25,4.83333333333333,2.45,5.26666666666667,5.2,5.61666666666667,4.81666666666667,5.5,5.23333333333333,5.41666666666667,2.66666666666667,5.65,5.06666666666667,6.35,7.48333333333333,6.25,42.96666666666667,38.16666666666667,87.38333333333334,0.3175853018372708,0.47115384615384615
jana-monin,HYROX PRO WOMEN,25-29,Germany,Leipzig,2019,4.33333333333333,4.7,1.23333333333333,2.8,15.45,5.13333333333333,5.53333333333333,5.56666666666667,5.66666666666667,5.01666666666667,5.26666666666667,2.75,5.41666666666667,4.9,5.9,5.65,6.3,48.800000000000004,36.516666666666666,91.61666666666667,0.9201725997842505,0.5454545454545457
kristina-mohs,HYROX PRO WOMEN,25-29,Germany,Leipzig,2019,4.28333333333333,4.93333333333333,5.03333333333333,3.68333333333333,5.2,8.15,5.0,5.0,5.23333333333333,5.06666666666667,5.15,4.35,5.25,6.65,6.36666666666667,8.41666666666667,5.6,41.51666666666666,46.25,93.36666666666666,0.3272251308900533,0.45194274028629816
michaela-hirzberger,HYROX PRO WOMEN,25-29,Austria,Leipzig,2021,4.06666666666667,4.66666666666667,4.28333333333333,2.43333333333333,4.65,5.25,4.83333333333333,3.5,4.98333333333333,4.93333333333333,4.86666666666667,1.53333333333333,5.25,3.51666666666667,5.48333333333333,4.68333333333333,4.11666666666667,38.41666666666666,30.516666666666662,73.04999999999998,0.25835866261398066,0.46349206349206284
pilar-santafe,HYROX PRO WOMEN,35-39,Spain,Leipzig,2021,4.0,4.73333333333333,4.55,2.65,5.11666666666667,4.75,4.98333333333333,4.6,5.1,4.78333333333333,5.3,2.31666666666667,5.33333333333333,5.03333333333333,6.0,6.23333333333333,4.3,40.38333333333333,35.09999999999999,79.78333333333333,0.3333333333333333,0.5578947368421052
selina-mertsch,HYROX PRO WOMEN,25-29,Germany,Leipzig,2021,4.08333333333333,4.13333333333333,4.63333333333333,4.23333333333333,5.06666666666667,4.51666666666667,4.93333333333333,5.3,4.98333333333333,4.8,4.85,1.98333333333333,5.05,4.68333333333333,5.78333333333333,5.4,6.73333333333333,39.38333333333332,35.04999999999999,81.16666666666664,0.2939481268011528,0.9372693726937255
kristin-dau,HYROX PRO WOMEN,30-34,Germany,Leipzig,2021,4.51666666666667,4.83333333333333,5.21666666666667,2.71666666666667,5.75,7.38333333333333,5.6,5.51666666666667,5.83333333333333,5.01666666666667,6.0,3.3,5.76666666666667,5.7,6.83333333333333,8.66666666666667,6.98333333333333,45.51666666666667,43.13333333333334,95.63333333333334,0.33902439024390163,0.3679458239277658
laura-mager,HYROX PRO WOMEN,25-29,Germany,Leipzig,2021,5.15,5.06666666666667,5.85,2.73333333333333,6.68333333333333,7.78333333333333,6.31666666666667,7.88333333333333,6.23333333333333,5.38333333333333,6.28333333333333,2.6,6.51666666666667,12.45,7.73333333333333,8.4,7.58333333333333,50.76666666666666,52.29999999999999,110.64999999999996,0.33405172413793066,0.3511777301927192
daria-przybyla,HYROX PRO WOMEN,16-24,Germany,Leipzig,2021,5.81666666666667,5.2,6.23333333333333,3.53333333333333,7.3,10.2666666666667,7.11666666666667,5.81666666666667,7.75,5.81666666666667,7.16666666666667,3.81666666666667,6.38333333333333,8.0,8.13333333333333,12.85,6.66666666666667,55.900000000000006,55.30000000000004,117.86666666666669,0.2848360655737697,0.3441558441558427
linda-meier,HYROX PRO WOMEN,30-34,Germany,Lisbon,2026,3.1,4.383333333333334,3.7,2.2333333333333334,3.85,3.3666666666666667,3.8333333333333335,3.2,3.933333333333333,4.333333333333333,3.883333333333333,1.5833333333333333,3.933333333333333,2.966666666666667,4.066666666666666,3.35,3.816666666666667,30.3,25.416666666666664,59.53333333333335,0.23770491803278682,0.6633663366336634
patricia-patrao,HYROX PRO WOMEN,30-34,Portugal,Lisbon,2026,3.5166666666666666,4.533333333333333,4.35,2.9833333333333334,4.533333333333333,4.533333333333333,4.616666666666666,3.6,4.516666666666667,4.433333333333334,4.566666666666666,1.8833333333333333,4.5,3.45,4.466666666666667,3.316666666666667,4.466666666666667,35.06666666666666,28.733333333333334,68.26666666666667,0.23826714801444038,0.6580882352941176
sophie-mazouz,HYROX PRO WOMEN,25-29,France,Lisbon,2026,3.1333333333333333,4.866666666666666,4.05,2.8666666666666667,4.616666666666666,4.4,4.383333333333334,3.1166666666666667,4.7,4.766666666666667,4.333333333333333,1.8,4.533333333333333,4.1,4.816666666666666,5.85,5.466666666666667,34.56666666666666,31.766666666666666,71.8,0.34948096885813146,0.6515151515151515
safinez-benmalek,HYROX PRO WOMEN,30-34,France,Lisbon,2026,3.6666666666666665,4.75,4.5,3.066666666666667,4.633333333333334,4.8,4.65,4.65,4.633333333333334,4.716666666666667,4.683333333333334,2.4,4.75,3.7666666666666666,4.866666666666666,4.616666666666666,4.45,36.38333333333333,32.766666666666666,73.6,0.24657534246575338,0.638888888888889
rosana-moreira,HYROX PRO WOMEN,30-34,Portugal,Lisbon,2026,3.85,5.083333333333333,4.666666666666667,2.8833333333333333,4.933333333333334,4.616666666666666,4.933333333333334,4.533333333333333,5.0,4.85,4.85,2.566666666666667,4.816666666666666,4.633333333333334,5.15,5.816666666666666,5.116666666666666,38.199999999999996,34.983333333333334,78.3,0.25242718446601947,0.624548736462094
geraldine-miell,HYROX PRO WOMEN,50-54,United Kingdom,Lisbon,2026,3.966666666666667,5.116666666666666,4.833333333333333,3.75,5.0,5.066666666666666,5.083333333333333,4.366666666666666,5.116666666666666,5.35,5.066666666666666,2.55,5.166666666666667,3.816666666666667,5.416666666666667,6.216666666666667,5.466666666666667,39.65,36.233333333333334,81.35,0.26769230769230773,0.7401315789473685
joana-belchior,HYROX PRO WOMEN,35-39,Portugal,Lisbon,2026,4.05,4.833333333333333,4.566666666666666,4.4,4.683333333333334,7.7,4.75,4.816666666666666,4.75,4.85,4.716666666666667,2.7333333333333334,4.766666666666667,4.783333333333333,4.866666666666666,7.616666666666666,5.0,37.15,41.733333333333334,83.88333333333333,0.16780821917808217,0.5714285714285715
ana-mestre,HYROX PRO WOMEN,30-34,Portugal,Lisbon,2026,4.216666666666667,5.116666666666666,5.233333333333333,4.0,5.5,6.566666666666666,5.45,4.483333333333333,5.45,5.266666666666667,5.4,2.3833333333333333,5.416666666666667,5.066666666666666,5.383333333333334,6.583333333333333,5.483333333333333,42.05,39.46666666666667,87.0,0.2333333333333333,0.6091370558375635
elisabeth-andersen,HYROX PRO WOMEN,50-54,Sweden,Lisbon,2026,3.7666666666666666,5.166666666666667,4.633333333333334,5.233333333333333,4.8,6.616666666666666,4.783333333333333,6.25,4.866666666666666,5.233333333333333,4.916666666666667,3.2666666666666666,4.8,5.483333333333333,5.116666666666666,7.9,6.5,37.68333333333334,45.15,89.33333333333334,0.263843648208469,0.7909319899244333
mariana-cardoso,HYROX PRO WOMEN,16-24,Portugal,Lisbon,2026,3.9166666666666665,5.25,4.883333333333334,5.666666666666667,5.2,9.183333333333334,5.766666666666667,4.516666666666667,5.366666666666666,5.716666666666667,5.35,2.566666666666667,5.266666666666667,5.533333333333333,5.533333333333333,6.633333333333334,5.95,41.28333333333333,45.06666666666667,92.3,0.32080924855491333,0.617059891107078
monica-sandomingo-rodriguez,HYROX PRO WOMEN,45-49,Spain,Lisbon,2026,4.466666666666667,5.1,5.5,5.85,5.583333333333333,6.083333333333333,5.816666666666666,4.95,5.783333333333333,5.55,5.933333333333334,3.333333333333333,5.966666666666667,6.833333333333333,6.35,6.683333333333334,6.166666666666667,45.4,44.383333333333326,95.95,0.2965879265091863,0.9616438356164383
debora-vieira,HYROX PRO WOMEN,30-34,Portugal,Lisbon,2026,4.25,5.05,5.45,3.5,6.083333333333333,6.716666666666667,6.15,7.466666666666667,6.483333333333333,5.6,6.266666666666667,3.966666666666667,6.516666666666667,5.583333333333333,6.9,7.5,5.933333333333334,48.099999999999994,45.38333333333334,99.41666666666666,0.3840579710144928,0.5210918114143921
magda-plaga,HYROX PRO WOMEN,30-34,Poland,Lisbon,2026,5.383333333333334,5.3,6.85,4.45,7.116666666666666,5.95,7.216666666666667,8.766666666666667,7.116666666666666,5.8,7.116666666666666,3.1,7.216666666666667,6.05,7.7,7.516666666666667,8.133333333333333,55.716666666666676,46.93333333333333,110.78333333333333,0.30086580086580084,0.7478991596638656
susana-melo,HYROX PRO WOMEN,45-49,Portugal,Lisbon,2026,4.7,5.433333333333334,6.066666666666666,7.783333333333333,6.616666666666666,10.333333333333334,6.966666666666667,9.816666666666666,7.033333333333333,6.066666666666666,7.35,5.0,7.55,8.45,8.45,15.5,9.366666666666667,54.733333333333334,68.38333333333334,132.48333333333332,0.44378698224852065,0.7532258064516129
carys-webster,HYROX PRO WOMEN,30-34,United Kingdom,London,2021,4.26666666666667,4.35,4.51666666666667,2.56666666666667,5.45,4.31666666666667,5.11666666666667,3.11666666666667,4.98333333333333,4.38333333333333,4.91666666666667,1.7,4.96666666666667,3.31666666666667,5.26666666666667,3.51666666666667,4.88333333333333,39.483333333333356,27.266666666666676,71.63333333333337,0.21712538226299632,0.594594594594595
anna-plyushkina,HYROX PRO WOMEN,30-34,United Kingdom,London,2021,4.13333333333333,4.51666666666667,4.48333333333333,3.16666666666667,4.93333333333333,4.66666666666667,4.83333333333333,3.38333333333333,4.71666666666667,4.6,4.71666666666667,1.75,4.76666666666667,3.8,5.11666666666667,3.26666666666667,5.35,37.699999999999996,29.150000000000013,72.2,0.19218241042345388,0.6785714285714288
aileen-mccann,HYROX PRO WOMEN,25-29,United Kingdom,London,2021,4.26666666666667,4.2,4.73333333333333,3.41666666666667,5.06666666666667,4.65,4.9,4.06666666666667,5.23333333333333,4.71666666666667,5.2,2.25,5.2,3.38333333333333,5.6,3.4,5.5,40.2,30.08333333333334,75.78333333333335,0.23809523809523742,0.7347670250896065
dena-hogan,HYROX PRO WOMEN,40-44,Ireland,London,2021,4.05,4.61666666666667,4.16666666666667,2.4,4.43333333333333,6.03333333333333,4.6,3.18333333333333,4.45,4.91666666666667,4.41666666666667,2.36666666666667,6.1,4.81666666666667,4.95,6.21666666666667,4.16666666666667,37.16666666666667,34.55000000000001,75.88333333333334,0.3360655737704918,0.397790055248619
chiara-borg,HYROX PRO WOMEN,30-34,United Kingdom,London,2021,4.01666666666667,4.38333333333333,4.23333333333333,2.75,4.38333333333333,7.7,4.58333333333333,3.63333333333333,4.56666666666667,4.86666666666667,4.71666666666667,1.86666666666667,4.61666666666667,4.18333333333333,4.9,6.2,4.4,36.01666666666667,35.583333333333336,76.00000000000001,0.18027210884353675,0.35714285714285715
olivia-lukasewich,HYROX PRO WOMEN,30-34,United Kingdom,London,2021,4.08333333333333,4.41666666666667,4.48333333333333,4.6,4.51666666666667,5.75,4.58333333333333,3.61666666666667,4.68333333333333,4.75,4.65,2.35,4.68333333333333,4.3,4.85,5.56666666666667,4.16666666666667,36.53333333333332,35.35000000000001,76.05,0.158075601374571,0.7999999999999999
jade-skillen,HYROX PRO WOMEN,30-34,United Kingdom,London,2021,4.16666666666667,4.58333333333333,4.53333333333333,2.65,4.78333333333333,5.33333333333333,4.68333333333333,3.11666666666667,4.6,4.65,4.78333333333333,2.58333333333333,6.36666666666667,4.1,4.98333333333333,6.16666666666667,4.7,38.899999999999984,33.18333333333333,76.7833333333333,0.34554973821989515,0.49687500000000023
georgina-erhardt,HYROX PRO WOMEN,16-24,United Kingdom,London,2021,4.16666666666667,4.53333333333333,4.36666666666667,2.7,5.1,7.36666666666667,4.95,3.91666666666667,4.9,5.0,4.43333333333333,2.33333333333333,4.76666666666667,4.9,5.13333333333333,6.1,4.06666666666667,37.81666666666668,36.85,78.73333333333335,0.18831168831168724,0.36651583710407226
megan-lockey,HYROX PRO WOMEN,25-29,United Kingdom,London,2021,3.9,4.38333333333333,4.58333333333333,3.18333333333333,4.98333333333333,6.23333333333333,5.1,3.93333333333333,5.21666666666667,4.61666666666667,5.3,3.28333333333333,5.25,4.18333333333333,5.66666666666667,4.81666666666667,4.43333333333333,40.0,34.633333333333326,79.06666666666663,0.31176470588235333,0.5106951871657751
joanne-caulton,HYROX PRO WOMEN,30-34,United Kingdom,London,2021,4.36666666666667,4.61666666666667,4.9,2.26666666666667,5.13333333333333,4.2,5.66666666666667,4.05,5.61666666666667,4.88333333333333,5.5,2.21666666666667,5.96666666666667,4.03333333333333,6.63333333333333,4.33333333333333,5.06666666666667,43.783333333333346,30.599999999999994,79.45000000000002,0.34170854271356704,0.5396825396825405
vicky-davies,HYROX PRO WOMEN,25-29,United Kingdom,London,2021,4.68333333333333,4.2,5.36666666666667,2.0,5.96666666666667,4.61666666666667,5.91666666666667,3.9,5.88333333333333,4.43333333333333,5.95,2.08333333333333,5.76666666666667,4.4,6.45,5.1,4.85,45.98333333333335,30.733333333333327,81.56666666666668,0.2739018087855303,0.4332129963898914
tali-vaisbart,HYROX PRO WOMEN,16-24,United Kingdom,London,2021,4.5,4.45,5.13333333333333,2.25,5.23333333333333,7.96666666666667,5.3,3.75,5.48333333333333,4.71666666666667,5.38333333333333,2.7,5.35,4.55,5.96666666666667,4.58333333333333,4.51666666666667,42.34999999999999,34.96666666666667,81.83333333333333,0.24581005586592225,0.2824267782426777
emily-heffernan,HYROX PRO WOMEN,30-34,United Kingdom,London,2021,4.93333333333333,4.31666666666667,5.11666666666667,3.6,5.61666666666667,5.25,5.76666666666667,3.11666666666667,5.86666666666667,4.58333333333333,5.53333333333333,1.93333333333333,5.68333333333333,3.93333333333333,6.53333333333333,4.85,5.2,45.050000000000004,31.58333333333333,81.83333333333333,0.24489795918367355,0.6857142857142857
hana-hammouda,HYROX PRO WOMEN,25-29,United Kingdom,London,2021,4.08333333333333,4.38333333333333,4.46666666666667,4.36666666666667,4.58333333333333,10.2833333333333,4.75,4.31666666666667,4.75,4.88333333333333,4.71666666666667,3.25,5.18333333333333,4.68333333333333,5.38333333333333,5.88333333333333,4.1,37.916666666666664,42.04999999999996,84.0666666666666,0.2414860681114552,0.424635332252838
folawe-abraham,HYROX PRO WOMEN,30-34,United Kingdom,London,2021,4.93333333333333,4.2,5.25,1.71666666666667,5.68333333333333,5.43333333333333,6.1,5.21666666666667,6.85,4.46666666666667,6.0,1.98333333333333,6.05,4.43333333333333,6.3,5.9,4.95,47.16666666666666,33.35,85.46666666666668,0.27980535279805396,0.31595092024539956
eliza-bullack,HYROX PRO WOMEN,30-34,United Kingdom,London,2021,4.68333333333333,4.6,5.01666666666667,3.85,5.53333333333333,4.85,6.0,4.55,5.96666666666667,4.58333333333333,5.73333333333333,2.2,6.05,4.41666666666667,6.6,8.33333333333333,5.91666666666667,45.58333333333332,37.383333333333326,88.88333333333333,0.2904040404040409,0.7938144329896908
laura-haynes,HYROX PRO WOMEN,25-29,United Kingdom,London,2021,4.21666666666667,4.51666666666667,5.2,3.0,5.83333333333333,5.5,5.63333333333333,5.48333333333333,5.73333333333333,4.81666666666667,5.76666666666667,2.08333333333333,6.5,4.53333333333333,6.66666666666667,8.31666666666667,5.45,45.550000000000004,38.25,89.25000000000001,0.3674999999999997,0.5454545454545454
ailsa-mckeon,HYROX PRO WOMEN,30-34,United Kingdom,London,2021,4.85,4.78333333333333,5.33333333333333,2.68333333333333,5.98333333333333,8.9,5.58333333333333,3.61666666666667,5.65,5.28333333333333,5.6,2.55,5.75,3.96666666666667,6.18333333333333,6.4,6.63333333333333,44.93333333333332,38.18333333333333,89.74999999999999,0.21563342318059261,0.3014981273408236
maria-mcmenemy,HYROX PRO WOMEN,30-34,United Kingdom,London,2021,4.63333333333333,4.63333333333333,5.5,3.21666666666667,5.9,5.76666666666667,5.9,3.96666666666667,5.96666666666667,4.68333333333333,6.05,3.06666666666667,6.1,4.91666666666667,6.61666666666667,7.36666666666667,6.4,46.666666666666664,37.616666666666674,90.68333333333335,0.29974811083123504,0.5578034682080927
victoria-burke,HYROX PRO WOMEN,35-39,United Kingdom,London,2021,4.63333333333333,4.88333333333333,4.58333333333333,3.31666666666667,4.81666666666667,7.78333333333333,4.93333333333333,4.76666666666667,4.93333333333333,5.5,4.9,3.1,5.23333333333333,5.18333333333333,6.1,12.7833333333333,6.13333333333333,40.13333333333332,47.316666666666634,93.58333333333329,0.2486338797814212,0.42612419700214194
marianna-angilecchia,HYROX PRO WOMEN,30-34,Italy,London,2021,4.73333333333333,5.48333333333333,5.3,2.85,5.61666666666667,5.4,5.55,4.96666666666667,5.65,5.46666666666667,5.51666666666667,4.33333333333333,5.65,6.58333333333333,6.11666666666667,8.73333333333333,6.08333333333333,44.13333333333334,43.81666666666666,94.03333333333333,0.22615803814713994,0.5277777777777778
alyna-han,HYROX PRO WOMEN,25-29,United Kingdom,London,2021,4.73333333333333,4.73333333333333,5.0,3.96666666666667,5.18333333333333,13.0333333333333,5.55,5.65,5.4,5.2,5.51666666666667,4.35,5.35,6.3,6.11666666666667,7.26666666666667,7.21666666666667,42.849999999999994,50.49999999999997,100.56666666666662,0.22615803814713994,0.30434782608695754
alison-young,HYROX PRO WOMEN,40-44,United Kingdom,London,2021,6.0,4.93333333333333,6.81666666666667,2.06666666666667,7.25,7.5,7.4,7.05,7.63333333333333,5.31666666666667,7.18333333333333,2.88333333333333,6.98333333333333,5.2,7.4,10.0333333333333,9.31666666666667,56.66666666666666,44.983333333333306,110.96666666666664,0.21397379912663722,0.275555555555556
anna-plyushkina,HYROX PRO WOMEN,30-34,United Kingdom,London,2022,4.23333333333333,4.38333333333333,4.48333333333333,3.36666666666667,4.81666666666667,4.35,4.65,2.93333333333333,4.65,4.51666666666667,4.73333333333333,1.58333333333333,4.81666666666667,3.43333333333333,5.16666666666667,4.1,4.98333333333333,37.55,28.666666666666657,71.19999999999999,0.18064516129032374,0.7739463601532575
antje-hardes,HYROX PRO WOMEN,30-34,Germany,London,2022,4.21666666666667,4.58333333333333,4.08333333333333,2.9,4.15,4.18333333333333,4.23333333333333,3.9,4.31666666666667,4.78333333333333,4.23333333333333,2.96666666666667,4.21666666666667,4.48333333333333,4.83333333333333,5.36666666666667,4.71666666666667,34.28333333333333,33.16666666666666,72.16666666666666,0.15517241379310354,0.6932270916334666
rebecca-mason,HYROX PRO WOMEN,35-39,United Kingdom,London,2022,4.53333333333333,4.41666666666667,4.66666666666667,3.55,4.9,4.05,4.85,2.8,4.93333333333333,4.61666666666667,4.88333333333333,1.88333333333333,5.05,3.41666666666667,5.56666666666667,4.93333333333333,4.91666666666667,39.383333333333326,29.66666666666667,73.96666666666665,0.18562874251497122,0.8765432098765432
janne-thomsen,HYROX PRO WOMEN,25-29,Germany,London,2022,3.96666666666667,4.38333333333333,4.05,5.63333333333333,4.45,4.85,4.46666666666667,3.18333333333333,4.56666666666667,4.73333333333333,4.5,2.05,4.53333333333333,4.23333333333333,5.18333333333333,4.46666666666667,4.81666666666667,35.71666666666667,33.533333333333324,74.06666666666666,0.23472668810289277,1.1615120274914084
emma-bennett-morris,HYROX PRO WOMEN,25-29,United Kingdom,London,2022,4.41666666666667,4.4,4.26666666666667,3.91666666666667,4.8,5.68333333333333,4.88333333333333,3.68333333333333,5.08333333333333,4.56666666666667,4.8,1.78333333333333,4.76666666666667,3.61666666666667,5.31666666666667,3.98333333333333,5.01666666666667,38.33333333333334,31.633333333333333,74.98333333333335,0.19749216300940423,0.6891495601173031
aileen-mccann,HYROX PRO WOMEN,30-34,Ireland,London,2022,4.0,4.3,4.43333333333333,4.41666666666667,4.73333333333333,5.01666666666667,4.73333333333333,3.81666666666667,4.68333333333333,4.71666666666667,4.96666666666667,2.15,4.9,3.06666666666667,5.33333333333333,3.65,6.36666666666667,37.78333333333332,31.133333333333347,75.28333333333335,0.24999999999999958,0.8803986710963455
nicki-johnson,HYROX PRO WOMEN,40-44,United Kingdom,London,2022,4.11666666666667,4.63333333333333,4.3,4.2,4.53333333333333,4.7,4.51666666666667,3.45,4.51666666666667,4.5,4.7,1.66666666666667,4.45,4.5,5.08333333333333,6.68333333333333,4.93333333333333,36.21666666666667,34.33333333333333,75.48333333333335,0.19016393442622842,0.8936170212765957
jade-skillen,HYROX PRO WOMEN,30-34,United Kingdom,London,2022,4.16666666666667,4.63333333333333,4.31666666666667,4.55,4.43333333333333,5.36666666666667,4.41666666666667,3.36666666666667,4.36666666666667,4.71666666666667,4.46666666666667,2.83333333333333,4.38333333333333,4.4,5.08333333333333,4.51666666666667,5.75,35.63333333333334,34.38333333333334,75.76666666666667,0.18032786885245797,0.8478260869565212
dena-hogan,HYROX PRO WOMEN,40-44,Ireland,London,2022,4.0,4.71666666666667,4.21666666666667,4.88333333333333,4.53333333333333,5.53333333333333,4.56666666666667,3.91666666666667,4.61666666666667,4.86666666666667,4.65,2.56666666666667,4.55,4.65,5.25,4.9,4.93333333333333,36.38333333333334,36.03333333333334,77.35000000000002,0.23809523809523808,0.8825301204819277
lauren-sullivan,HYROX PRO WOMEN,30-34,United Kingdom,London,2022,4.01666666666667,4.36666666666667,4.3,5.25,4.48333333333333,5.18333333333333,4.7,3.83333333333333,4.73333333333333,4.68333333333333,4.68333333333333,2.36666666666667,4.68333333333333,4.56666666666667,5.18333333333333,6.41666666666667,5.2,36.78333333333332,36.66666666666667,78.64999999999998,0.22508038585208887,1.0128617363344057
felicity-cole,HYROX PRO WOMEN,40-44,United Kingdom,London,2022,4.11666666666667,4.55,4.13333333333333,8.13333333333333,4.41666666666667,4.98333333333333,4.4,3.33333333333333,4.51666666666667,4.88333333333333,4.55,2.03333333333333,4.63333333333333,4.21666666666667,5.23333333333333,5.9,4.65,36.0,38.03333333333332,78.68333333333332,0.21337579617834282,1.6321070234113715
naomi-barnes,HYROX PRO WOMEN,30-34,United Kingdom,London,2022,5.0,4.36666666666667,5.05,3.93333333333333,5.35,5.03333333333333,5.3,3.58333333333333,5.25,4.55,5.15,2.23333333333333,5.1,3.85,5.6,4.71666666666667,5.66666666666667,41.800000000000004,32.266666666666666,79.73333333333332,0.10714285714285708,0.781456953642384
tegan-pryce,HYROX PRO WOMEN,25-29,United Kingdom,London,2022,4.98333333333333,4.25,4.73333333333333,2.91666666666667,5.2,5.66666666666667,5.18333333333333,3.81666666666667,5.4,4.43333333333333,5.25,2.06666666666667,5.38333333333333,4.33333333333333,6.01666666666667,5.15,5.73333333333333,42.15,32.63333333333334,80.51666666666668,0.2132963988919678,0.5147058823529415
folawe-abraham,HYROX PRO WOMEN,25-29,United Kingdom,London,2022,4.46666666666667,4.11666666666667,4.63333333333333,3.38333333333333,5.45,4.31666666666667,5.45,5.66666666666667,5.51666666666667,4.51666666666667,5.4,1.86666666666667,5.25,4.06666666666667,5.91666666666667,5.21666666666667,5.53333333333333,42.08333333333334,33.15000000000002,80.76666666666671,0.24507042253521102,0.7837837837837824
naomi-eafx89-heffernan,HYROX PRO WOMEN,30-34,England,London,2022,4.7,4.66666666666667,4.36666666666667,5.2,5.16666666666667,5.35,5.4,3.2,5.18333333333333,4.78333333333333,4.8,2.83333333333333,5.03333333333333,5.28333333333333,5.53333333333333,5.18333333333333,4.7,40.18333333333333,36.49999999999999,81.38333333333334,0.2108433734939748,0.97196261682243
kate-williams,HYROX PRO WOMEN,30-34,United Kingdom,London,2022,4.4,4.23333333333333,4.65,5.73333333333333,5.23333333333333,5.0,5.06666666666667,3.66666666666667,5.1,4.83333333333333,4.98333333333333,2.28333333333333,5.06666666666667,5.01666666666667,5.71666666666667,4.95,5.53333333333333,40.21666666666667,35.71666666666666,81.46666666666665,0.23032069970845523,1.146666666666666
katy-smith,HYROX PRO WOMEN,40-44,United Kingdom,London,2022,4.5,4.48333333333333,4.85,5.11666666666667,5.03333333333333,5.88333333333333,5.13333333333333,3.01666666666667,5.23333333333333,4.76666666666667,5.3,2.81666666666667,5.35,3.75,5.96666666666667,5.55,6.05,41.36666666666666,35.38333333333334,82.79999999999998,0.24581005586592225,0.8696883852691228
saskia-collins,HYROX PRO WOMEN,25-29,United Kingdom,London,2022,4.61666666666667,4.43333333333333,4.78333333333333,4.8,5.28333333333333,5.85,5.28333333333333,4.55,5.4,4.81666666666667,5.23333333333333,2.56666666666667,5.4,4.1,6.16666666666667,4.33333333333333,5.25,42.166666666666664,35.449999999999996,82.86666666666666,0.2513513513513512,0.8205128205128205
gemma-allison,HYROX PRO WOMEN,16-24,United Kingdom,London,2022,5.18333333333333,4.8,4.9,4.48333333333333,5.3,5.31666666666667,5.18333333333333,5.2,5.18333333333333,4.95,4.86666666666667,2.13333333333333,4.93333333333333,3.81666666666667,5.31666666666667,6.33333333333333,6.01666666666667,40.86666666666666,37.03333333333333,83.91666666666666,0.08463949843260186,0.8432601880877731
michelle-double,HYROX PRO WOMEN,40-44,United Kingdom,London,2022,4.88333333333333,4.78333333333333,4.85,4.25,5.08333333333333,5.58333333333333,5.21666666666667,4.03333333333333,5.25,5.2,5.26666666666667,2.71666666666667,5.26666666666667,4.75,6.03333333333333,5.08333333333333,6.21666666666667,41.85,36.39999999999999,84.46666666666665,0.19613259668508246,0.7611940298507467
keziah-campbell,HYROX PRO WOMEN,35-39,United Kingdom,London,2022,4.33333333333333,4.53333333333333,4.73333333333333,3.91666666666667,5.81666666666667,5.4,5.63333333333333,4.35,5.88333333333333,4.75,5.81666666666667,1.88333333333333,6.0,3.88333333333333,6.86666666666667,4.93333333333333,5.76666666666667,45.08333333333332,33.64999999999999,84.49999999999999,0.3689320388349522,0.7253086419753092
jen-fairbairns,HYROX PRO WOMEN,40-44,Spain,London,2022,4.51666666666667,4.75,4.91666666666667,4.11666666666667,5.2,4.8,5.36666666666667,5.1,5.48333333333333,4.83333333333333,5.43333333333333,2.16666666666667,5.36666666666667,4.61666666666667,6.35,5.13333333333333,6.41666666666667,42.63333333333334,35.51666666666667,84.56666666666668,0.28871391076115427,0.8576388888888896
geraldine-miell,HYROX PRO WOMEN,45-49,United Kingdom,London,2022,4.95,4.71666666666667,5.03333333333333,4.38333333333333,5.31666666666667,5.53333333333333,5.35,3.76666666666667,5.35,5.03333333333333,5.3,2.78333333333333,5.26666666666667,4.36666666666667,6.0,6.03333333333333,6.51666666666667,42.56666666666667,36.61666666666666,85.7,0.17499999999999996,0.7921686746987951
amy-darch,HYROX PRO WOMEN,30-34,United Kingdom,London,2022,4.41666666666667,4.25,4.8,4.18333333333333,5.2,5.61666666666667,5.16666666666667,4.9,5.7,5.15,5.53333333333333,2.38333333333333,5.4,4.28333333333333,6.23333333333333,6.55,6.03333333333333,42.44999999999999,37.316666666666656,85.79999999999997,0.2914438502673788,0.74480712166172
athalie-redwood-mills,HYROX PRO WOMEN,40-44,United Kingdom,London,2022,4.73333333333333,4.43333333333333,5.16666666666667,4.78333333333333,5.58333333333333,5.41666666666667,5.4,4.3,5.61666666666667,4.71666666666667,5.68333333333333,2.4,5.66666666666667,4.33333333333333,6.45,6.03333333333333,5.8,44.300000000000004,36.41666666666666,86.51666666666667,0.26614987080103414,0.8830769230769219
desiree-loke,HYROX PRO WOMEN,25-29,United Kingdom,London,2022,4.53333333333333,4.65,4.68333333333333,5.65,5.18333333333333,7.33333333333333,5.15,3.88333333333333,5.21666666666667,4.86666666666667,5.26666666666667,3.3,5.48333333333333,4.38333333333333,6.05,5.46666666666667,6.06666666666667,41.566666666666656,39.53333333333333,87.16666666666666,0.25068870523416037,0.7704545454545458
sophie-johnson,HYROX PRO WOMEN,30-34,United Kingdom,London,2022,4.75,4.68333333333333,4.66666666666667,7.68333333333333,4.93333333333333,5.7,4.93333333333333,5.56666666666667,5.23333333333333,4.88333333333333,5.25,2.33333333333333,5.1,4.45,6.1,5.4,5.78333333333333,40.96666666666666,40.69999999999999,87.44999999999999,0.2349726775956279,1.3479532163742685
lucy-mason,HYROX PRO WOMEN,25-29,United Kingdom,London,2022,4.58333333333333,4.51666666666667,4.55,5.7,7.73333333333333,5.35,5.08333333333333,4.78333333333333,5.13333333333333,5.01666666666667,5.0,2.51666666666667,5.11666666666667,5.01666666666667,5.83333333333333,5.6,1.05,43.03333333333331,38.500000000000014,82.58333333333331,0.41163793103448254,1.0654205607476637
rachel-langford,HYROX PRO WOMEN,30-34,United Kingdom,London,2022,4.43333333333333,4.45,4.43333333333333,6.21666666666667,4.88333333333333,7.73333333333333,4.75,4.46666666666667,4.78333333333333,5.01666666666667,4.76666666666667,3.56666666666667,4.8,4.65,5.41666666666667,7.13333333333333,6.13333333333333,38.26666666666666,43.23333333333335,87.63333333333333,0.1815384615384626,0.8038793103448284
diana-svitkova,HYROX PRO WOMEN,45-49,United Kingdom,London,2022,4.75,4.68333333333333,5.0,4.88333333333333,5.26666666666667,5.88333333333333,5.25,5.93333333333333,5.28333333333333,5.01666666666667,5.28333333333333,2.95,5.4,5.11666666666667,6.18333333333333,4.81666666666667,8.11666666666667,42.41666666666666,39.283333333333324,89.81666666666666,0.23180592991913707,0.8300283286118979
rebecca-hunt,HYROX PRO WOMEN,40-44,United Kingdom,London,2022,4.6,5.38333333333333,4.65,6.13333333333333,4.96666666666667,7.18333333333333,4.86666666666667,4.31666666666667,4.9,5.16666666666667,4.95,3.13333333333333,4.83333333333333,5.28333333333333,5.56666666666667,6.35,7.75,39.33333333333334,42.94999999999999,90.03333333333333,0.173652694610779,0.8538283062645011
bella-jones,HYROX PRO WOMEN,40-44,United Kingdom,London,2022,5.21666666666667,4.71666666666667,5.23333333333333,3.91666666666667,5.7,5.36666666666667,5.6,5.31666666666667,5.63333333333333,4.95,5.58333333333333,2.75,5.51666666666667,5.53333333333333,6.61666666666667,5.51666666666667,7.53333333333333,45.1,38.066666666666684,90.70000000000002,0.211586901763224,0.7298136645962735
tara-kafke,HYROX PRO WOMEN,30-34,United Kingdom,London,2022,4.63333333333333,4.56666666666667,4.71666666666667,5.15,5.31666666666667,6.48333333333333,5.28333333333333,4.56666666666667,5.3,5.01666666666667,5.85,3.45,5.43333333333333,5.38333333333333,6.08333333333333,7.35,6.41666666666667,42.61666666666666,41.96666666666667,90.99999999999999,0.2383561643835618,0.7943444730077126
kelli-byrnes,HYROX PRO WOMEN,35-39,United Kingdom,London,2022,4.96666666666667,4.33333333333333,5.33333333333333,3.88333333333333,5.5,5.16666666666667,5.63333333333333,4.35,5.73333333333333,4.58333333333333,6.11666666666667,2.8,5.73333333333333,6.03333333333333,7.33333333333333,6.5,6.98333333333333,46.34999999999999,37.64999999999999,90.9833333333333,0.322727272727272,0.7516129032258054
nayibe-statia,HYROX PRO WOMEN,35-39,Netherlands,London,2022,5.18333333333333,5.25,5.1,4.75,5.36666666666667,5.45,5.35,5.91666666666667,5.33333333333333,5.43333333333333,5.38333333333333,3.15,5.48333333333333,4.5,7.0,7.98333333333333,7.41666666666667,44.19999999999999,42.43333333333332,94.05000000000001,0.27142857142857146,0.8715596330275229
michelle-kenny,HYROX PRO WOMEN,50-54,United Kingdom,London,2022,5.1,4.88333333333333,5.56666666666667,3.46666666666667,5.65,6.36666666666667,5.85,5.35,5.73333333333333,5.06666666666667,5.61666666666667,2.98333333333333,5.73333333333333,5.91666666666667,7.01666666666667,6.65,7.45,46.26666666666667,40.68333333333334,94.40000000000002,0.27315914489311205,0.5445026178010474
harriet-mcguffie,HYROX PRO WOMEN,45-49,United Kingdom,London,2022,4.93333333333333,4.76666666666667,4.93333333333333,6.35,5.38333333333333,6.43333333333333,5.25,4.21666666666667,5.31666666666667,5.2,5.51666666666667,3.93333333333333,8.45,8.3,6.3,5.43333333333333,0.933333333333333,46.08333333333333,44.63333333333333,91.65,0.4161735700197242,0.9870466321243527
bethany-hoggarth,HYROX PRO WOMEN,35-39,United Kingdom,London,2022,5.28333333333333,4.61666666666667,5.71666666666667,4.26666666666667,6.3,5.6,6.55,4.53333333333333,6.65,4.68333333333333,6.5,3.01666666666667,6.71666666666667,5.08333333333333,7.43333333333333,4.66666666666667,7.46666666666667,51.15,36.46666666666667,95.08333333333333,0.28923766816143515,0.7619047619047625
mary-mcfadzean,HYROX PRO WOMEN,25-29,United Kingdom,London,2022,5.06666666666667,5.2,5.33333333333333,6.15,5.6,7.8,5.48333333333333,4.71666666666667,5.48333333333333,4.81666666666667,5.95,2.93333333333333,6.08333333333333,4.96666666666667,7.43333333333333,5.25,6.91666666666667,46.43333333333332,41.83333333333334,95.18333333333335,0.3183856502242145,0.7884615384615385
laura-haynes,HYROX PRO WOMEN,25-29,United Kingdom,London,2022,4.46666666666667,4.6,5.48333333333333,6.08333333333333,5.98333333333333,5.83333333333333,5.71666666666667,5.85,6.26666666666667,4.86666666666667,6.05,2.36666666666667,6.15,5.11666666666667,7.3,7.15,6.7,47.416666666666664,41.86666666666667,95.98333333333335,0.388127853881278,1.042857142857143
sarah-marie-holden,HYROX PRO WOMEN,25-29,Germany,London,2022,5.15,4.66666666666667,5.38333333333333,5.13333333333333,5.55,5.3,5.46666666666667,3.45,5.68333333333333,5.08333333333333,6.16666666666667,4.31666666666667,5.95,6.46666666666667,7.08333333333333,5.93333333333333,10.3333333333333,46.43333333333334,40.35,97.11666666666663,0.27294117647058785,0.9685534591194963
danielle-mitchell,HYROX PRO WOMEN,40-44,United Kingdom,London,2022,4.58333333333333,4.91666666666667,4.95,6.93333333333333,5.45,7.93333333333333,5.38333333333333,5.51666666666667,5.41666666666667,5.68333333333333,5.63333333333333,3.86666666666667,5.66666666666667,5.8,6.73333333333333,6.71666666666667,6.2,43.816666666666656,47.36666666666667,97.38333333333333,0.31930693069306937,0.8739495798319327
sandra-grinevicius,HYROX PRO WOMEN,35-39,United Kingdom,London,2022,4.98333333333333,4.66666666666667,5.58333333333333,4.96666666666667,6.08333333333333,7.31666666666667,5.88333333333333,6.81666666666667,5.8,4.91666666666667,5.9,3.48333333333333,5.66666666666667,5.45,7.01666666666667,5.78333333333333,10.8666666666667,46.916666666666664,43.40000000000001,101.18333333333338,0.2897862232779106,0.6788154897494307
alison-young,HYROX PRO WOMEN,40-44,United Kingdom,London,2022,5.81666666666667,4.86666666666667,6.23333333333333,4.7,6.83333333333333,7.35,6.48333333333333,6.11666666666667,6.36666666666667,5.13333333333333,6.33333333333333,2.45,6.43333333333333,5.18333333333333,7.43333333333333,6.13333333333333,8.55,51.93333333333332,41.93333333333333,102.41666666666664,0.21748878923766737,0.6394557823129252
isabel-munoz-toro,HYROX PRO WOMEN,16-24,Spain,London,2022,4.9,4.8,5.36666666666667,8.65,6.11666666666667,8.48333333333333,6.13333333333333,5.21666666666667,6.06666666666667,5.53333333333333,5.96666666666667,4.73333333333333,6.2,6.91666666666667,7.71666666666667,6.83333333333333,6.98333333333333,48.46666666666668,51.16666666666666,106.61666666666667,0.3650107991360694,1.0196463654223973
amy-kenny,HYROX PRO WOMEN,30-34,United Kingdom,London,2022,5.88333333333333,5.0,5.93333333333333,6.05,6.16666666666667,6.3,6.3,7.28333333333333,6.28333333333333,5.3,6.51666666666667,3.0,6.73333333333333,6.63333333333333,7.93333333333333,7.71666666666667,8.66666666666667,51.749999999999986,47.28333333333334,107.69999999999997,0.2584033613445379,0.9603174603174603
charlotte-chapman,HYROX PRO WOMEN,35-39,United Kingdom,London,2022,5.13333333333333,4.83333333333333,5.5,5.58333333333333,5.65,8.65,5.58333333333333,7.66666666666667,5.6,5.25,5.56666666666667,4.35,5.36666666666667,7.11666666666667,6.65,8.41666666666667,11.3166666666667,45.05,51.866666666666674,108.23333333333338,0.228070175438597,0.6454720616570324
kirsten-higgins,HYROX PRO WOMEN,16-24,United Kingdom,London,2022,5.01666666666667,5.03333333333333,5.46666666666667,7.25,5.76666666666667,8.56666666666667,5.98333333333333,6.83333333333333,5.61666666666667,5.56666666666667,5.68333333333333,4.63333333333333,5.55,6.46666666666667,6.85,8.5,11.5166666666667,45.933333333333344,52.85,110.30000000000003,0.2676399026763985,0.846303501945525
becky-miles,HYROX PRO WOMEN,35-39,United Kingdom,London,2022,5.0,4.83333333333333,5.4,11.8333333333333,5.6,8.28333333333333,6.45,6.93333333333333,5.85,5.3,5.85,4.33333333333333,5.48333333333333,9.18333333333333,7.01666666666667,10.0666666666667,1.28333333333333,46.65,60.766666666666644,108.69999999999997,0.28741092636579607,1.4285714285714253
anabel-obank,HYROX PRO WOMEN,30-34,United Kingdom,London,2025,3.8666666666666663,4.366666666666666,3.7,2.9166666666666665,3.8,3.7,3.8,3.3833333333333333,3.9166666666666665,4.466666666666667,3.816666666666667,1.6833333333333331,3.9,3.95,4.983333333333333,4.116666666666666,3.633333333333333,31.783333333333335,28.583333333333336,64.0,0.25752508361204013,0.7882882882882882
lindsey-colman,HYROX PRO WOMEN,40-44,United Kingdom,London,2025,4.266666666666667,4.466666666666667,3.95,3.0166666666666666,4.0,4.1,4.033333333333333,4.05,4.05,4.8,4.0,2.0166666666666666,4.05,4.216666666666667,5.25,6.0,4.216666666666667,33.6,32.666666666666664,70.48333333333333,0.24761904761904757,0.7357723577235773
harriet-marum,HYROX PRO WOMEN,25-29,United Kingdom,London,2025,4.033333333333333,4.383333333333334,4.133333333333334,2.566666666666667,4.7,4.35,4.45,4.483333333333333,4.866666666666666,4.85,4.483333333333333,2.066666666666667,4.683333333333334,4.083333333333333,6.1,4.85,4.85,37.45,31.633333333333333,73.93333333333334,0.33879781420765026,0.5900383141762453
maddy-sketchley,HYROX PRO WOMEN,25-29,United Kingdom,London,2025,4.7,4.566666666666666,4.416666666666667,3.05,4.666666666666667,4.783333333333333,4.9,4.05,4.883333333333334,4.75,4.716666666666667,2.433333333333333,4.833333333333333,4.716666666666667,6.2,5.583333333333333,4.283333333333333,39.31666666666668,33.93333333333334,77.53333333333332,0.2876344086021505,0.6376306620209059
annabel-haigh,HYROX PRO WOMEN,45-49,United Kingdom,London,2025,4.45,4.55,4.5,4.033333333333333,4.85,5.233333333333333,4.783333333333333,4.616666666666666,4.966666666666667,4.866666666666666,4.666666666666667,2.183333333333333,4.966666666666667,5.316666666666666,6.15,4.966666666666667,4.616666666666666,39.33333333333333,35.766666666666666,79.71666666666665,0.2764227642276423,0.7707006369426751
nadia-winstone,HYROX PRO WOMEN,40-44,South Africa,London,2025,4.9,4.816666666666666,5.016666666666667,3.683333333333333,5.233333333333333,4.633333333333334,5.266666666666667,4.566666666666666,5.583333333333333,4.85,5.366666666666666,2.066666666666667,5.266666666666667,4.3,6.866666666666666,5.5,5.366666666666666,43.5,34.416666666666664,83.2833333333333,0.2864077669902912,0.7949640287769782
amelia-cammiss,HYROX PRO WOMEN,16-24,United Kingdom,London,2025,5.25,4.616666666666666,4.7,2.8666666666666667,5.0,4.816666666666666,5.216666666666667,4.316666666666666,5.2,4.633333333333334,5.15,2.183333333333333,5.316666666666666,5.033333333333333,7.066666666666666,7.75,5.35,42.89999999999999,36.21666666666667,84.46666666666665,0.3349056603773584,0.5951557093425606
leah-bromley,HYROX PRO WOMEN,25-29,United Kingdom,London,2025,4.916666666666667,4.333333333333333,5.15,3.0166666666666666,5.55,5.033333333333333,5.616666666666666,5.583333333333333,5.883333333333334,4.766666666666667,5.833333333333333,3.466666666666667,5.85,4.2,8.083333333333334,5.3,5.816666666666666,46.88333333333334,35.699999999999996,88.4,0.3917525773195876,0.5993377483443708
lisa-de-ath,HYROX PRO WOMEN,40-44,United Kingdom,London,2025,4.883333333333334,4.916666666666667,5.016666666666667,4.216666666666667,5.1,5.366666666666666,5.35,5.633333333333334,5.633333333333334,5.266666666666667,5.433333333333334,2.4,5.633333333333334,6.616666666666666,7.516666666666667,7.35,5.433333333333334,44.56666666666667,41.766666666666666,91.76666666666667,0.3503325942350332,0.7857142857142858
alison-lambert,HYROX PRO WOMEN,40-44,United Kingdom,London,2025,5.416666666666667,4.9,5.166666666666667,3.883333333333333,5.433333333333334,5.8,5.216666666666667,6.166666666666667,5.633333333333334,5.083333333333333,5.533333333333333,3.433333333333333,5.566666666666666,6.4,7.483333333333333,7.25,7.166666666666667,45.45,42.916666666666664,95.53333333333335,0.309576837416481,0.6695402298850575
eimear-kearney,HYROX PRO WOMEN,16-24,Ireland,London,2025,4.7,4.9,5.05,4.35,5.516666666666667,8.716666666666667,8.3,5.883333333333334,6.283333333333333,4.966666666666667,6.25,3.8333333333333335,5.833333333333333,5.1,11.95,6.8,5.433333333333334,53.88333333333334,44.550000000000004,103.86666666666667,0.606694560669456,0.4990439770554493
danni-bertolone,HYROX PRO WOMEN,30-34,United Kingdom,London,2025,6.716666666666667,5.066666666666666,7.35,4.333333333333333,7.783333333333333,5.35,8.833333333333334,8.25,9.716666666666669,6.15,8.666666666666666,3.8333333333333335,9.35,9.25,12.416666666666666,8.966666666666667,8.85,70.83333333333334,51.2,130.88333333333333,0.4590604026845637,0.8099688473520249
ambre-keram,HYROX PRO WOMEN,25-29,France,Lyon,2026,2.833333333333333,4.5,3.6166666666666663,3.55,4.0,4.3,3.983333333333333,3.5,3.8666666666666663,4.566666666666666,3.783333333333333,1.75,3.85,2.933333333333333,4.1,4.033333333333333,4.966666666666667,30.03333333333333,29.133333333333333,64.13333333333331,0.3089430894308943,0.8255813953488372
meriam-loughzal,HYROX PRO WOMEN,35-39,France,Lyon,2026,3.033333333333333,4.766666666666667,3.933333333333333,4.4,4.15,4.516666666666667,4.216666666666667,4.416666666666667,4.3,4.75,3.983333333333333,1.8666666666666667,4.1,3.85,4.4,3.933333333333333,5.75,32.11666666666667,32.5,70.36666666666666,0.31060606060606066,0.9741697416974171
leila-darbon,HYROX PRO WOMEN,35-39,France,Lyon,2026,3.0166666666666666,4.666666666666667,4.183333333333334,4.633333333333334,4.416666666666667,5.2,4.266666666666667,3.5166666666666666,4.5,4.833333333333333,4.416666666666667,2.283333333333333,4.516666666666667,4.05,4.666666666666667,4.65,6.083333333333333,33.983333333333334,33.833333333333336,73.89999999999999,0.35357142857142865,0.8910256410256411
clara-faustino,HYROX PRO WOMEN,25-29,France,Lyon,2026,3.2,4.616666666666666,4.216666666666667,5.95,4.45,6.1,4.433333333333334,4.033333333333333,4.466666666666667,4.716666666666667,4.5,2.0166666666666666,4.6,4.3,4.783333333333333,4.083333333333333,6.483333333333333,34.65,35.81666666666666,76.95,0.3310104529616724,0.9754098360655739
elodie-cali,HYROX PRO WOMEN,35-39,France,Lyon,2026,3.4166666666666665,4.783333333333333,4.2,4.433333333333334,4.4,5.633333333333334,4.65,4.916666666666667,4.633333333333334,4.966666666666667,4.6,2.4833333333333334,4.65,3.9166666666666665,4.866666666666666,5.216666666666667,6.65,35.416666666666664,36.35,78.41666666666667,0.297945205479452,0.7869822485207101
valentine-marron,HYROX PRO WOMEN,16-24,France,Lyon,2026,3.2,4.55,4.216666666666667,4.116666666666666,4.733333333333333,6.933333333333334,4.683333333333334,6.083333333333333,4.666666666666667,4.783333333333333,4.583333333333333,2.433333333333333,4.666666666666667,4.05,4.883333333333334,4.966666666666667,6.683333333333334,35.63333333333334,37.91666666666667,80.23333333333333,0.3447098976109215,0.5937499999999999
morgane-bardin,HYROX PRO WOMEN,35-39,France,Lyon,2026,3.1,4.866666666666666,4.083333333333333,6.8,4.266666666666667,8.333333333333334,4.166666666666667,3.583333333333333,4.316666666666666,5.0,4.3,2.833333333333333,4.283333333333333,4.283333333333333,4.466666666666667,6.7,5.85,32.983333333333334,42.4,81.23333333333333,0.30597014925373134,0.816
aurelie-regis,HYROX PRO WOMEN,30-34,France,Lyon,2026,3.35,4.866666666666666,4.333333333333333,5.183333333333334,4.85,6.75,4.8,5.116666666666666,4.833333333333333,4.783333333333333,4.833333333333333,2.966666666666667,4.95,5.0,5.05,5.083333333333333,6.383333333333334,36.99999999999999,39.75000000000001,83.13333333333333,0.3366336633663366,0.7679012345679013
amandine-guillot,HYROX PRO WOMEN,35-39,France,Lyon,2026,3.566666666666667,5.383333333333334,4.4,3.933333333333333,4.566666666666666,8.616666666666667,4.7,4.966666666666667,4.7,5.35,4.55,2.7,4.616666666666666,4.316666666666666,4.7,6.2,6.683333333333334,35.800000000000004,41.46666666666667,83.95,0.24113475177304963,0.4564796905222437
simona-hirschi,HYROX PRO WOMEN,16-24,Switzerland,Lyon,2026,4.0,4.95,4.916666666666667,3.883333333333333,5.183333333333334,4.05,5.2,5.816666666666666,5.2,5.166666666666667,5.1,2.3666666666666667,5.2,5.116666666666666,5.783333333333333,5.433333333333334,8.216666666666667,40.583333333333336,36.78333333333333,85.58333333333333,0.30835734870317,0.9588477366255144
sophie-williams,HYROX PRO WOMEN,30-34,United Kingdom,Lyon,2026,3.8,5.066666666666666,4.666666666666667,4.933333333333334,4.816666666666666,6.033333333333333,4.883333333333334,5.816666666666666,4.966666666666667,5.3,4.916666666666667,2.933333333333333,4.916666666666667,5.85,5.233333333333333,6.066666666666666,7.25,38.2,42.0,87.44999999999999,0.2738853503184714,0.8176795580110497
tatiana-buchler,HYROX PRO WOMEN,45-49,France,Lyon,2026,3.433333333333333,5.116666666666666,4.566666666666666,5.733333333333333,4.783333333333333,7.283333333333333,4.833333333333333,5.85,4.816666666666666,5.45,4.9,2.85,4.95,5.1,4.966666666666667,6.75,7.316666666666666,37.25000000000001,44.13333333333333,88.69999999999999,0.30872483221476515,0.7871853546910755
julie-lucas,HYROX PRO WOMEN,30-34,France,Lyon,2026,3.7666666666666666,5.3,4.733333333333333,5.75,4.9,7.0,5.15,6.6,5.066666666666666,5.366666666666666,5.033333333333333,2.25,5.016666666666667,4.966666666666667,5.033333333333333,6.366666666666666,7.45,38.699999999999996,43.6,89.74999999999999,0.2686084142394823,0.8214285714285714
leonie-toengi,HYROX PRO WOMEN,30-34,Switzerland,Lyon,2026,3.983333333333333,4.8,5.25,3.433333333333333,5.516666666666667,5.9,5.716666666666667,6.616666666666666,5.733333333333333,4.8,5.666666666666667,2.583333333333333,5.633333333333334,4.916666666666667,6.016666666666667,5.466666666666667,9.45,43.51666666666667,38.516666666666666,91.48333333333333,0.3379501385041552,0.5819209039548022
laura-bolmont,HYROX PRO WOMEN,30-34,France,Lyon,2026,3.316666666666667,5.433333333333334,4.316666666666666,5.983333333333333,4.566666666666666,7.85,4.55,4.8,4.666666666666667,5.35,4.683333333333334,5.65,4.733333333333333,5.7,5.1,9.25,7.316666666666666,35.93333333333334,50.016666666666666,93.26666666666668,0.349673202614379,0.7622080679405521
elodie-julien,HYROX PRO WOMEN,30-34,France,Lyon,2026,3.95,4.966666666666667,5.05,5.116666666666666,5.2,8.083333333333334,5.166666666666667,5.466666666666667,5.083333333333333,5.133333333333334,5.233333333333333,3.883333333333333,5.25,6.0,5.583333333333333,6.933333333333334,8.466666666666667,40.51666666666667,45.58333333333333,94.56666666666669,0.29253731343283573,0.6329896907216493
celine-burnier,HYROX PRO WOMEN,30-34,Switzerland,Lyon,2026,3.816666666666667,5.116666666666666,4.7,5.466666666666667,5.216666666666667,6.366666666666666,5.4,5.9,5.216666666666667,5.45,5.266666666666667,5.083333333333333,5.4,7.0,6.1,7.166666666666667,7.683333333333334,41.11666666666667,47.55,96.35000000000001,0.3743169398907103,0.8586387434554975
alexandra-masgalides,HYROX PRO WOMEN,45-49,France,Lyon,2026,4.05,4.916666666666667,5.05,5.616666666666666,5.466666666666667,9.15,5.45,6.5,5.966666666666667,5.483333333333333,5.883333333333334,2.95,5.716666666666667,5.583333333333333,5.816666666666666,7.033333333333333,8.25,43.400000000000006,47.233333333333334,98.88333333333334,0.32122905027932963,0.6138433515482695
flora-laurent,HYROX PRO WOMEN,35-39,France,Lyon,2026,3.8666666666666663,5.3,5.216666666666667,4.933333333333334,5.466666666666667,10.65,5.316666666666666,6.466666666666667,5.416666666666667,5.466666666666667,5.3,3.7,5.483333333333333,7.233333333333333,5.883333333333334,8.75,7.983333333333333,41.95,52.50000000000001,102.43333333333334,0.3427762039660058,0.46322378716744916
manon-vallot,HYROX PRO WOMEN,25-29,France,Lyon,2026,3.8333333333333335,4.916666666666667,5.383333333333334,6.25,5.7,7.616666666666666,5.9,7.883333333333334,5.9,5.05,6.066666666666666,4.9,6.083333333333333,6.316666666666666,6.466666666666667,7.416666666666667,8.45,45.333333333333336,50.35,104.13333333333334,0.4072164948453608,0.8205689277899344
emilie-terlizzi,HYROX PRO WOMEN,16-24,France,Lyon,2026,4.166666666666667,5.4,5.433333333333334,6.316666666666666,5.933333333333334,7.566666666666666,5.75,6.433333333333334,5.833333333333333,5.416666666666667,5.883333333333334,5.7,5.883333333333334,8.166666666666666,6.383333333333334,9.8,8.466666666666667,45.266666666666666,54.8,108.53333333333335,0.3472584856396867,0.8348017621145375
mirjam-von-rohr,HYROX PRO WOMEN,16-24,Switzerland,Maastricht,2022,3.93333333333333,4.13333333333333,4.36666666666667,3.0,4.5,3.55,4.6,2.51666666666667,4.73333333333333,4.33333333333333,4.58333333333333,2.05,4.56666666666667,2.91666666666667,4.83333333333333,3.08333333333333,2.7,36.11666666666666,25.583333333333332,64.39999999999999,0.18620689655172432,0.8450704225352114
viola-oberlaender,HYROX PRO WOMEN,30-34,Germany,Maastricht,2022,3.6,4.13333333333333,4.13333333333333,2.83333333333333,4.46666666666667,3.21666666666667,4.36666666666667,3.23333333333333,4.43333333333333,4.51666666666667,4.41666666666667,1.63333333333333,4.58333333333333,3.01666666666667,4.71666666666667,5.05,2.9,34.71666666666667,27.63333333333333,65.25,0.23674911660777442,0.8808290155440395
rebecca-naether,HYROX PRO WOMEN,35-39,Germany,Maastricht,2022,3.63333333333333,4.2,4.15,3.25,4.41666666666667,3.9,4.58333333333333,3.18333333333333,4.66666666666667,4.51666666666667,4.61666666666667,1.73333333333333,4.55,2.8,4.58333333333333,3.65,2.88333333333333,35.2,27.23333333333333,65.31666666666666,0.22142857142857258,0.8333333333333334
elisabeth-sarah-kholti,HYROX PRO WOMEN,30-34,Germany,Maastricht,2022,3.7,4.11666666666667,4.36666666666667,2.71666666666667,4.73333333333333,3.1,4.65,2.88333333333333,4.78333333333333,4.36666666666667,4.63333333333333,1.75,4.78333333333333,3.76666666666667,5.11666666666667,3.86666666666667,2.83333333333333,36.76666666666666,26.56666666666668,66.16666666666667,0.2768729641693815,0.8763440860215064
terra-jackson,HYROX PRO WOMEN,30-34,United States,Maastricht,2022,3.63333333333333,4.26666666666667,4.18333333333333,3.65,4.53333333333333,3.65,4.28333333333333,3.68333333333333,4.31666666666667,4.56666666666667,4.23333333333333,2.05,4.33333333333333,4.26666666666667,4.46666666666667,3.7,3.06666666666667,33.98333333333332,29.83333333333334,66.88333333333333,0.19852941176470593,1.0
jezabel-kremer,HYROX PRO WOMEN,40-44,France,Maastricht,2022,3.6,4.25,4.11666666666667,3.45,4.28333333333333,3.38333333333333,4.28333333333333,3.81666666666667,4.41666666666667,4.51666666666667,4.31666666666667,2.01666666666667,4.35,3.85,4.65,5.03333333333333,3.08333333333333,34.01666666666667,30.31666666666667,67.41666666666669,0.22580645161290328,1.019704433497538
beatrice-ardelt,HYROX PRO WOMEN,25-29,Germany,Maastricht,2022,3.63333333333333,4.6,4.15,4.03333333333333,4.65,4.91666666666667,4.7,3.31666666666667,4.78333333333333,5.08333333333333,4.65,1.91666666666667,4.76666666666667,3.18333333333333,4.86666666666667,4.46666666666667,3.03333333333333,36.199999999999996,31.516666666666666,70.75,0.2534246575342477,0.8203389830508462
janne-thomsen,HYROX PRO WOMEN,25-29,Germany,Maastricht,2022,3.91666666666667,4.38333333333333,4.25,3.68333333333333,4.55,3.81666666666667,4.61666666666667,3.25,4.73333333333333,4.76666666666667,4.68333333333333,2.05,4.8,3.68333333333333,5.03333333333333,5.21666666666667,3.53333333333333,36.58333333333333,30.85,70.96666666666667,0.22185430463576034,0.9650655021834044
caroline-mueller-korn,HYROX PRO WOMEN,25-29,Germany,Maastricht,2022,4.06666666666667,4.38333333333333,4.41666666666667,3.58333333333333,4.86666666666667,4.35,4.81666666666667,3.0,4.95,4.45,4.88333333333333,2.18333333333333,4.9,3.88333333333333,5.53333333333333,3.85,3.18333333333333,38.43333333333334,29.68333333333332,71.29999999999998,0.26506024096385433,0.8237547892720299
sabrina-roethig,HYROX PRO WOMEN,30-34,Germany,Maastricht,2022,3.91666666666667,4.5,4.3,3.98333333333333,4.41666666666667,4.21666666666667,4.5,3.9,4.63333333333333,4.71666666666667,4.6,2.28333333333333,4.66666666666667,3.96666666666667,5.0,4.71666666666667,3.28333333333333,36.03333333333334,32.28333333333334,71.60000000000001,0.21666666666666598,0.9446640316205517
michaela-hirzberger,HYROX PRO WOMEN,25-29,Austria,Maastricht,2022,4.03333333333333,4.5,4.73333333333333,3.25,5.15,4.16666666666667,5.16666666666667,2.46666666666667,5.51666666666667,5.06666666666667,5.38333333333333,1.78333333333333,5.68333333333333,3.76666666666667,6.13333333333333,1.11666666666667,3.98333333333333,41.79999999999999,26.11666666666668,71.9,0.34239130434782633,0.7799999999999995
lois-hofland,HYROX PRO WOMEN,25-29,Netherlands,Maastricht,2022,4.01666666666667,4.58333333333333,4.43333333333333,2.7,4.9,4.65,4.88333333333333,4.05,5.11666666666667,4.8,4.86666666666667,2.11666666666667,5.1,3.51666666666667,5.25,4.23333333333333,3.68333333333333,38.56666666666667,30.650000000000002,72.9,0.23492063492063425,0.5806451612903226
kerstin-brueckner,HYROX PRO WOMEN,25-29,Germany,Maastricht,2022,4.25,4.6,4.7,3.43333333333333,5.08333333333333,3.85,4.93333333333333,4.21666666666667,5.05,4.81666666666667,4.83333333333333,1.96666666666667,5.06666666666667,3.85,5.2,4.16666666666667,3.35,39.11666666666667,30.900000000000013,73.36666666666667,0.1826923076923077,0.8917748917748909
carolina-silva,HYROX PRO WOMEN,30-34,Portugal,Maastricht,2022,3.73333333333333,4.61666666666667,4.41666666666667,4.15,4.81666666666667,4.03333333333333,4.8,3.48333333333333,4.8,4.81666666666667,4.81666666666667,2.61666666666667,4.8,4.61666666666667,5.11666666666667,5.13333333333333,3.03333333333333,37.300000000000004,33.46666666666667,73.8,0.2703583061889262,1.0289256198347119
friederike-brose,HYROX PRO WOMEN,35-39,Germany,Maastricht,2022,4.08333333333333,4.53333333333333,4.71666666666667,3.93333333333333,4.96666666666667,4.3,4.91666666666667,3.73333333333333,4.93333333333333,4.66666666666667,4.96666666666667,2.2,5.0,4.9,5.41666666666667,3.46666666666667,3.15,39.000000000000014,31.733333333333327,73.88333333333335,0.2461538461538471,0.9147286821705419
margarida-fernandes,HYROX PRO WOMEN,35-39,Portugal,Maastricht,2022,3.71666666666667,4.81666666666667,4.43333333333333,4.28333333333333,4.75,4.75,4.71666666666667,3.3,4.9,5.06666666666667,4.83333333333333,2.38333333333333,4.78333333333333,4.15,5.28333333333333,4.63333333333333,3.36666666666667,37.416666666666664,33.38333333333333,74.16666666666667,0.29652996845425755,0.9017543859649115
ashley-groothuis,HYROX PRO WOMEN,25-29,Netherlands,Maastricht,2022,3.81666666666667,4.63333333333333,4.36666666666667,3.93333333333333,5.06666666666667,3.88333333333333,4.63333333333333,3.65,4.63333333333333,4.83333333333333,4.53333333333333,2.98333333333333,4.6,3.31666666666667,5.23333333333333,5.96666666666667,4.55,36.883333333333326,33.19999999999999,74.63333333333331,0.27070063694267404,1.0128755364806867
aileen-mccann,HYROX PRO WOMEN,30-34,United Kingdom,Maastricht,2022,3.81666666666667,4.15,4.61666666666667,4.5,5.05,5.85,4.71666666666667,4.0,5.15,4.73333333333333,5.0,2.6,4.96666666666667,3.1,5.2,3.98333333333333,4.51666666666667,38.51666666666668,32.916666666666664,75.95,0.2660256410256404,0.7692307692307693
angela-van-dijk,HYROX PRO WOMEN,25-29,Netherlands,Maastricht,2022,4.05,4.31666666666667,4.71666666666667,3.7,5.11666666666667,3.68333333333333,5.38333333333333,4.55,5.46666666666667,4.9,5.31666666666667,2.66666666666667,5.41666666666667,4.51666666666667,5.51666666666667,4.48333333333333,4.51666666666667,40.983333333333356,32.81666666666667,78.31666666666669,0.26586102719033283,1.004524886877829
natalie-pijpers,HYROX PRO WOMEN,30-34,Netherlands,Maastricht,2022,4.01666666666667,4.56666666666667,4.56666666666667,4.46666666666667,5.03333333333333,4.91666666666667,5.01666666666667,4.05,5.11666666666667,4.96666666666667,4.93333333333333,2.3,5.21666666666667,4.7,5.38333333333333,5.83333333333333,3.76666666666667,39.283333333333346,35.80000000000001,78.85000000000002,0.2538699690402466,0.9084745762711867
larissa-van-meerten,HYROX PRO WOMEN,25-29,Netherlands,Maastricht,2022,4.01666666666667,4.46666666666667,4.58333333333333,3.58333333333333,5.3,4.91666666666667,5.25,4.31666666666667,5.13333333333333,4.8,5.08333333333333,2.41666666666667,5.2,4.16666666666667,7.15,5.16666666666667,3.75,41.71666666666666,33.83333333333335,79.30000000000001,0.43822843822843777,0.7288135593220327
pilar-santafe,HYROX PRO WOMEN,35-39,Spain,Maastricht,2022,4.01666666666667,4.78333333333333,4.6,4.2,5.11666666666667,5.13333333333333,5.03333333333333,3.73333333333333,5.11666666666667,5.06666666666667,5.08333333333333,2.75,5.31666666666667,5.0,5.71666666666667,5.31666666666667,3.66666666666667,40.000000000000014,35.983333333333334,79.65000000000002,0.29737609329446046,0.8181818181818187
angelique-chetaneau,HYROX PRO WOMEN,35-39,France,Maastricht,2022,4.21666666666667,4.68333333333333,4.83333333333333,3.88333333333333,5.0,4.73333333333333,4.96666666666667,4.05,5.13333333333333,4.83333333333333,5.06666666666667,2.2,5.16666666666667,5.16666666666667,5.55,6.86666666666667,3.48333333333333,39.93333333333334,36.41666666666666,79.83333333333333,0.24024024024023954,0.8204225352112675
evelien-mertens,HYROX PRO WOMEN,30-34,Belgium,Maastricht,2022,4.43333333333333,4.53333333333333,5.11666666666667,4.75,5.38333333333333,4.46666666666667,5.38333333333333,4.68333333333333,5.5,4.83333333333333,5.38333333333333,2.35,5.4,4.43333333333333,5.9,5.58333333333333,4.4,42.499999999999986,35.63333333333332,82.53333333333332,0.24858757062146952,1.0634328358208947
anouk-garnier,HYROX PRO WOMEN,30-34,France,Maastricht,2022,4.23333333333333,4.75,4.96666666666667,4.3,5.5,5.63333333333333,5.5,4.5,5.65,4.98333333333333,5.55,3.05,5.56666666666667,4.05,6.01666666666667,5.8,4.26666666666667,42.98333333333334,37.06666666666666,84.31666666666666,0.29639889196676,0.763313609467456
saskia-dinjens,HYROX PRO WOMEN,35-39,Belgium,Maastricht,2022,4.21666666666667,4.63333333333333,4.76666666666667,4.46666666666667,5.08333333333333,4.93333333333333,5.0,5.3,5.33333333333333,4.98333333333333,5.35,2.88333333333333,5.33333333333333,5.46666666666667,6.1,6.51666666666667,5.51666666666667,41.18333333333333,39.18333333333334,85.88333333333331,0.30874316939890645,0.9054054054054067
lou-esnard,HYROX PRO WOMEN,30-34,Netherlands,Maastricht,2022,4.1,4.55,4.95,3.68333333333333,5.71666666666667,6.2,5.43333333333333,5.48333333333333,5.46666666666667,5.05,5.45,2.98333333333333,5.43333333333333,4.11666666666667,5.98333333333333,5.83333333333333,5.81666666666667,42.533333333333324,37.89999999999999,86.25,0.3147632311977712,0.5940860215053758
selma-casteleijn,HYROX PRO WOMEN,25-29,Netherlands,Maastricht,2022,4.41666666666667,4.91666666666667,5.26666666666667,4.33333333333333,5.7,5.65,5.85,5.85,6.25,5.46666666666667,6.2,3.73333333333333,6.43333333333333,5.65,7.43333333333333,9.71666666666667,4.38333333333333,47.550000000000004,45.31666666666667,97.25,0.4058295964125554,0.7669616519174035
anouk-lohuis,HYROX PRO WOMEN,30-34,Netherlands,Maastricht,2022,4.43333333333333,4.83333333333333,5.36666666666667,5.23333333333333,6.13333333333333,5.1,6.08333333333333,6.9,6.41666666666667,4.96666666666667,6.11666666666667,3.23333333333333,6.1,6.05,6.86666666666667,10.0333333333333,4.65,47.516666666666666,46.349999999999966,98.51666666666664,0.35436893203883574,1.0261437908496727
iris-de-rijke,HYROX PRO WOMEN,25-29,Netherlands,Maastricht,2022,4.75,5.11666666666667,6.1,6.48333333333333,6.65,6.95,6.08333333333333,4.33333333333333,6.31666666666667,5.93333333333333,6.03333333333333,4.61666666666667,6.13333333333333,6.21666666666667,6.66666666666667,7.25,4.45,48.733333333333334,46.9,100.08333333333333,0.2875000000000003,0.9328537170263783
donna-hocquard,HYROX PRO WOMEN,45-49,Netherlands,Maastricht,2022,4.75,4.96666666666667,5.25,4.86666666666667,5.66666666666667,6.35,5.66666666666667,6.43333333333333,5.85,5.53333333333333,5.96666666666667,5.63333333333333,6.08333333333333,8.85,6.46666666666667,7.55,5.01666666666667,45.7,50.18333333333333,100.89999999999998,0.26546391752577364,0.7664041994750661
mijiza-murg,HYROX PRO WOMEN,35-39,Netherlands,Maastricht,2022,5.05,4.73333333333333,6.01666666666667,4.25,6.83333333333333,6.85,6.88333333333333,6.61666666666667,6.85,5.51666666666667,6.71666666666667,2.98333333333333,6.8,7.36666666666667,8.4,7.71666666666667,5.35,53.54999999999999,46.03333333333334,104.93333333333332,0.39880952380952384,0.6204379562043796
marianne-de-jong,HYROX PRO WOMEN,25-29,Belgium,Maastricht,2022,6.13333333333333,5.16666666666667,6.76666666666667,5.11666666666667,7.4,6.38333333333333,7.23333333333333,5.08333333333333,7.91666666666667,5.21666666666667,7.55,3.2,7.85,6.35,8.86666666666667,7.36666666666667,6.3,59.71666666666667,43.88333333333333,109.9,0.30827067669173,0.8015665796344656
kremer-jezabel,HYROX PRO WOMEN,40-44,France,Madrid,2021,4.0,4.23333333333333,4.25,2.51666666666667,4.3,3.51666666666667,4.31666666666667,4.13333333333333,4.36666666666667,4.51666666666667,4.43333333333333,1.9,4.5,5.03333333333333,4.93333333333333,6.25,4.98333333333333,35.1,32.099999999999994,72.18333333333335,0.18918918918918864,0.7156398104265406
joana-tomas,HYROX PRO WOMEN,35-39,Portugal,Madrid,2021,4.26666666666667,4.7,4.48333333333333,2.33333333333333,4.9,4.23333333333333,4.88333333333333,4.1,5.08333333333333,4.71666666666667,4.85,2.33333333333333,5.05,4.5,5.43333333333333,3.96666666666667,5.01666666666667,38.94999999999999,30.883333333333326,74.84999999999998,0.21472392638036697,0.5511811023622044
marta-goncalves,HYROX PRO WOMEN,25-29,Portugal,Madrid,2021,4.23333333333333,4.8,4.43333333333333,2.48333333333333,4.88333333333333,5.0,4.88333333333333,4.38333333333333,5.01666666666667,4.63333333333333,4.75,2.43333333333333,5.15,4.6,5.23333333333333,4.53333333333333,5.0,38.583333333333314,32.86666666666665,76.44999999999996,0.19108280254777082,0.496666666666666
eneka-gorrotxategi,HYROX PRO WOMEN,25-29,Spain,Madrid,2021,4.28333333333333,4.33333333333333,4.76666666666667,2.83333333333333,5.06666666666667,4.11666666666667,5.21666666666667,4.55,5.26666666666667,4.63333333333333,5.11666666666667,2.23333333333333,5.21666666666667,5.28333333333333,5.73333333333333,5.06666666666667,5.15,40.66666666666668,33.04999999999999,78.86666666666667,0.2529069767441862,0.6882591093117395
ohiane-aizpurua-lucas,HYROX PRO WOMEN,25-29,Spain,Madrid,2021,4.06666666666667,4.85,4.53333333333333,2.36666666666667,4.85,5.01666666666667,4.9,4.75,5.1,5.18333333333333,5.25,2.85,4.76666666666667,4.25,5.65,6.88333333333333,6.06666666666667,39.116666666666674,36.150000000000006,81.33333333333334,0.2802359882005894,0.471760797342193
sara-isidro-read,HYROX PRO WOMEN,30-34,Spain,Madrid,2021,4.36666666666667,4.66666666666667,4.85,2.3,5.55,4.6,5.68333333333333,4.18333333333333,5.71666666666667,4.75,5.26666666666667,2.41666666666667,5.15,4.83333333333333,6.1,5.35,5.8,42.683333333333344,33.1,81.58333333333333,0.2841530054644803,0.5
susana-pravia-pravia,HYROX PRO WOMEN,40-44,Spain,Madrid,2021,4.2,4.81666666666667,4.78333333333333,3.06666666666667,5.11666666666667,6.05,5.06666666666667,2.93333333333333,5.18333333333333,4.93333333333333,5.08333333333333,3.41666666666667,5.03333333333333,5.55,5.6,5.6,6.83333333333333,40.06666666666666,36.366666666666674,83.26666666666665,0.24999999999999992,0.5068870523415984
sheila-briones-arredondas,HYROX PRO WOMEN,25-29,Spain,Madrid,2021,4.36666666666667,4.58333333333333,4.9,3.01666666666667,5.28333333333333,5.2,5.48333333333333,4.01666666666667,5.48333333333333,4.83333333333333,5.55,2.33333333333333,5.65,5.11666666666667,6.55,5.63333333333333,6.35,43.26666666666666,34.73333333333333,84.35,0.3333333333333328,0.5801282051282057
veronica-sanchez-benitez,HYROX PRO WOMEN,35-39,Spain,Madrid,2021,4.51666666666667,4.48333333333333,5.16666666666667,2.48333333333333,5.73333333333333,4.16666666666667,5.7,4.75,5.45,4.86666666666667,5.53333333333333,2.61666666666667,5.68333333333333,5.61666666666667,6.43333333333333,4.95,6.2,44.21666666666666,33.933333333333344,84.35000000000001,0.2979274611398955,0.5959999999999988
sigrun-juan-ahorreta,HYROX PRO WOMEN,25-29,Spain,Madrid,2021,4.4,4.63333333333333,4.81666666666667,2.9,5.1,5.68333333333333,5.13333333333333,4.88333333333333,5.35,4.76666666666667,5.38333333333333,2.53333333333333,5.26666666666667,4.75,5.98333333333333,6.83333333333333,6.25,41.43333333333332,36.98333333333332,84.66666666666664,0.2646239554317544,0.5102639296187687
eva-prieto-hernandez,HYROX PRO WOMEN,30-34,Spain,Madrid,2021,4.56666666666667,4.75,5.18333333333333,2.41666666666667,5.38333333333333,5.65,5.61666666666667,4.53333333333333,5.63333333333333,5.0,5.5,3.08333333333333,5.06666666666667,3.65,6.03333333333333,5.96666666666667,6.9,42.983333333333334,35.05,84.93333333333335,0.2430939226519327,0.4277286135693221
myriah-tisch,HYROX PRO WOMEN,35-39,United States,Madrid,2021,4.53333333333333,4.83333333333333,6.53333333333333,2.71666666666667,5.26666666666667,5.8,5.03333333333333,4.96666666666667,5.25,5.13333333333333,5.05,2.55,5.25,5.33333333333333,6.11666666666667,7.61666666666667,8.1,43.033333333333324,38.949999999999996,90.08333333333331,0.306122448979592,0.4683908045977017
izaskun-cantabella-eskudero,HYROX PRO WOMEN,40-44,Spain,Madrid,2021,4.43333333333333,4.8,4.86666666666667,2.96666666666667,5.1,5.31666666666667,5.03333333333333,4.48333333333333,5.3,5.05,5.28333333333333,2.75,5.38333333333333,7.6,6.15,9.76666666666667,6.8,41.54999999999999,42.733333333333334,91.08333333333331,0.27913279132791385,0.5579937304075238
nuria-llano-llano,HYROX PRO WOMEN,16-24,Spain,Madrid,2021,4.36666666666667,5.16666666666667,5.05,2.66666666666667,6.5,6.4,6.06666666666667,5.3,6.45,5.33333333333333,6.03333333333333,3.03333333333333,6.21666666666667,6.21666666666667,7.05,5.81666666666667,7.08333333333333,47.733333333333334,39.93333333333334,94.75000000000001,0.38061465721040144,0.4166666666666672
marta-olivera-valle,HYROX PRO WOMEN,16-24,Spain,Madrid,2021,4.21666666666667,5.08333333333333,5.15,3.86666666666667,5.86666666666667,6.81666666666667,6.01666666666667,5.51666666666667,6.03333333333333,5.25,5.83333333333333,4.55,6.03333333333333,6.8,6.98333333333333,7.13333333333333,7.06666666666667,46.133333333333326,45.01666666666667,98.21666666666664,0.3961813842482092,0.5672371638141811
cristina-hernandez-navarro,HYROX PRO WOMEN,35-39,Spain,Madrid,2021,5.48333333333333,4.88333333333333,5.91666666666667,2.65,6.55,2.41666666666667,6.55,4.9,7.01666666666667,5.16666666666667,6.65,3.03333333333333,6.61666666666667,6.33333333333333,8.06666666666667,7.01666666666667,9.03333333333333,52.85000000000001,36.400000000000006,98.28333333333335,0.32024793388429823,1.0965517241379295
alejandra-cordon,HYROX PRO WOMEN,30-34,Spain,Madrid,2021,4.45,5.2,4.78333333333333,2.83333333333333,6.8,6.43333333333333,5.11666666666667,6.85,7.01666666666667,5.5,6.98333333333333,3.63333333333333,7.06666666666667,7.6,8.18333333333333,7.51666666666667,6.96666666666667,50.4,45.56666666666666,102.93333333333331,0.456211812627291,0.4404145077720204
jennifer-solomando-parejo,HYROX PRO WOMEN,30-34,Spain,Madrid,2021,5.41666666666667,4.83333333333333,3.68333333333333,2.88333333333333,6.53333333333333,5.88333333333333,3.95,3.75,4.41666666666667,4.95,6.18333333333333,2.78333333333333,3.96666666666667,5.06666666666667,6.56666666666667,7.4,9.05,40.71666666666667,37.54999999999999,87.31666666666668,0.4390862944162444,0.49008498583569376
maialen-eguren-san-nicolas,HYROX PRO WOMEN,16-24,Spain,Madrid,2021,4.96666666666667,5.23333333333333,5.61666666666667,3.81666666666667,6.95,6.85,6.08333333333333,6.35,6.51666666666667,5.13333333333333,6.23333333333333,3.08333333333333,6.31666666666667,7.01666666666667,7.7,8.68333333333333,11.2833333333333,50.38333333333334,46.16666666666666,107.83333333333329,0.3549783549783545,0.5571776155717767
consuelo-moraga-campuzano,HYROX PRO WOMEN,40-44,Spain,Madrid,2021,4.9,5.33333333333333,5.38333333333333,2.76666666666667,6.2,7.0,6.65,8.83333333333333,6.7,6.08333333333333,6.68333333333333,3.63333333333333,6.7,7.25,7.93333333333333,10.5166666666667,12.5833333333333,51.15,51.41666666666669,115.14999999999998,0.3823529411764703,0.3952380952380957
chiara-borg,HYROX PRO WOMEN,30-34,United Kingdom,Manchester,2022,3.65,4.53333333333333,4.18333333333333,3.78333333333333,4.56666666666667,4.9,4.53333333333333,2.88333333333333,4.53333333333333,4.7,4.65,1.66666666666667,4.63333333333333,3.83333333333333,4.86666666666667,5.15,3.73333333333333,35.61666666666666,31.44999999999999,70.8,0.2500000000000005,0.7721088435374143
olivia-lukasewich,HYROX PRO WOMEN,30-34,United Kingdom,Manchester,2022,3.78333333333333,4.55,4.21666666666667,3.28333333333333,4.36666666666667,4.21666666666667,6.06666666666667,3.63333333333333,5.28333333333333,4.78333333333333,4.48333333333333,2.01666666666667,4.56666666666667,4.26666666666667,4.9,4.55,3.06666666666667,37.666666666666664,31.3,72.03333333333333,0.37637362637362726,0.7786561264822119
beatrice-ardelt,HYROX PRO WOMEN,25-29,Germany,Manchester,2022,3.66666666666667,4.76666666666667,4.2,3.18333333333333,4.65,5.55,4.86666666666667,3.61666666666667,4.61666666666667,5.01666666666667,4.56666666666667,2.11666666666667,4.66666666666667,4.35,5.2,5.23333333333333,4.06666666666667,36.43333333333335,33.833333333333336,74.33333333333337,0.29487179487179427,0.573573573573573
dena-hogan,HYROX PRO WOMEN,40-44,Ireland,Manchester,2022,3.78333333333333,4.8,4.18333333333333,4.06666666666667,4.56666666666667,6.25,4.46666666666667,3.05,4.5,4.93333333333333,4.66666666666667,2.45,4.6,4.81666666666667,5.1,5.38333333333333,4.01666666666667,35.866666666666674,35.75,75.63333333333334,0.25816993464052346,0.6506666666666672
kate-williams,HYROX PRO WOMEN,25-29,United Kingdom,Manchester,2022,4.33333333333333,4.31666666666667,4.95,3.05,5.41666666666667,5.78333333333333,5.25,3.48333333333333,5.16666666666667,4.71666666666667,5.23333333333333,2.08333333333333,5.31666666666667,5.31666666666667,5.63333333333333,4.96666666666667,4.8,41.300000000000004,33.71666666666667,79.81666666666668,0.23076923076923087,0.5273775216138331
jade-skillen,HYROX PRO WOMEN,30-34,United Kingdom,Manchester,2022,3.75,4.76666666666667,4.38333333333333,4.08333333333333,4.75,5.1,4.5,6.13333333333333,4.73333333333333,4.9,5.03333333333333,2.66666666666667,4.75,4.61666666666667,5.31666666666667,4.96666666666667,3.0,37.21666666666666,37.23333333333334,77.45,0.29467084639498475,0.8006535947712413
celeste-gardner,HYROX PRO WOMEN,30-34,United Kingdom,Manchester,2022,3.83333333333333,4.45,5.0,3.16666666666667,4.98333333333333,5.95,4.91666666666667,4.45,4.83333333333333,4.61666666666667,7.96666666666667,2.41666666666667,4.81666666666667,4.88333333333333,5.15,4.38333333333333,2.63333333333333,41.49999999999999,34.31666666666667,78.44999999999999,0.5188284518828458,0.5322128851540622
kate-backhouse,HYROX PRO WOMEN,40-44,United Kingdom,Manchester,2022,4.18333333333333,4.73333333333333,4.66666666666667,4.53333333333333,4.81666666666667,5.33333333333333,5.11666666666667,4.63333333333333,5.05,4.9,5.16666666666667,3.36666666666667,4.95,5.21666666666667,5.4,6.86666666666667,6.15,39.35000000000001,39.58333333333333,85.08333333333334,0.2253086419753093,0.8499999999999998
andrea-berquez,HYROX PRO WOMEN,35-39,United Kingdom,Manchester,2022,4.05,4.76666666666667,4.26666666666667,4.21666666666667,4.8,6.81666666666667,4.65,8.16666666666667,4.53333333333333,4.76666666666667,4.53333333333333,3.25,4.66666666666667,4.85,5.15,5.98333333333333,3.11666666666667,36.650000000000006,42.81666666666668,82.58333333333336,0.21359223300970884,0.6185819070904648
lucy-mason,HYROX PRO WOMEN,25-29,United Kingdom,Manchester,2022,4.21666666666667,4.63333333333333,4.88333333333333,3.66666666666667,5.33333333333333,6.58333333333333,5.15,5.15,5.16666666666667,4.93333333333333,5.26666666666667,2.63333333333333,5.2,5.15,5.46666666666667,6.03333333333333,6.71666666666667,40.68333333333334,38.783333333333324,86.18333333333334,0.2286585365853657,0.5569620253164564
jessie-montague,HYROX PRO WOMEN,30-34,United Kingdom,Manchester,2022,4.5,4.91666666666667,5.01666666666667,3.16666666666667,5.25,5.81666666666667,5.4,4.73333333333333,5.31666666666667,4.83333333333333,5.43333333333333,1.95,5.43333333333333,5.83333333333333,6.15,8.01666666666667,5.21666666666667,42.5,39.266666666666666,86.98333333333333,0.2682926829268293,0.544412607449857
amy-darch,HYROX PRO WOMEN,30-34,United Kingdom,Manchester,2022,4.26666666666667,4.5,4.96666666666667,4.01666666666667,5.68333333333333,6.46666666666667,5.7,4.38333333333333,5.96666666666667,4.98333333333333,6.0,2.75,5.93333333333333,4.61666666666667,6.83333333333333,6.75,5.45,45.35,38.46666666666667,89.26666666666668,0.3756097560975602,0.6211340206185569
louise-smith,HYROX PRO WOMEN,30-34,United Kingdom,Manchester,2022,4.53333333333333,4.63333333333333,5.1,4.43333333333333,5.38333333333333,5.66666666666667,5.5,4.88333333333333,5.55,4.81666666666667,5.55,3.16666666666667,5.63333333333333,5.76666666666667,6.15,6.6,6.3,43.39999999999999,39.966666666666676,89.66666666666666,0.2628726287262879,0.7823529411764696
diana-svitkova,HYROX PRO WOMEN,45-49,United Kingdom,Manchester,2022,4.41666666666667,4.8,4.91666666666667,3.35,5.76666666666667,6.6,5.56666666666667,4.86666666666667,5.78333333333333,5.05,5.55,2.31666666666667,5.6,5.93333333333333,5.98333333333333,6.25,7.31666666666667,43.583333333333336,39.16666666666667,90.06666666666666,0.2618384401114197,0.5075757575757576
beth-hoggarth,HYROX PRO WOMEN,35-39,United Kingdom,Manchester,2022,5.16666666666667,4.66666666666667,5.73333333333333,3.05,6.56666666666667,5.58333333333333,6.55,4.3,6.48333333333333,4.7,6.23333333333333,2.61666666666667,6.56666666666667,5.43333333333333,6.93333333333333,4.63333333333333,6.08333333333333,50.23333333333333,34.983333333333334,91.3,0.2548076923076915,0.5462686567164182
christina-wilson,HYROX PRO WOMEN,35-39,United Kingdom,Manchester,2022,4.73333333333333,5.01666666666667,4.95,4.61666666666667,5.25,7.36666666666667,5.41666666666667,5.73333333333333,5.46666666666667,5.21666666666667,5.43333333333333,2.93333333333333,5.45,5.2,5.85,6.31666666666667,6.38333333333333,42.550000000000004,42.40000000000001,91.33333333333334,0.19088319088319144,0.6266968325791856
geraldine-miell,HYROX PRO WOMEN,45-49,United Kingdom,Manchester,2022,4.66666666666667,5.0,7.28333333333333,3.58333333333333,7.41666666666667,6.8,5.68333333333333,3.7,5.73333333333333,5.13333333333333,5.58333333333333,2.76666666666667,5.61666666666667,4.58333333333333,5.95,6.33333333333333,5.88333333333333,47.93333333333333,37.899999999999984,91.71666666666663,0.37078651685393244,0.526960784313725
alli-kelly,HYROX PRO WOMEN,25-29,United Kingdom,Manchester,2022,4.61666666666667,4.71666666666667,5.23333333333333,3.28333333333333,5.93333333333333,6.66666666666667,5.95,4.88333333333333,6.0,5.08333333333333,6.03333333333333,2.95,6.1,5.56666666666667,6.53333333333333,5.71666666666667,6.48333333333333,46.39999999999999,38.866666666666674,91.74999999999999,0.29336734693877464,0.49249999999999927
nayibe-statia,HYROX PRO WOMEN,35-39,United Kingdom,Manchester,2022,4.75,5.38333333333333,5.38333333333333,4.21666666666667,5.66666666666667,5.13333333333333,5.48333333333333,5.96666666666667,5.46666666666667,5.33333333333333,5.73333333333333,2.63333333333333,5.58333333333333,4.4,6.11666666666667,8.38333333333333,6.15,44.18333333333332,41.44999999999999,91.78333333333332,0.22343324250681237,0.8214285714285726
chelsea-cawley,HYROX PRO WOMEN,25-29,United Kingdom,Manchester,2022,4.85,4.63333333333333,5.56666666666667,2.8,6.88333333333333,4.95,6.56666666666667,4.71666666666667,6.53333333333333,4.68333333333333,6.66666666666667,2.46666666666667,6.58333333333333,5.73333333333333,6.9,6.4,5.55,50.55,36.38333333333333,92.48333333333335,0.2971014492753624,0.5656565656565656
alyna-han,HYROX PRO WOMEN,25-29,United Kingdom,Manchester,2022,4.43333333333333,4.88333333333333,5.01666666666667,3.9,5.3,7.43333333333333,5.31666666666667,5.15,5.33333333333333,5.11666666666667,5.46666666666667,4.43333333333333,5.5,6.31666666666667,5.88333333333333,7.3,6.33333333333333,42.25,44.53333333333333,93.11666666666665,0.24645892351274803,0.524663677130045
becs-hemmings,HYROX PRO WOMEN,25-29,United Kingdom,Manchester,2022,3.83333333333333,4.53333333333333,4.9,4.5,5.41666666666667,6.31666666666667,5.45,8.05,5.58333333333333,4.76666666666667,5.4,2.28333333333333,5.88333333333333,6.88333333333333,5.96666666666667,7.5,6.25,42.43333333333333,44.83333333333333,93.51666666666665,0.35754189944134174,0.7124010554089706
jenni-delight,HYROX PRO WOMEN,25-29,United Kingdom,Manchester,2022,4.5,4.53333333333333,6.9,4.43333333333333,5.58333333333333,7.01666666666667,5.65,4.23333333333333,5.86666666666667,4.85,5.96666666666667,3.45,6.28333333333333,5.53333333333333,9.41666666666667,4.7,5.81666666666667,50.16666666666668,38.74999999999999,94.73333333333335,0.5221238938053099,0.631828978622327
kate-burton,HYROX PRO WOMEN,30-34,United Kingdom,Manchester,2022,4.46666666666667,4.7,5.48333333333333,5.16666666666667,6.06666666666667,7.06666666666667,6.23333333333333,5.4,6.11666666666667,5.15,6.25,3.16666666666667,6.5,5.41666666666667,6.95,6.6,6.08333333333333,48.06666666666668,42.666666666666686,96.8166666666667,0.35731414868105466,0.7311320754716982
michelle-kenny,HYROX PRO WOMEN,50-54,United Kingdom,Manchester,2022,4.61666666666667,5.05,5.73333333333333,4.88333333333333,6.21666666666667,7.93333333333333,6.0,5.46666666666667,5.76666666666667,5.11666666666667,5.78333333333333,2.63333333333333,5.85,6.1,6.53333333333333,6.05,7.3,46.5,43.23333333333333,97.03333333333332,0.29336734693877464,0.6155462184873948
alison-young,HYROX PRO WOMEN,40-44,United Kingdom,Manchester,2022,5.25,4.96666666666667,6.41666666666667,4.25,6.98333333333333,6.46666666666667,6.55,6.81666666666667,6.21666666666667,5.0,6.71666666666667,2.61666666666667,6.5,5.58333333333333,7.68333333333333,6.51666666666667,8.55,52.31666666666667,42.21666666666668,103.08333333333336,0.31670281995661576,0.6572164948453605
wendy-graham-orchard,HYROX PRO WOMEN,25-29,United Kingdom,Manchester,2022,4.5,5.23333333333333,5.28333333333333,4.46666666666667,6.0,9.2,6.05,7.0,6.26666666666667,5.61666666666667,6.18333333333333,3.4,6.28333333333333,8.35,7.3,9.35,8.65,47.86666666666666,52.616666666666674,109.13333333333333,0.3835616438356164,0.48550724637681203
patrice-haworth,HYROX PRO WOMEN,40-44,United Kingdom,Manchester,2022,5.66666666666667,5.2,6.4,3.5,7.15,6.68333333333333,7.15,5.76666666666667,7.25,5.43333333333333,7.56666666666667,1.75,7.46666666666667,6.53333333333333,8.61666666666667,7.75,9.41666666666667,57.26666666666668,42.61666666666666,109.3,0.34235976789168276,0.5236907730673319
amy-johnston,HYROX PRO WOMEN,30-34,United Kingdom,Manchester,2022,4.85,5.21666666666667,5.53333333333333,6.76666666666667,6.21666666666667,8.25,6.5,5.38333333333333,6.31666666666667,5.53333333333333,6.58333333333333,3.43333333333333,6.85,9.11666666666667,8.15,9.73333333333333,5.25,51.0,53.43333333333334,109.68333333333335,0.40490797546012275,0.8202020202020206
bethany-robinson,HYROX PRO WOMEN,30-34,United Kingdom,Manchester,2022,5.4,4.86666666666667,7.01666666666667,4.11666666666667,5.05,5.81666666666667,8.13333333333333,6.88333333333333,8.51666666666667,5.18333333333333,8.83333333333333,4.08333333333333,8.88333333333333,6.38333333333333,9.75,6.71666666666667,8.88333333333333,61.58333333333333,44.050000000000004,114.51666666666667,0.48205128205128206,0.7077363896848139
maz-glover,HYROX PRO WOMEN,55-59,United Kingdom,Manchester,2022,5.68333333333333,5.01666666666667,7.16666666666667,5.68333333333333,7.83333333333333,8.06666666666667,8.2,7.86666666666667,8.83333333333333,5.26666666666667,8.83333333333333,4.68333333333333,9.56666666666667,8.41666666666667,11.1,9.71666666666667,10.0,67.21666666666665,54.71666666666668,131.93333333333334,0.48798798798798826,0.7045454545454538
zara-piergianni,HYROX PRO WOMEN,30-34,United Kingdom,Mechelen,2025,4.95,4.433333333333334,3.433333333333333,2.583333333333333,3.4166666666666665,4.216666666666667,3.5166666666666666,3.883333333333333,3.583333333333333,4.566666666666666,3.5,1.8333333333333333,3.566666666666667,3.15,3.816666666666667,3.6666666666666665,6.15,29.78333333333333,28.333333333333332,64.26666666666667,0.3097643097643098,0.6126482213438734
ambre-keram,HYROX PRO WOMEN,25-29,France,Mechelen,2025,5.4,4.833333333333333,3.566666666666667,3.4166666666666665,3.6166666666666663,6.933333333333334,3.9166666666666665,3.933333333333333,3.716666666666667,4.916666666666667,3.633333333333333,2.033333333333333,3.6166666666666663,4.483333333333333,4.0,5.266666666666667,6.816666666666666,31.46666666666667,35.81666666666667,74.1,0.3395061728395062,0.4927884615384615
julia-looman,HYROX PRO WOMEN,16-24,Netherlands,Mechelen,2025,5.916666666666667,4.416666666666667,3.8666666666666663,2.333333333333333,4.316666666666666,5.083333333333333,4.433333333333334,6.533333333333333,4.7,5.05,4.6,3.1166666666666667,4.5,4.516666666666667,4.9,5.266666666666667,7.883333333333334,37.23333333333333,36.31666666666667,81.43333333333334,0.3464788732394367,0.4590163934426229
danielle-brons,HYROX PRO WOMEN,45-49,Netherlands,Mechelen,2025,6.3,4.583333333333333,4.233333333333333,4.466666666666667,4.3,6.933333333333334,4.383333333333334,5.2,4.5,4.966666666666667,4.6,2.2666666666666666,4.366666666666666,5.8,5.05,6.816666666666666,8.333333333333334,37.73333333333333,41.03333333333333,87.1,0.328042328042328,0.6442307692307693
ruth-salien,HYROX PRO WOMEN,40-44,Belgium,Mechelen,2025,6.616666666666666,4.966666666666667,4.6,3.7666666666666666,4.883333333333334,6.566666666666666,4.983333333333333,4.75,4.9,5.183333333333334,4.983333333333333,3.1166666666666667,4.983333333333333,5.433333333333334,5.383333333333334,5.466666666666667,9.0,41.333333333333336,39.25,89.58333333333334,0.3047858942065491,0.5736040609137056
manon-groen,HYROX PRO WOMEN,16-24,Netherlands,Mechelen,2025,7.85,4.9,4.983333333333333,2.716666666666667,5.133333333333334,6.683333333333334,5.0,6.2,5.266666666666667,5.25,5.183333333333334,3.1333333333333333,5.25,5.833333333333333,5.733333333333333,6.383333333333334,9.783333333333331,44.4,41.1,95.28333333333335,0.3651804670912951,0.40648379052369077
eva-willemarck,HYROX PRO WOMEN,40-44,Belgium,Mechelen,2025,8.2,4.983333333333333,5.533333333333333,3.4166666666666665,5.8,6.016666666666667,5.9,6.683333333333334,5.883333333333334,5.033333333333333,5.866666666666666,3.85,5.883333333333334,5.816666666666666,6.483333333333333,6.016666666666667,11.95,49.55,41.81666666666666,103.31666666666665,0.32520325203252026,0.5678670360110804
imke-salander,HYROX PRO WOMEN,25-29,Germany,Miami,2019,3.55,4.8,3.9,3.55,4.2,5.0,4.0,4.4,4.05,5.1,4.03333333333333,2.06666666666667,4.11666666666667,3.38333333333333,4.45,4.26666666666667,5.0,32.3,32.56666666666667,69.86666666666666,0.20224719101123603,0.71
lauren-weeks,HYROX PRO WOMEN,25-29,United States,Miami,2019,3.63333333333333,4.31666666666667,4.23333333333333,3.78333333333333,4.86666666666667,5.2,4.45,3.35,4.53333333333333,4.51666666666667,4.56666666666667,1.96666666666667,4.58333333333333,3.98333333333333,4.96666666666667,3.73333333333333,5.18333333333333,35.83333333333333,30.85,71.86666666666667,0.26845637583892734,0.7275641025641019
faye-stenning,HYROX PRO WOMEN,25-29,United States,Miami,2019,3.35,4.38333333333333,3.7,4.9,3.86666666666667,6.38333333333333,3.73333333333333,3.36666666666667,3.88333333333333,4.65,3.91666666666667,1.78333333333333,3.85,3.73333333333333,4.23333333333333,7.98333333333333,4.75,30.533333333333335,37.18333333333332,72.46666666666665,0.20866141732283397,0.7676240208877289
carolin-krupp,HYROX PRO WOMEN,16-24,United States,Miami,2019,4.2,4.5,4.68333333333333,3.1,4.85,4.05,4.91666666666667,3.2,5.08333333333333,4.58333333333333,4.88333333333333,2.0,5.1,4.36666666666667,5.31666666666667,4.31666666666667,5.88333333333333,39.033333333333324,30.11666666666667,75.03333333333333,0.2100313479623829,0.7654320987654322
corinna-coffin,HYROX PRO WOMEN,25-29,United States,Miami,2019,3.71666666666667,4.46666666666667,4.11666666666667,8.93333333333333,4.53333333333333,3.78333333333333,4.71666666666667,3.68333333333333,4.75,4.81666666666667,4.48333333333333,2.65,4.75,4.11666666666667,5.01666666666667,4.41666666666667,5.55,36.08333333333334,36.86666666666667,78.50000000000001,0.2591362126245846,2.3612334801762125
sarah-toosarvandani,HYROX PRO WOMEN,30-34,United States,Miami,2019,4.98333333333333,4.71666666666667,5.15,3.28333333333333,5.23333333333333,8.31666666666667,5.35,4.71666666666667,5.5,5.06666666666667,5.26666666666667,2.56666666666667,5.31666666666667,4.68333333333333,5.96666666666667,7.2,6.65,42.766666666666666,40.55000000000001,89.96666666666668,0.16480446927374412,0.3947895791583161
aurelia-rieke,HYROX PRO WOMEN,25-29,Germany,Miami,2019,3.98333333333333,4.78333333333333,5.25,4.83333333333333,5.66666666666667,8.76666666666667,5.71666666666667,6.0,5.76666666666667,5.0,6.0,2.13333333333333,6.11666666666667,5.66666666666667,4.43333333333333,12.3166666666667,8.35,42.93333333333334,49.50000000000003,100.78333333333336,0.3487738419618538,0.551330798479087
regine-santa-maria,HYROX PRO WOMEN,30-34,United States,Miami,2019,4.85,4.83333333333333,6.11666666666667,4.4,7.05,5.75,6.8,5.9,6.76666666666667,5.08333333333333,6.83333333333333,3.15,6.91666666666667,5.66666666666667,7.93333333333333,5.56666666666667,8.41666666666667,53.26666666666667,40.35,102.03333333333335,0.38865546218487373,0.7652173913043478
jessica-mateer,HYROX PRO WOMEN,30-34,United States,Miami,2019,4.48333333333333,4.78333333333333,3.75,5.03333333333333,6.4,8.31666666666667,6.76666666666667,7.16666666666667,6.53333333333333,4.93333333333333,6.73333333333333,4.11666666666667,7.0,7.4,7.93333333333333,6.26666666666667,13.75,49.59999999999999,48.016666666666666,111.36666666666666,0.5273109243697477,0.6052104208416826
angelica-correa,HYROX PRO WOMEN,16-24,United States,Miami,2019,6.25,5.28333333333333,7.58333333333333,7.78333333333333,7.65,9.21666666666667,8.01666666666667,10.7333333333333,8.61666666666667,5.5,8.61666666666667,4.75,9.13333333333333,9.55,11.8666666666667,10.2833333333333,13.7333333333333,67.73333333333338,63.09999999999994,144.5666666666666,0.4733146067415745,0.8444846292947551
mirjam-von-rohr,HYROX PRO WOMEN,16-24,Switzerland,Muenchen,2022,4.25,4.3,4.5,3.28333333333333,4.66666666666667,4.1,4.66666666666667,2.38333333333333,4.61666666666667,4.21666666666667,4.56666666666667,2.01666666666667,4.5,2.81666666666667,4.75,3.11666666666667,3.16666666666667,36.51666666666668,26.23333333333334,65.91666666666669,0.10526315789473684,0.8008130081300806
viola-oberlaender,HYROX PRO WOMEN,30-34,Germany,Muenchen,2022,3.8,4.26666666666667,4.26666666666667,3.05,4.71666666666667,3.8,4.58333333333333,3.16666666666667,4.61666666666667,4.48333333333333,4.85,1.71666666666667,4.65,3.68333333333333,5.06666666666667,3.61666666666667,3.03333333333333,36.55000000000001,27.78333333333334,67.36666666666667,0.2500000000000005,0.8026315789473684
lisa-duengfelder,HYROX PRO WOMEN,30-34,Germany,Muenchen,2022,3.73333333333333,4.46666666666667,4.13333333333333,3.81666666666667,4.36666666666667,4.41666666666667,4.4,3.16666666666667,4.78333333333333,4.53333333333333,4.33333333333333,1.95,4.45,3.68333333333333,4.73333333333333,3.83333333333333,2.8,34.93333333333332,29.866666666666667,67.6,0.21951219512195136,0.8641509433962266
rebecca-naether,HYROX PRO WOMEN,35-39,Germany,Muenchen,2022,3.83333333333333,4.35,4.33333333333333,3.68333333333333,4.66666666666667,4.03333333333333,4.6,3.03333333333333,4.61666666666667,4.51666666666667,4.66666666666667,1.93333333333333,4.63333333333333,3.23333333333333,4.93333333333333,3.86666666666667,3.6,36.28333333333333,28.64999999999999,68.53333333333332,0.22297297297297314,0.9132231404958677
jezabel-kremer,HYROX PRO WOMEN,40-44,France,Muenchen,2022,3.83333333333333,4.21666666666667,4.2,3.7,4.31666666666667,4.15,4.35,4.15,4.4,4.43333333333333,4.36666666666667,1.65,4.38333333333333,3.8,4.81666666666667,4.58333333333333,4.08333333333333,34.66666666666667,30.68333333333333,69.43333333333332,0.20415224913494937,0.891566265060241
magdalena-schubert,HYROX PRO WOMEN,30-34,Germany,Muenchen,2022,3.85,4.3,4.38333333333333,3.05,5.26666666666667,3.86666666666667,5.26666666666667,3.0,5.11666666666667,4.58333333333333,4.98333333333333,1.63333333333333,4.98333333333333,4.0,5.51666666666667,4.55,4.01666666666667,39.366666666666674,28.983333333333327,72.36666666666666,0.30211480362537807,0.7887931034482751
olivia-lukasewich,HYROX PRO WOMEN,30-34,United Kingdom,Muenchen,2022,3.75,4.53333333333333,4.26666666666667,4.01666666666667,4.48333333333333,4.53333333333333,4.5,4.45,4.61666666666667,4.95,4.53333333333333,2.41666666666667,4.53333333333333,4.61666666666667,4.96666666666667,4.36666666666667,3.86666666666667,35.65,33.88333333333334,73.40000000000003,0.2449664429530207,0.8860294117647074
vanessa-gebhardt,HYROX PRO WOMEN,30-34,Germany,Muenchen,2022,4.31666666666667,4.6,4.78333333333333,3.51666666666667,4.96666666666667,4.48333333333333,5.08333333333333,2.76666666666667,5.23333333333333,4.65,5.13333333333333,2.26666666666667,5.21666666666667,3.48333333333333,5.48333333333333,5.0,4.65,40.216666666666654,30.766666666666673,75.63333333333334,0.2127659574468074,0.7843866171003732
friederike-brose,HYROX PRO WOMEN,35-39,Germany,Muenchen,2022,4.28333333333333,4.55,4.9,4.06666666666667,5.0,4.83333333333333,5.05,3.86666666666667,5.0,4.71666666666667,5.05,2.5,5.16666666666667,4.25,5.61666666666667,5.08333333333333,4.26666666666667,40.06666666666667,33.86666666666667,78.19999999999999,0.2373887240356094,0.8413793103448288
kerstin-brueckner,HYROX PRO WOMEN,25-29,Germany,Muenchen,2022,4.26666666666667,4.68333333333333,4.76666666666667,5.06666666666667,5.21666666666667,4.78333333333333,4.91666666666667,4.8,4.91666666666667,4.8,4.93333333333333,2.1,5.01666666666667,4.33333333333333,5.45,4.33333333333333,4.35,39.483333333333356,34.89999999999999,78.73333333333333,0.21712538226299632,1.0592334494773534
emma-reiter,HYROX PRO WOMEN,30-34,Austria,Muenchen,2022,4.3,4.58333333333333,4.7,4.18333333333333,4.93333333333333,5.06666666666667,5.03333333333333,4.5,5.16666666666667,4.73333333333333,5.25,2.6,5.15,4.43333333333333,5.43333333333333,5.05,5.58333333333333,39.96666666666666,35.14999999999999,80.69999999999996,0.20858895705521427,0.8256578947368409
ilona-oettle,HYROX PRO WOMEN,35-39,Germany,Muenchen,2022,3.85,4.91666666666667,4.3,4.51666666666667,4.96666666666667,8.23333333333333,4.66666666666667,3.75,4.91666666666667,5.23333333333333,4.7,2.7,4.78333333333333,4.81666666666667,5.16666666666667,6.1,4.58333333333333,37.35000000000001,40.26666666666667,82.2,0.2548387096774198,0.5485829959514176
michaela-hirzberger,HYROX PRO WOMEN,25-29,Austria,Muenchen,2022,4.1,4.63333333333333,4.85,3.8,5.45,5.7,5.23333333333333,3.9,5.16666666666667,4.96666666666667,5.46666666666667,2.08333333333333,5.75,3.8,6.45,4.8,6.36666666666667,42.46666666666667,33.68333333333333,82.51666666666667,0.3643410852713179,0.6666666666666666
kerstin-stricker,HYROX PRO WOMEN,35-39,Germany,Muenchen,2022,4.18333333333333,4.68333333333333,4.68333333333333,5.7,5.13333333333333,6.58333333333333,5.03333333333333,4.9,5.21666666666667,4.63333333333333,5.25,2.16666666666667,5.21666666666667,5.48333333333333,5.98333333333333,4.21666666666667,4.11666666666667,40.69999999999998,38.36666666666666,83.18333333333332,0.3008356545961004,0.865822784810127
nadja-jerg,HYROX PRO WOMEN,25-29,Germany,Muenchen,2022,4.46666666666667,4.83333333333333,4.65,5.03333333333333,4.85,5.38333333333333,4.96666666666667,4.01666666666667,4.98333333333333,5.18333333333333,5.11666666666667,2.41666666666667,5.13333333333333,4.95,5.86666666666667,6.78333333333333,5.91666666666667,40.03333333333334,38.59999999999999,84.55000000000001,0.23863636363636342,0.9349845201238389
hana-hasanbegovic,HYROX PRO WOMEN,25-29,Netherlands,Muenchen,2022,3.85,5.15,4.65,4.8,5.06666666666667,7.08333333333333,5.0,5.46666666666667,4.93333333333333,5.4,4.83333333333333,2.5,4.9,4.81666666666667,5.51666666666667,5.51666666666667,5.45,38.75,40.73333333333334,84.93333333333334,0.30211480362537807,0.6776470588235297
saskia-dinjens,HYROX PRO WOMEN,35-39,Belgium,Muenchen,2022,4.33333333333333,4.56666666666667,5.01666666666667,3.96666666666667,5.18333333333333,5.88333333333333,4.91666666666667,5.45,5.01666666666667,4.85,5.15,2.6,4.93333333333333,5.68333333333333,5.78333333333333,7.06666666666667,6.08333333333333,40.333333333333336,40.06666666666667,86.48333333333333,0.2507204610951009,0.6742209631728054
tiana-nicolaus,HYROX PRO WOMEN,30-34,Germany,Muenchen,2022,4.25,4.65,5.36666666666667,4.26666666666667,5.73333333333333,4.73333333333333,5.65,4.73333333333333,5.73333333333333,5.15,5.66666666666667,2.0,5.88333333333333,6.05,6.73333333333333,5.11666666666667,5.66666666666667,45.01666666666666,36.7,87.38333333333333,0.3688118811881185,0.9014084507042267
cathrin-moeller,HYROX PRO WOMEN,35-39,Germany,Muenchen,2022,4.31666666666667,4.88333333333333,4.85,4.03333333333333,5.48333333333333,7.3,5.53333333333333,5.06666666666667,5.35,4.88333333333333,5.35,3.06666666666667,5.63333333333333,5.1,6.05,6.55,4.75,42.56666666666666,40.883333333333326,88.19999999999997,0.2865013774104678,0.5525114155251136
carolin-krappinger,HYROX PRO WOMEN,35-39,Austria,Muenchen,2022,4.86666666666667,4.43333333333333,5.5,3.21666666666667,6.45,5.2,6.35,4.95,6.11666666666667,4.86666666666667,6.35,2.2,6.35,4.53333333333333,6.91666666666667,5.01666666666667,5.05,48.90000000000001,34.41666666666667,88.36666666666669,0.2963855421686745,0.6185897435897442
mimoushka-kion,HYROX PRO WOMEN,50-54,Italy,Muenchen,2022,5.21666666666667,5.6,5.43333333333333,4.0,5.68333333333333,5.4,5.66666666666667,4.16666666666667,5.65,5.41666666666667,5.61666666666667,3.0,5.83333333333333,5.68333333333333,6.28333333333333,7.78333333333333,4.91666666666667,45.383333333333326,41.050000000000004,91.35000000000001,0.169761273209548,0.7407407407407407
nathalie-duerbeck,HYROX PRO WOMEN,25-29,Germany,Muenchen,2022,5.3,5.01666666666667,5.65,4.28333333333333,5.88333333333333,7.26666666666667,5.91666666666667,4.7,5.78333333333333,5.31666666666667,5.6,2.8,5.55,4.46666666666667,7.11666666666667,6.51666666666667,6.03333333333333,46.8,40.36666666666668,93.20000000000002,0.2552693208430917,0.5894495412844029
stefania-casati,HYROX PRO WOMEN,30-34,Italy,Muenchen,2022,4.18333333333333,5.15,5.03333333333333,4.85,5.61666666666667,7.48333333333333,5.66666666666667,4.86666666666667,5.48333333333333,5.48333333333333,5.48333333333333,2.7,5.51666666666667,5.38333333333333,6.35,7.55,6.83333333333333,43.333333333333336,43.46666666666666,93.63333333333333,0.3412073490813653,0.6481069042316261
karin-steininger,HYROX PRO WOMEN,40-44,Austria,Muenchen,2022,4.98333333333333,4.63333333333333,5.65,4.31666666666667,5.75,5.83333333333333,6.03333333333333,4.76666666666667,6.05,5.7,5.91666666666667,3.18333333333333,6.1,5.76666666666667,6.88333333333333,5.38333333333333,7.51666666666667,47.36666666666666,39.583333333333336,94.46666666666664,0.2760290556900728,0.740000000000001
viktoria-schlammerl,HYROX PRO WOMEN,16-24,Germany,Muenchen,2022,4.88333333333333,4.75,5.4,4.26666666666667,5.73333333333333,6.13333333333333,5.88333333333333,6.26666666666667,6.15,4.96666666666667,6.46666666666667,3.21666666666667,6.15,4.55,7.0,5.75,7.5,47.66666666666666,39.900000000000006,95.06666666666666,0.3023809523809528,0.6956521739130445
nayibe-statia,HYROX PRO WOMEN,35-39,Netherlands,Muenchen,2022,4.76666666666667,5.48333333333333,5.35,4.61666666666667,5.56666666666667,5.5,5.46666666666667,6.46666666666667,5.51666666666667,5.36666666666667,5.65,3.05,5.61666666666667,5.05,6.33333333333333,9.93333333333333,6.43333333333333,44.26666666666668,45.46666666666667,96.16666666666669,0.24736842105263068,0.8393939393939399
christine-jahn,HYROX PRO WOMEN,50-54,Germany,Muenchen,2022,5.46666666666667,5.08333333333333,5.81666666666667,4.8,5.93333333333333,5.36666666666667,5.96666666666667,7.16666666666667,6.13333333333333,5.1,5.96666666666667,2.28333333333333,6.08333333333333,5.6,6.85,5.2,7.35,48.21666666666667,40.60000000000001,96.16666666666664,0.20194647201946414,0.8944099378881982
silvia-czaja,HYROX PRO WOMEN,45-49,Germany,Muenchen,2022,5.05,5.21666666666667,5.66666666666667,5.75,5.68333333333333,6.2,5.63333333333333,7.16666666666667,5.66666666666667,5.05,5.71666666666667,2.73333333333333,5.83333333333333,5.83333333333333,6.45,7.01666666666667,6.6,45.699999999999996,44.966666666666676,97.26666666666665,0.21705426356589153,0.9274193548387096
hanna-rehm,HYROX PRO WOMEN,30-34,Germany,Muenchen,2022,5.31666666666667,4.73333333333333,5.88333333333333,4.63333333333333,6.46666666666667,5.76666666666667,6.48333333333333,7.41666666666667,6.38333333333333,5.08333333333333,6.5,3.36666666666667,6.46666666666667,6.03333333333333,6.81666666666667,6.76666666666667,6.46666666666667,50.31666666666667,43.8,100.58333333333334,0.22004889975550113,0.8034682080924845
laura-steffen,HYROX PRO WOMEN,25-29,Germany,Nuernberg,2019,3.91666666666667,4.21666666666667,4.46666666666667,1.85,4.83333333333333,3.76666666666667,4.91666666666667,3.73333333333333,4.88333333333333,4.61666666666667,4.81666666666667,1.86666666666667,4.83333333333333,4.45,5.9,4.68333333333333,6.58333333333333,38.56666666666667,29.18333333333334,74.33333333333333,0.33615819209039494,0.49115044247787565
katharina-blank,HYROX PRO WOMEN,25-29,Germany,Nuernberg,2019,3.9,4.63333333333333,4.53333333333333,2.18333333333333,4.66666666666667,3.85,4.78333333333333,4.08333333333333,4.88333333333333,4.46666666666667,4.98333333333333,2.56666666666667,4.86666666666667,3.45,6.21666666666667,6.03333333333333,7.36666666666667,38.83333333333333,31.26666666666666,77.46666666666667,0.3726541554959789,0.5670995670995662
magdalena-schubert,HYROX PRO WOMEN,25-29,Germany,Nuernberg,2019,3.91666666666667,4.43333333333333,4.86666666666667,1.65,5.65,4.05,5.26666666666667,3.76666666666667,5.26666666666667,4.63333333333333,5.25,1.6,5.31666666666667,4.03333333333333,6.15,4.66666666666667,7.01666666666667,41.683333333333344,28.83333333333333,77.53333333333335,0.36314363143631384,0.4074074074074074
viktorija-jefimova,HYROX PRO WOMEN,35-39,Lithuania,Nuernberg,2019,3.71666666666667,4.9,4.31666666666667,3.15,6.35,4.1,4.58333333333333,4.95,4.61666666666667,5.06666666666667,4.63333333333333,1.73333333333333,4.63333333333333,4.21666666666667,5.98333333333333,6.96666666666667,5.75,38.83333333333333,35.08333333333334,79.66666666666667,0.41469816272965826,0.7682926829268293
carina-bungard,HYROX PRO WOMEN,30-34,Germany,Nuernberg,2019,3.7,4.6,4.46666666666667,2.55,4.78333333333333,5.3,4.78333333333333,3.68333333333333,4.76666666666667,4.95,4.75,3.21666666666667,4.88333333333333,4.15,6.1,6.26666666666667,6.96666666666667,38.233333333333334,34.71666666666667,79.91666666666667,0.3934426229508196,0.4811320754716981
melanie-gleich,HYROX PRO WOMEN,25-29,Germany,Nuernberg,2019,3.86666666666667,4.45,4.98333333333333,2.2,5.86666666666667,5.33333333333333,5.4,3.9,5.31666666666667,4.65,5.15,2.26666666666667,5.41666666666667,4.56666666666667,6.58333333333333,4.48333333333333,6.85,42.583333333333336,31.85,81.28333333333335,0.4126582278481005,0.41250000000000026
antonia-ellenrieder,HYROX PRO WOMEN,16-24,Germany,Nuernberg,2019,3.93333333333333,5.05,4.8,2.91666666666667,5.08333333333333,6.6,4.88333333333333,4.23333333333333,5.2,4.98333333333333,4.78333333333333,2.56666666666667,5.13333333333333,5.35,6.35,6.85,7.9,40.16666666666666,38.550000000000004,86.61666666666665,0.3805774278215228,0.44191919191919243
olivia-skolik,HYROX PRO WOMEN,25-29,Germany,Nuernberg,2019,3.93333333333333,4.73333333333333,5.4,2.96666666666667,5.38333333333333,4.6,5.56666666666667,5.13333333333333,5.55,4.71666666666667,5.56666666666667,2.98333333333333,5.41666666666667,4.28333333333333,6.88333333333333,7.66666666666667,7.58333333333333,43.7,37.08333333333333,88.36666666666667,0.42857142857142877,0.6449275362318848
andrea-schnell,HYROX PRO WOMEN,45-49,Germany,Nuernberg,2019,4.16666666666667,4.85,5.03333333333333,2.88333333333333,5.28333333333333,6.18333333333333,5.0,5.71666666666667,5.2,5.01666666666667,5.15,3.2,5.1,5.46666666666667,6.43333333333333,6.55,8.98333333333333,41.36666666666666,39.86666666666667,90.21666666666667,0.3523316062176158,0.4663072776280321
susan-faatz,HYROX PRO WOMEN,35-39,Germany,Nuernberg,2019,4.95,4.81666666666667,5.45,2.53333333333333,5.85,4.9,5.8,5.2,5.96666666666667,4.81666666666667,5.93333333333333,2.5,6.08333333333333,5.26666666666667,7.51666666666667,6.45,7.83333333333333,47.550000000000004,36.48333333333334,91.86666666666666,0.34146341463414664,0.5170068027210878
sophia-thussbas,HYROX PRO WOMEN,30-34,Germany,Nuernberg,2019,3.9,4.81666666666667,5.25,2.61666666666667,5.63333333333333,7.53333333333333,5.93333333333333,5.9,5.81666666666667,5.1,5.6,2.75,5.26666666666667,5.18333333333333,6.71666666666667,7.18333333333333,7.65,44.116666666666674,41.08333333333333,92.85000000000002,0.41935483870967777,0.3473451327433634
linda-klose,HYROX PRO WOMEN,25-29,Germany,Nuernberg,2019,4.28333333333333,4.78333333333333,5.25,2.5,5.41666666666667,5.63333333333333,8.76666666666667,5.25,6.11666666666667,4.61666666666667,6.06666666666667,2.55,5.9,4.95,7.31666666666667,6.81666666666667,7.83333333333333,49.116666666666674,37.1,94.05,0.5114068441064644,0.443786982248521
nadine-wolff,HYROX PRO WOMEN,35-39,Germany,Nuernberg,2019,4.28333333333333,4.43333333333333,5.43333333333333,2.5,5.6,4.53333333333333,5.41666666666667,6.66666666666667,5.66666666666667,4.91666666666667,5.73333333333333,3.0,5.56666666666667,4.83333333333333,7.01666666666667,8.6,10.25,44.71666666666667,39.48333333333333,94.44999999999999,0.3895486935866992,0.5514705882352946
oezlem-oezdemir,HYROX PRO WOMEN,30-34,Germany,Nuernberg,2019,4.35,5.0,5.2,3.25,5.46666666666667,7.43333333333333,5.83333333333333,6.15,5.56666666666667,5.23333333333333,5.38333333333333,3.1,5.61666666666667,5.15,7.11666666666667,6.18333333333333,8.98333333333333,44.53333333333334,41.49999999999999,95.01666666666667,0.3887587822014055,0.43721973094170424
nadine-zemmin,HYROX PRO WOMEN,16-24,Germany,Nuernberg,2019,4.33333333333333,4.53333333333333,5.56666666666667,3.2,6.1,5.31666666666667,6.03333333333333,6.06666666666667,6.36666666666667,5.06666666666667,6.33333333333333,2.28333333333333,6.35,5.73333333333333,8.38333333333333,6.1,9.0,49.46666666666667,38.300000000000004,96.76666666666667,0.4831013916500995,0.6018808777429464
alix-rekersbrink,HYROX PRO WOMEN,25-29,Germany,Nuernberg,2019,4.33333333333333,4.95,5.21666666666667,3.85,5.85,6.28333333333333,5.88333333333333,5.23333333333333,6.13333333333333,5.18333333333333,5.78333333333333,3.38333333333333,5.88333333333333,5.05,7.16666666666667,8.16666666666667,9.66666666666667,46.24999999999999,42.09999999999999,98.01666666666667,0.395348837209303,0.6127320954907165
stefanie-lipsky,HYROX PRO WOMEN,35-39,Germany,Nuernberg,2019,4.53333333333333,4.78333333333333,5.71666666666667,2.9,6.16666666666667,5.68333333333333,6.18333333333333,6.9,6.43333333333333,4.78333333333333,6.25,3.35,6.45,6.03333333333333,8.33333333333333,8.01666666666667,8.98333333333333,50.06666666666666,42.44999999999999,101.49999999999999,0.45600000000000024,0.5102639296187687
maisofy-castillo-reyes,HYROX PRO WOMEN,30-34,Germany,Nuernberg,2019,4.11666666666667,5.05,5.73333333333333,4.01666666666667,6.41666666666667,7.11666666666667,6.5,5.53333333333333,6.01666666666667,4.86666666666667,5.93333333333333,3.21666666666667,5.9,4.86666666666667,7.35,10.4833333333333,9.33333333333333,47.96666666666667,45.14999999999998,102.44999999999999,0.43990929705215376,0.5644028103044499
lisa-ramuschkat,HYROX PRO WOMEN,25-29,Germany,Nuernberg,2019,4.7,4.76666666666667,5.56666666666667,4.93333333333333,5.85,6.05,6.13333333333333,6.41666666666667,6.1,4.95,6.01666666666667,5.15,6.08333333333333,6.35,7.45,12.1333333333333,9.03333333333333,47.9,50.74999999999997,107.6833333333333,0.36912751677852346,0.8154269972451785
julia-johanna-kuegle,HYROX PRO WOMEN,25-29,Germany,Nuernberg,2019,4.7,5.51666666666667,5.98333333333333,3.4,7.5,5.05,7.06666666666667,5.45,6.85,5.6,6.43333333333333,2.63333333333333,6.8,6.23333333333333,8.46666666666667,8.0,12.15,53.8,41.883333333333326,107.83333333333333,0.44488188976377974,0.6732673267326733
jessica-wielens,HYROX PRO WOMEN,30-34,Germany,Oberhausen,2019,4.36666666666667,4.98333333333333,4.98333333333333,2.65,5.48333333333333,5.53333333333333,5.23333333333333,3.4,5.25,4.73333333333333,5.25,1.8,5.33333333333333,4.65,5.08333333333333,6.78333333333333,6.01666666666667,40.98333333333332,34.533333333333324,81.5333333333333,0.20364741641337278,0.4789156626506027
lina-bickel,HYROX PRO WOMEN,25-29,Germany,Oberhausen,2019,4.36666666666667,4.7,5.01666666666667,2.75,5.56666666666667,5.4,5.25,3.75,5.25,4.93333333333333,5.26666666666667,2.38333333333333,5.2,4.4,5.36666666666667,6.7,5.61666666666667,41.283333333333346,35.016666666666666,81.91666666666669,0.215568862275449,0.5092592592592592
melanie-eckhardt,HYROX PRO WOMEN,30-34,Germany,Oberhausen,2019,4.81666666666667,4.95,5.25,2.61666666666667,5.53333333333333,8.33333333333333,5.41666666666667,4.53333333333333,5.45,5.05,7.06666666666667,2.01666666666667,5.11666666666667,3.85,5.08333333333333,6.48333333333333,4.18333333333333,43.733333333333334,37.83333333333333,85.74999999999997,0.3183962264150942,0.3140000000000005
louisa-dumke,HYROX PRO WOMEN,16-24,Germany,Oberhausen,2019,4.93333333333333,4.55,5.25,2.75,6.01666666666667,6.73333333333333,5.88333333333333,4.4,6.0,5.26666666666667,5.98333333333333,2.86666666666667,5.93333333333333,4.25,5.95,7.13333333333333,5.43333333333333,45.94999999999999,37.95,89.33333333333331,0.1800554016620509,0.4084158415841586
bianca-bender,HYROX PRO WOMEN,40-44,Germany,Oberhausen,2019,4.83333333333333,5.21666666666667,5.21666666666667,3.01666666666667,5.45,7.63333333333333,5.38333333333333,6.0,5.48333333333333,5.08333333333333,5.6,2.95,5.45,5.88333333333333,5.58333333333333,8.28333333333333,5.25,42.99999999999999,44.06666666666666,92.31666666666666,0.1369047619047624,0.395196506550219
carmen-thyssen-schneider,HYROX PRO WOMEN,45-49,Germany,Oberhausen,2019,4.83333333333333,5.21666666666667,5.66666666666667,3.65,5.83333333333333,8.91666666666667,5.85,5.2,5.65,5.2,5.95,2.06666666666667,5.91666666666667,4.13333333333333,5.93333333333333,8.1,6.31666666666667,45.63333333333333,42.48333333333334,94.43333333333334,0.18767507002801173,0.4093457943925232
julia-helberg,HYROX PRO WOMEN,25-29,Germany,Oberhausen,2019,4.63333333333333,5.13333333333333,5.53333333333333,2.95,5.55,7.36666666666667,5.55,7.7,5.48333333333333,5.61666666666667,5.61666666666667,1.8,5.65,6.98333333333333,5.9,8.75,7.4,43.91666666666666,46.3,97.61666666666667,0.21468926553672374,0.40045248868778266
roxy-formelke,HYROX PRO WOMEN,30-34,Germany,Oberhausen,2019,4.98333333333333,5.36666666666667,6.11666666666667,3.78333333333333,6.2,8.83333333333333,6.36666666666667,7.46666666666667,6.31666666666667,5.51666666666667,6.46666666666667,4.15,6.21666666666667,8.26666666666667,6.6,10.2666666666667,6.11666666666667,49.26666666666668,53.65000000000004,109.03333333333339,0.24494949494949544,0.4283018867924526
sara-gandola,HYROX PRO WOMEN,25-29,Italy,Osaka,2026,2.25,4.483333333333333,4.166666666666667,3.433333333333333,4.183333333333334,4.383333333333334,4.233333333333333,3.283333333333333,4.316666666666666,4.55,4.433333333333334,1.8833333333333333,4.35,3.6,3.2666666666666666,4.15,5.25,31.200000000000003,29.766666666666666,66.21666666666667,0.4924812030075188,0.7832699619771862
nozomi-watanabe,HYROX PRO WOMEN,30-34,Japan,Osaka,2026,2.283333333333333,4.883333333333334,4.033333333333333,3.566666666666667,4.5,5.3,4.483333333333333,4.266666666666667,4.7,4.816666666666666,4.683333333333334,2.933333333333333,4.783333333333333,4.216666666666667,3.633333333333333,5.533333333333333,6.233333333333333,33.1,35.516666666666666,74.85000000000001,0.5226480836236934,0.6729559748427674
hayden-frederick,HYROX PRO WOMEN,25-29,United States,Osaka,2026,2.6666666666666665,4.733333333333333,4.716666666666667,3.7666666666666666,4.683333333333334,4.3,4.7,4.783333333333333,4.816666666666666,4.616666666666666,4.883333333333334,2.316666666666667,4.95,4.966666666666667,4.0,5.766666666666667,6.7,35.416666666666664,35.25,77.36666666666666,0.46127946127946134,0.875968992248062
seoyeon-shin,HYROX PRO WOMEN,16-24,South Korea,Osaka,2026,2.9,4.95,4.966666666666667,4.0,5.183333333333334,5.15,5.183333333333334,4.4,5.316666666666666,4.9,5.316666666666666,3.1333333333333333,5.183333333333334,5.083333333333333,4.1,5.766666666666667,6.933333333333334,38.15,37.38333333333333,82.46666666666667,0.45454545454545453,0.7766990291262136
eri-shimizu,HYROX PRO WOMEN,25-29,Japan,Osaka,2026,2.7333333333333334,4.766666666666667,4.716666666666667,4.2,5.183333333333334,6.516666666666667,5.133333333333334,6.35,5.383333333333334,5.3,5.3,2.6333333333333333,5.166666666666667,5.2,4.083333333333333,4.933333333333334,9.683333333333334,37.7,39.900000000000006,87.28333333333336,0.49226006191950467,0.6445012787723785
christine-shen,HYROX PRO WOMEN,55-59,Hong Kong,Osaka,2026,3.083333333333333,5.533333333333333,5.433333333333334,4.05,5.733333333333333,5.316666666666666,5.816666666666666,4.666666666666667,6.066666666666666,5.766666666666667,6.2,2.816666666666667,6.183333333333334,5.733333333333333,4.933333333333334,5.833333333333333,8.716666666666667,43.45,39.71666666666667,91.88333333333333,0.5026881720430109,0.7617554858934169
ryoko-hashimoto,HYROX PRO WOMEN,30-34,Japan,Osaka,2026,3.2,5.583333333333333,5.533333333333333,5.683333333333334,5.916666666666667,8.383333333333333,6.016666666666667,6.15,6.233333333333333,5.466666666666667,6.083333333333333,3.633333333333333,6.166666666666667,5.733333333333333,5.0,8.116666666666667,9.133333333333333,44.15,48.75,102.03333333333333,0.48663101604278075,0.6779324055666005
jasmine-ang,HYROX PRO WOMEN,40-44,Singapore,Osaka,2026,4.5,5.1,5.85,6.416666666666667,5.933333333333334,7.3,6.316666666666666,7.483333333333333,6.233333333333333,5.983333333333333,6.766666666666667,4.266666666666667,6.85,8.616666666666667,6.716666666666667,10.383333333333333,10.383333333333333,49.16666666666667,55.55,115.1,0.3430656934306569,0.8789954337899544
you-li-hui-zhu-jing,HYROX PRO WOMEN,35-39,Japan,Osaka,2026,2.933333333333333,6.75,5.25,7.416666666666667,6.0,12.65,6.4,8.416666666666666,6.483333333333333,6.883333333333334,6.316666666666666,6.016666666666667,6.683333333333334,8.166666666666666,5.233333333333333,11.583333333333334,10.433333333333334,45.30000000000001,67.88333333333333,123.61666666666669,0.5610972568578554,0.5862977602108037
annie-emilsson,HYROX PRO WOMEN,25-29,Sweden,Oslo,2026,3.8666666666666663,4.333333333333333,3.466666666666667,2.4,3.6666666666666665,3.4166666666666665,3.6166666666666663,2.6,3.683333333333333,4.4,3.583333333333333,1.6666666666666667,3.65,2.966666666666667,4.3,3.2333333333333334,2.833333333333333,29.833333333333332,25.016666666666666,57.68333333333333,0.19379844961240303,0.7024390243902439
eilidh-boyd,HYROX PRO WOMEN,25-29,United Kingdom,Oslo,2026,4.0,4.45,3.6666666666666665,2.566666666666667,3.9166666666666665,4.25,4.1,3.466666666666667,4.066666666666666,4.616666666666666,3.933333333333333,2.533333333333333,4.1,3.533333333333333,4.883333333333334,4.266666666666667,3.083333333333333,32.666666666666664,29.68333333333333,65.43333333333334,0.24914675767918099,0.603921568627451
maria-wallin,HYROX PRO WOMEN,45-49,Sweden,Oslo,2026,4.3,4.716666666666667,3.9166666666666665,3.566666666666667,4.2,4.533333333333333,4.1,3.316666666666667,4.216666666666667,5.116666666666666,4.116666666666666,2.65,4.133333333333334,4.2,5.016666666666667,4.8,3.316666666666667,34.0,32.9,70.21666666666667,0.21926910299003324,0.786764705882353
beatrix-cser,HYROX PRO WOMEN,50-54,Sweden,Oslo,2026,4.583333333333333,4.716666666666667,4.1,3.783333333333333,4.283333333333333,4.483333333333333,4.266666666666667,3.6166666666666663,4.45,4.716666666666667,4.383333333333334,2.083333333333333,4.433333333333334,4.233333333333333,5.25,5.75,3.3833333333333333,35.75,33.38333333333334,72.51666666666668,0.2190476190476191,0.8438661710037174
victoria-bolstad,HYROX PRO WOMEN,30-34,Norway,Oslo,2026,4.633333333333334,4.9,4.083333333333333,4.1,4.116666666666666,5.816666666666666,4.233333333333333,4.133333333333334,4.383333333333334,5.35,4.283333333333333,2.316666666666667,4.316666666666666,4.7,5.116666666666666,5.816666666666666,3.633333333333333,35.166666666666664,37.133333333333326,75.93333333333334,0.20195439739413681,0.7048710601719197
lene-trydal-hansen,HYROX PRO WOMEN,25-29,Norway,Oslo,2026,4.233333333333333,5.0,3.85,4.55,4.25,5.6,4.183333333333334,4.533333333333333,4.216666666666667,5.483333333333333,4.116666666666666,2.4833333333333334,4.316666666666666,4.016666666666667,5.116666666666666,6.1,5.683333333333334,34.28333333333333,37.766666666666666,77.73333333333333,0.2475570032573289,0.8125
charlotte-breidenthal-pedersen,HYROX PRO WOMEN,16-24,Norway,Oslo,2026,5.15,4.9,4.566666666666666,2.933333333333333,4.733333333333333,3.983333333333333,4.833333333333333,4.783333333333333,5.0,5.1,4.866666666666666,2.9,5.1,4.466666666666667,6.15,5.666666666666667,3.7666666666666666,40.4,34.733333333333334,78.9,0.2574525745257453,0.7364016736401674
sandra-valancauskaite,HYROX PRO WOMEN,40-44,Lithuania,Oslo,2026,5.333333333333333,4.9,4.75,3.3,4.85,4.533333333333333,5.033333333333333,4.816666666666666,5.2,4.983333333333333,5.366666666666666,2.566666666666667,5.4,4.083333333333333,6.35,4.966666666666667,4.25,42.28333333333333,34.15,80.68333333333332,0.2519685039370078,0.7279411764705882
andrea-estefania-maldonado-garcia,HYROX PRO WOMEN,30-34,Mexico,Oslo,2026,4.883333333333334,4.516666666666667,4.6,3.8333333333333335,4.95,6.116666666666666,4.833333333333333,6.066666666666666,4.85,5.016666666666667,4.9,1.9833333333333332,5.05,5.333333333333333,5.766666666666667,4.883333333333334,4.55,39.83333333333333,37.75,82.13333333333333,0.20231213872832376,0.6267029972752044
june-halvorsen,HYROX PRO WOMEN,30-34,Norway,Oslo,2026,5.883333333333334,4.75,5.183333333333334,3.316666666666667,5.233333333333333,4.016666666666667,5.45,4.183333333333334,5.633333333333334,4.75,5.6,2.1166666666666667,5.6,4.316666666666666,6.866666666666666,5.066666666666666,5.1,45.45,32.516666666666666,83.06666666666665,0.24514563106796108,0.8257261410788382
freja-dellgren,HYROX PRO WOMEN,16-24,Denmark,Oslo,2026,5.083333333333333,4.933333333333334,4.666666666666667,3.5,4.95,4.633333333333334,4.916666666666667,4.533333333333333,5.566666666666666,5.133333333333334,5.1,3.1666666666666665,5.55,4.266666666666667,6.683333333333334,8.416666666666666,4.25,42.516666666666666,38.583333333333336,85.35000000000001,0.3017456359102244,0.7553956834532374
synne-lindset,HYROX PRO WOMEN,16-24,Norway,Oslo,2026,5.616666666666666,4.516666666666667,5.166666666666667,2.716666666666667,5.3,5.116666666666666,5.65,4.833333333333333,6.183333333333334,4.983333333333333,6.0,2.4,6.033333333333333,4.716666666666667,7.283333333333333,6.066666666666666,5.716666666666667,47.233333333333334,35.349999999999994,88.30000000000001,0.29061784897025167,0.5309446254071661
filippa-stroembaeck,HYROX PRO WOMEN,25-29,Sweden,Oslo,2026,5.766666666666667,5.1,5.283333333333333,3.4166666666666665,5.333333333333333,5.616666666666666,5.35,6.233333333333333,5.466666666666667,4.983333333333333,9.383333333333333,2.1333333333333333,5.216666666666667,4.616666666666666,6.333333333333333,5.266666666666667,4.6,48.13333333333334,37.36666666666667,90.1,0.4440497335701598,0.6083086053412463
elena-bognar,HYROX PRO WOMEN,35-39,Norway,Oslo,2026,5.533333333333333,5.05,5.033333333333333,4.483333333333333,5.4,5.0,5.483333333333333,5.633333333333334,5.633333333333334,5.366666666666666,5.45,4.066666666666666,5.716666666666667,5.616666666666666,6.85,7.35,4.266666666666667,45.1,42.56666666666667,91.93333333333331,0.2652068126520681,0.8966666666666667
marielle-spilde,HYROX PRO WOMEN,35-39,Norway,Oslo,2026,6.366666666666666,4.85,5.733333333333333,3.7,6.033333333333333,5.583333333333333,6.0,6.433333333333334,6.016666666666667,5.166666666666667,6.1,2.9833333333333334,6.166666666666667,5.866666666666666,7.566666666666666,6.166666666666667,5.166666666666667,49.983333333333334,40.75,95.90000000000002,0.24229074889867838,0.6626865671641792
stina-karlsson,HYROX PRO WOMEN,16-24,Sweden,Oslo,2026,5.483333333333333,4.65,7.066666666666666,3.3,8.033333333333333,6.0,8.116666666666667,6.566666666666666,5.5,5.0,5.366666666666666,2.716666666666667,5.733333333333333,5.716666666666667,7.783333333333333,6.383333333333334,5.583333333333333,53.083333333333336,40.333333333333336,99.0,0.3388090349075976,0.5499999999999999
deb-self,HYROX PRO WOMEN,55-59,United Kingdom,Oslo,2026,5.916666666666667,5.3,5.45,7.6,8.266666666666667,8.733333333333333,5.9,10.883333333333333,6.283333333333333,5.883333333333334,6.133333333333334,2.933333333333333,6.133333333333334,9.05,9.066666666666666,12.4,6.183333333333334,53.14999999999999,62.783333333333324,122.11666666666667,0.3988970588235294,0.8702290076335878
claire-nesbitt,HYROX PRO WOMEN,25-29,Hong Kong,Seoul,2025,3.15,4.533333333333333,4.016666666666667,2.6333333333333333,4.1,4.533333333333333,4.25,3.466666666666667,4.266666666666667,4.533333333333333,4.266666666666667,1.75,4.283333333333333,3.1666666666666665,4.433333333333334,3.733333333333333,4.616666666666666,32.766666666666666,28.35,65.73333333333332,0.2894736842105264,0.5808823529411765
naomi-aoyama,HYROX PRO WOMEN,35-39,Japan,Seoul,2025,3.2666666666666666,4.85,4.616666666666666,2.75,4.833333333333333,4.533333333333333,4.883333333333334,3.066666666666667,4.866666666666666,4.8,4.883333333333334,1.85,5.083333333333333,4.0,5.333333333333333,5.183333333333334,5.65,37.766666666666666,31.033333333333335,74.45,0.38749999999999996,0.6066176470588236
erika-ookubo,HYROX PRO WOMEN,35-39,Japan,Seoul,2025,3.95,4.683333333333334,4.883333333333334,3.75,4.933333333333334,7.816666666666666,4.833333333333333,3.2333333333333334,4.766666666666667,4.666666666666667,4.933333333333334,2.65,4.766666666666667,4.583333333333333,5.1,5.066666666666666,6.45,38.16666666666667,36.45,81.06666666666666,0.2254901960784313,0.47974413646055436
siska-antolis,HYROX PRO WOMEN,35-39,Indonesia,Seoul,2025,4.316666666666666,5.166666666666667,5.433333333333334,3.1666666666666665,5.533333333333333,6.9,5.516666666666667,2.933333333333333,5.316666666666666,5.183333333333334,5.566666666666666,3.1,5.4,5.483333333333333,5.85,4.383333333333334,7.683333333333334,42.93333333333334,36.31666666666667,86.93333333333334,0.2621082621082621,0.4589371980676328
sabine-nater,HYROX PRO WOMEN,45-49,Germany,Seoul,2025,4.65,5.083333333333333,5.966666666666667,2.75,5.733333333333333,5.633333333333334,5.783333333333333,4.816666666666666,6.05,5.116666666666666,5.716666666666667,2.033333333333333,5.866666666666666,5.8,6.633333333333334,5.65,7.066666666666666,46.4,36.88333333333333,90.35,0.2989949748743719,0.4881656804733727
maria-zoto,HYROX PRO WOMEN,30-34,Greece,Seoul,2025,3.783333333333333,4.783333333333333,5.45,3.3833333333333333,5.9,5.133333333333334,5.733333333333333,5.45,6.7,4.95,6.0,2.783333333333333,6.3,6.8,7.7,7.216666666666667,8.883333333333333,47.56666666666666,40.5,96.94999999999999,0.5086580086580087,0.6590909090909091
jina-gang,HYROX PRO WOMEN,16-24,South Korea,Seoul,2025,4.5,5.216666666666667,6.133333333333334,5.133333333333334,6.35,6.316666666666666,6.283333333333333,4.85,6.5,5.466666666666667,6.5,3.316666666666667,7.166666666666667,6.15,7.683333333333334,7.933333333333334,7.616666666666666,51.11666666666666,44.38333333333334,103.11666666666666,0.41431670281995664,0.8126649076517152
eileen-chan,HYROX PRO WOMEN,35-39,Singapore,Seoul,2025,4.4,5.516666666666667,5.783333333333333,3.816666666666667,5.75,7.833333333333333,5.983333333333333,6.833333333333333,6.0,5.633333333333334,6.183333333333334,3.55,6.316666666666666,9.316666666666666,7.183333333333334,8.816666666666666,10.25,47.60000000000001,51.31666666666666,109.16666666666667,0.38747099767981436,0.4872340425531915
emilie-dahmen,HYROX PRO WOMEN,16-24,Netherlands,Stockholm,2025,3.4166666666666665,4.133333333333334,3.5,2.6666666666666665,3.683333333333333,3.35,3.6666666666666665,3.7,3.7,4.216666666666667,3.6166666666666663,1.3833333333333333,3.6666666666666665,3.1,3.8333333333333335,3.733333333333333,4.483333333333333,29.083333333333332,26.28333333333334,59.85000000000001,0.10869565217391311,0.7960199004975124
anne-bonnin,HYROX PRO WOMEN,25-29,France,Stockholm,2025,4.016666666666667,4.616666666666666,3.816666666666667,2.95,4.0,4.383333333333334,3.9,2.966666666666667,3.9,4.683333333333334,3.816666666666667,1.9333333333333331,3.883333333333333,3.55,4.25,3.6,5.516666666666667,31.583333333333332,28.683333333333337,65.78333333333333,0.10196078431372545,0.6730038022813688
ida-strand,HYROX PRO WOMEN,25-29,Sweden,Stockholm,2025,3.6166666666666663,4.583333333333333,3.716666666666667,2.8,3.9,4.2,3.816666666666667,3.716666666666667,3.8666666666666663,4.466666666666667,3.933333333333333,1.55,3.9,3.2333333333333334,4.233333333333333,7.116666666666666,4.983333333333333,30.98333333333333,31.666666666666668,67.63333333333333,0.14566929133858278,0.6666666666666666
hanna-fritzell,HYROX PRO WOMEN,40-44,Sweden,Stockholm,2025,3.95,4.733333333333333,3.95,2.783333333333333,4.216666666666667,4.25,4.166666666666667,3.9,4.283333333333333,4.833333333333333,4.116666666666666,2.083333333333333,4.116666666666666,3.883333333333333,4.533333333333333,4.6,5.466666666666667,33.333333333333336,31.066666666666663,69.86666666666667,0.12867647058823523,0.6549019607843137
ida-sondergard-olesen,HYROX PRO WOMEN,16-24,Denmark,Stockholm,2025,3.6,4.65,3.9,3.55,4.483333333333333,4.566666666666666,4.3,4.05,4.283333333333333,4.65,4.083333333333333,1.7,4.133333333333334,4.383333333333334,4.666666666666667,5.466666666666667,5.216666666666667,33.45,33.016666666666666,71.68333333333334,0.2285714285714286,0.7773722627737226
kelly-marshall,HYROX PRO WOMEN,40-44,United Kingdom,Stockholm,2025,4.133333333333334,4.15,4.2,3.05,4.4,4.2,4.583333333333333,4.333333333333333,4.65,4.633333333333334,4.483333333333333,1.6833333333333331,4.616666666666666,4.216666666666667,4.8,4.616666666666666,6.05,35.86666666666667,30.883333333333333,72.8,0.13888888888888878,0.7261904761904762
felicity-cole,HYROX PRO WOMEN,45-49,United Kingdom,Stockholm,2025,3.8666666666666663,4.85,3.983333333333333,3.55,4.2,5.266666666666667,4.3,4.083333333333333,4.383333333333334,5.116666666666666,4.233333333333333,1.55,4.516666666666667,4.65,4.816666666666666,6.2,5.416666666666667,34.3,35.266666666666666,74.98333333333333,0.19723183391003465,0.6740506329113923
susanne-hives,HYROX PRO WOMEN,45-49,Sweden,Stockholm,2025,4.333333333333333,4.6,4.45,3.033333333333333,4.816666666666666,4.55,4.866666666666666,3.8666666666666663,4.816666666666666,4.75,4.716666666666667,1.7833333333333334,4.833333333333333,4.3,5.25,5.3,5.816666666666666,38.083333333333336,32.18333333333334,76.08333333333333,0.17460317460317465,0.6666666666666666
linnea-gresell,HYROX PRO WOMEN,35-39,Sweden,Stockholm,2025,4.1,4.416666666666667,4.166666666666667,2.9166666666666665,4.533333333333333,7.0,4.366666666666666,4.216666666666667,4.566666666666666,4.5,4.566666666666666,2.183333333333333,4.433333333333334,4.666666666666667,4.816666666666666,5.183333333333334,6.3,35.55,35.083333333333336,76.93333333333332,0.14878892733564017,0.41666666666666663
annaclara-forss,HYROX PRO WOMEN,25-29,Sweden,Stockholm,2025,4.266666666666667,4.633333333333334,4.166666666666667,3.4,4.283333333333333,5.833333333333333,4.366666666666666,5.4,4.4,4.833333333333333,4.35,2.15,4.333333333333333,4.016666666666667,4.683333333333334,6.066666666666666,6.733333333333333,34.85,36.33333333333333,77.91666666666667,0.11032028469750887,0.5828571428571429
anna-dahlbom,HYROX PRO WOMEN,25-29,Sweden,Stockholm,2025,4.15,4.7,4.2,3.0,4.416666666666667,4.633333333333334,4.4,7.016666666666667,4.483333333333333,4.966666666666667,4.45,2.466666666666667,4.433333333333334,4.933333333333334,4.9,5.366666666666666,6.8,35.43333333333334,37.083333333333336,79.31666666666666,0.1530612244897959,0.6474820143884892
sandra-lind,HYROX PRO WOMEN,40-44,Sweden,Stockholm,2025,3.8333333333333335,4.883333333333334,4.083333333333333,3.3833333333333333,4.25,6.366666666666666,4.166666666666667,5.4,4.433333333333334,5.333333333333333,4.283333333333333,2.433333333333333,4.283333333333333,5.3,4.683333333333334,7.433333333333334,6.516666666666667,34.016666666666666,40.53333333333333,81.06666666666666,0.18149466192170818,0.5314136125654451
siri-fauske,HYROX PRO WOMEN,35-39,Norway,Stockholm,2025,4.6,4.583333333333333,4.616666666666666,3.466666666666667,4.783333333333333,4.516666666666667,4.916666666666667,4.983333333333333,5.05,4.816666666666666,4.933333333333334,2.2,4.9,5.233333333333333,5.5,6.466666666666667,6.366666666666666,39.3,36.266666666666666,81.93333333333334,0.1636363636363637,0.7675276752767528
corinna-stotz-zauchner,HYROX PRO WOMEN,35-39,Austria,Stockholm,2025,4.033333333333333,4.783333333333333,4.366666666666666,5.083333333333333,4.533333333333333,5.783333333333333,4.533333333333333,6.316666666666666,4.633333333333334,4.983333333333333,4.683333333333334,1.7833333333333334,4.666666666666667,5.25,5.15,5.933333333333334,7.333333333333333,36.6,39.91666666666667,83.85,0.21682847896440138,0.8789625360230547
kristin-karlsson,HYROX PRO WOMEN,35-39,Sweden,Stockholm,2025,4.35,4.616666666666666,4.4,3.633333333333333,4.766666666666667,6.716666666666667,4.616666666666666,5.783333333333333,4.95,5.083333333333333,4.8,2.3833333333333333,4.866666666666666,5.55,5.033333333333333,8.2,6.383333333333334,37.78333333333333,41.96666666666667,86.13333333333334,0.13576158940397356,0.5409429280397021
halima-sewehli,HYROX PRO WOMEN,45-49,United Kingdom,Stockholm,2025,4.666666666666667,4.833333333333333,4.9,3.6666666666666665,5.116666666666666,5.416666666666667,5.1,6.366666666666666,5.066666666666666,4.833333333333333,5.083333333333333,2.5,5.25,5.816666666666666,5.65,5.383333333333334,7.466666666666667,40.83333333333333,38.81666666666667,87.11666666666666,0.17404129793510326,0.6769230769230768
emelie-johansson,HYROX PRO WOMEN,35-39,Sweden,Stockholm,2025,4.916666666666667,5.0,4.683333333333334,4.133333333333334,4.85,6.6,4.85,5.583333333333333,4.9,4.9,4.85,2.966666666666667,5.05,5.35,5.716666666666667,6.616666666666666,8.383333333333333,39.81666666666667,41.150000000000006,89.35,0.18075801749271134,0.6262626262626264
maija-happonen,HYROX PRO WOMEN,25-29,Sweden,Stockholm,2025,4.783333333333333,4.833333333333333,4.933333333333334,4.6,5.083333333333333,6.633333333333334,5.2,5.616666666666666,5.166666666666667,5.216666666666667,5.2,3.55,5.416666666666667,4.616666666666666,5.766666666666667,5.5,8.75,41.55,40.56666666666666,90.86666666666666,0.17052023121387286,0.693467336683417
ebba-nilsson,HYROX PRO WOMEN,16-24,Sweden,Stockholm,2025,3.966666666666667,5.133333333333334,4.483333333333333,3.816666666666667,4.833333333333333,6.183333333333334,4.75,5.033333333333333,4.983333333333333,5.266666666666667,4.916666666666667,2.333333333333333,4.9,5.7,4.983333333333333,16.983333333333334,6.483333333333333,37.81666666666667,50.45,94.75,0.20401337792642138,0.6172506738544474
maerta-palsson,HYROX PRO WOMEN,25-29,Sweden,Stockholm,2025,5.583333333333333,4.8,5.583333333333333,3.0,6.1,6.933333333333334,6.116666666666666,6.65,6.35,4.85,6.183333333333334,3.45,6.3,5.4,6.75,5.433333333333334,8.816666666666666,48.96666666666667,40.516666666666666,98.30000000000001,0.17283950617283955,0.43269230769230765
elin-hallstroem,HYROX PRO WOMEN,30-34,Sweden,Stockholm,2025,5.45,4.55,5.5,3.816666666666667,6.0,6.9,5.983333333333333,9.55,7.016666666666667,4.966666666666667,6.216666666666667,2.6,6.433333333333334,5.833333333333333,7.2,7.25,9.883333333333333,49.8,45.466666666666676,105.14999999999998,0.24305555555555555,0.5531400966183575
elisabeth-sarah-kholti,HYROX PRO WOMEN,30-34,Germany,Stuttgart,2018,3.71666666666667,4.3,4.88333333333333,2.05,5.16666666666667,3.83333333333333,5.1,4.63333333333333,5.23333333333333,4.45,5.2,2.1,5.28333333333333,3.76666666666667,5.91666666666667,5.9,4.5,40.5,31.03333333333333,76.03333333333333,0.37183098591549274,0.5347826086956526
sabrina-mockenhaupt,HYROX PRO WOMEN,35-39,Germany,Stuttgart,2018,3.16666666666667,4.81666666666667,3.7,3.23333333333333,3.83333333333333,11.65,3.66666666666667,3.41666666666667,3.73333333333333,5.03333333333333,3.71666666666667,4.0,3.75,3.63333333333333,4.16666666666667,10.65,3.26666666666667,29.73333333333334,46.43333333333334,79.43333333333334,0.2399999999999997,0.277539341917024
katharina-blank,HYROX PRO WOMEN,25-29,Germany,Stuttgart,2018,3.53333333333333,4.78333333333333,4.66666666666667,2.71666666666667,5.11666666666667,5.68333333333333,5.06666666666667,4.36666666666667,5.23333333333333,4.78333333333333,5.15,3.43333333333333,5.36666666666667,4.1,6.28333333333333,6.58333333333333,4.36666666666667,40.41666666666667,36.44999999999999,81.23333333333333,0.4376657824933689,0.47800586510264015
nina-hinrichs,HYROX PRO WOMEN,25-29,Germany,Stuttgart,2018,4.28333333333333,4.48333333333333,5.31666666666667,2.91666666666667,5.53333333333333,6.98333333333333,5.46666666666667,4.23333333333333,5.53333333333333,4.61666666666667,5.3,2.35,5.48333333333333,4.2,5.93333333333333,6.58333333333333,4.9,42.849999999999994,36.36666666666666,84.11666666666665,0.2780898876404497,0.4176610978520293
jessica-baier,HYROX PRO WOMEN,25-29,Germany,Stuttgart,2018,4.43333333333333,4.6,5.8,3.01666666666667,6.08333333333333,5.55,6.11666666666667,4.21666666666667,6.16666666666667,4.73333333333333,6.18333333333333,2.46666666666667,6.31666666666667,3.98333333333333,6.86666666666667,6.0,4.56666666666667,47.96666666666667,34.56666666666667,87.10000000000002,0.35436893203883574,0.5435435435435442
tabea-hildebrand,HYROX PRO WOMEN,25-29,Germany,Stuttgart,2018,5.45,4.33333333333333,6.28333333333333,2.81666666666667,6.58333333333333,5.9,6.65,4.86666666666667,6.58333333333333,4.33333333333333,6.55,2.6,6.68333333333333,4.05,7.31666666666667,5.5,5.3,52.09999999999999,34.400000000000006,91.79999999999998,0.2551252847380413,0.47740112994350337
lina-bickel,HYROX PRO WOMEN,25-29,Germany,Stuttgart,2018,3.58333333333333,4.83333333333333,6.13333333333333,3.0,5.68333333333333,6.05,5.36666666666667,4.25,5.33333333333333,5.18333333333333,5.23333333333333,3.45,5.25,5.78333333333333,6.06666666666667,11.8166666666667,6.8,42.649999999999984,44.36666666666669,93.81666666666668,0.41576086956521763,0.49586776859504134
fiona-larissa-pfister,HYROX PRO WOMEN,16-24,Switzerland,Stuttgart,2018,4.85,4.73333333333333,5.6,3.2,5.76666666666667,6.23333333333333,5.81666666666667,6.08333333333333,6.1,4.83333333333333,5.93333333333333,2.93333333333333,6.23333333333333,4.95,6.86666666666667,8.05,6.18333333333333,47.166666666666664,41.01666666666665,94.36666666666665,0.2936893203883499,0.5133689839572195
olga-lukashova-sanz,HYROX PRO WOMEN,25-29,Russia,Stuttgart,2018,4.26666666666667,5.65,4.78333333333333,5.75,5.43333333333333,11.4,5.18333333333333,5.93333333333333,5.3,5.31666666666667,5.21666666666667,3.25,5.31666666666667,5.86666666666667,5.96666666666667,7.86666666666667,4.61666666666667,41.46666666666667,51.03333333333333,97.11666666666667,0.2849162011173183,0.5043859649122807
lisa-rueppel,HYROX PRO WOMEN,35-39,Germany,Stuttgart,2018,4.45,5.25,5.75,4.1,6.18333333333333,7.96666666666667,6.36666666666667,5.86666666666667,6.4,4.98333333333333,5.98333333333333,2.53333333333333,6.5,6.1,7.23333333333333,7.15,6.41666666666667,48.86666666666665,43.95,99.23333333333333,0.38479262672811027,0.5146443514644349
janine-dechene,HYROX PRO WOMEN,40-44,Germany,Stuttgart,2018,4.58333333333333,5.05,5.78333333333333,3.53333333333333,5.98333333333333,7.21666666666667,6.13333333333333,6.03333333333333,6.26666666666667,5.46666666666667,6.13333333333333,4.03333333333333,6.3,4.55,7.33333333333333,7.4,7.66666666666667,48.516666666666644,43.283333333333324,99.46666666666665,0.37500000000000017,0.48960739030023026
malena-bernert,HYROX PRO WOMEN,25-29,Germany,Stuttgart,2018,4.78333333333333,5.43333333333333,3.58333333333333,3.31666666666667,5.88333333333333,9.31666666666667,6.11666666666667,6.18333333333333,6.56666666666667,5.45,6.23333333333333,3.6,6.73333333333333,5.25,6.93333333333333,8.6,6.63333333333333,46.833333333333314,47.15,100.61666666666663,0.48317307692307715,0.3559928443649376
lisa-haeuser,HYROX PRO WOMEN,25-29,Germany,Stuttgart,2018,4.3,5.31666666666667,5.63333333333333,3.36666666666667,6.36666666666667,5.81666666666667,5.91666666666667,6.16666666666667,6.26666666666667,5.25,6.01666666666667,2.4,6.38333333333333,6.3,7.43333333333333,12.8833333333333,7.75,48.31666666666667,47.49999999999997,103.56666666666665,0.4215246636771298,0.5787965616045847
kerstin-faigle,HYROX PRO WOMEN,25-29,Germany,Stuttgart,2018,4.8,5.1,5.68333333333333,4.33333333333333,5.91666666666667,9.35,6.08333333333333,6.9,5.93333333333333,5.36666666666667,5.75,3.08333333333333,6.01666666666667,6.08333333333333,6.56666666666667,9.56666666666667,8.11666666666667,46.75,49.78333333333333,104.65,0.2690355329949243,0.46345811051693375
inessa-agapova,HYROX PRO WOMEN,25-29,Germany,Stuttgart,2018,5.15,4.73333333333333,5.95,2.95,6.33333333333333,8.6,6.1,8.11666666666667,6.23333333333333,5.05,6.35,3.95,6.53333333333333,7.93333333333333,7.56666666666667,9.6,5.83333333333333,50.21666666666666,50.93333333333334,106.9833333333333,0.31938325991189453,0.34302325581395354
astrid-lang,HYROX PRO WOMEN,16-24,Germany,Stuttgart,2018,5.21666666666667,5.46666666666667,6.35,3.13333333333333,7.05,8.71666666666667,7.08333333333333,5.48333333333333,7.18333333333333,5.48333333333333,7.3,3.91666666666667,7.4,4.2,8.51666666666667,8.9,5.85,56.099999999999994,45.300000000000004,107.25,0.3874755381604694,0.3594646271510511
viola-oberlaender,HYROX PRO WOMEN,30-34,Germany,Stuttgart,2021,3.86666666666667,4.3,4.26666666666667,2.58333333333333,5.2,3.95,4.8,3.13333333333333,4.71666666666667,4.43333333333333,4.63333333333333,1.56666666666667,4.81666666666667,3.61666666666667,5.33333333333333,3.38333333333333,3.76666666666667,37.63333333333334,26.966666666666658,68.36666666666666,0.274999999999999,0.6540084388185645
sarah-kholti,HYROX PRO WOMEN,30-34,Germany,Stuttgart,2021,3.91666666666667,4.18333333333333,4.43333333333333,2.45,4.85,3.45,4.71666666666667,2.76666666666667,4.9,4.36666666666667,4.88333333333333,1.73333333333333,5.0,3.75,5.43333333333333,4.06666666666667,4.2,38.13333333333333,26.766666666666673,69.10000000000001,0.27914110429447747,0.7101449275362319
lisa-duengfelder,HYROX PRO WOMEN,30-34,Germany,Stuttgart,2021,3.85,4.53333333333333,4.31666666666667,3.31666666666667,4.5,4.51666666666667,4.6,3.28333333333333,4.6,4.61666666666667,4.58333333333333,2.03333333333333,4.68333333333333,3.85,4.96666666666667,4.13333333333333,4.08333333333333,36.099999999999994,30.28333333333333,70.46666666666665,0.22483221476510123,0.7343173431734319
sabrina-roethig,HYROX PRO WOMEN,30-34,Germany,Stuttgart,2021,4.13333333333333,4.65,4.38333333333333,2.98333333333333,4.46666666666667,4.76666666666667,4.48333333333333,4.16666666666667,4.56666666666667,4.66666666666667,4.5,2.16666666666667,4.58333333333333,4.28333333333333,4.95,4.46666666666667,4.46666666666667,36.06666666666666,32.15000000000001,72.68333333333335,0.16498316498316565,0.6258741258741247
carina-bungard,HYROX PRO WOMEN,30-34,Germany,Stuttgart,2021,3.83333333333333,4.35,4.23333333333333,3.78333333333333,4.41666666666667,5.25,4.36666666666667,2.75,4.53333333333333,4.68333333333333,4.38333333333333,2.41666666666667,4.45,4.43333333333333,4.93333333333333,5.53333333333333,4.36666666666667,35.149999999999984,33.19999999999999,72.71666666666665,0.22297297297297314,0.7206349206349201
katharina-blank,HYROX PRO WOMEN,25-29,Germany,Stuttgart,2021,3.9,4.36666666666667,4.53333333333333,2.98333333333333,4.8,4.58333333333333,4.85,3.23333333333333,4.9,4.46666666666667,4.88333333333333,2.55,4.98333333333333,4.11666666666667,5.63333333333333,4.33333333333333,5.45,38.48333333333332,30.633333333333333,74.56666666666663,0.3076923076923073,0.6509090909090905
beatrice-ardelt,HYROX PRO WOMEN,16-24,Germany,Stuttgart,2021,3.86666666666667,4.63333333333333,4.36666666666667,3.98333333333333,4.91666666666667,6.78333333333333,5.01666666666667,3.63333333333333,4.93333333333333,5.06666666666667,4.9,2.58333333333333,5.01666666666667,4.2,5.46666666666667,5.36666666666667,5.56666666666667,38.48333333333335,36.249999999999986,80.30000000000001,0.2926829268292682,0.587223587223587
kerstin-brueckner,HYROX PRO WOMEN,25-29,Germany,Stuttgart,2021,4.3,4.83333333333333,4.81666666666667,4.2,5.4,6.3,5.13333333333333,4.95,5.16666666666667,4.7,5.26666666666667,2.25,5.41666666666667,4.76666666666667,5.9,4.33333333333333,5.2,41.400000000000006,36.33333333333333,82.93333333333334,0.27118644067796616,0.6666666666666667
melanie-knipfer,HYROX PRO WOMEN,25-29,Germany,Stuttgart,2021,4.28333333333333,4.56666666666667,5.03333333333333,3.83333333333333,5.11666666666667,6.18333333333333,5.23333333333333,4.23333333333333,5.33333333333333,5.13333333333333,5.26666666666667,2.4,5.3,4.95,5.93333333333333,5.16666666666667,7.66666666666667,41.49999999999999,36.466666666666654,85.63333333333333,0.2780898876404497,0.6199460916442047
jasmin-brodda,HYROX PRO WOMEN,16-24,Germany,Stuttgart,2021,4.3,4.9,4.8,4.06666666666667,5.06666666666667,7.01666666666667,5.11666666666667,5.16666666666667,5.16666666666667,4.85,5.16666666666667,2.86666666666667,5.13333333333333,5.43333333333333,5.83333333333333,5.41666666666667,6.3,40.58333333333334,39.71666666666668,86.60000000000002,0.2628571428571425,0.5795724465558196
olivia-leitmeir,HYROX PRO WOMEN,25-29,Germany,Stuttgart,2021,4.26666666666667,4.83333333333333,5.11666666666667,4.21666666666667,5.68333333333333,5.2,5.63333333333333,5.01666666666667,5.9,5.36666666666667,5.76666666666667,2.6,5.83333333333333,4.83333333333333,6.51666666666667,7.08333333333333,5.63333333333333,44.716666666666676,39.15,89.5,0.3452685421994883,0.8108974358974366
petra-brodda,HYROX PRO WOMEN,45-49,Germany,Stuttgart,2021,4.45,4.81666666666667,5.23333333333333,4.75,5.73333333333333,7.68333333333333,5.8,5.11666666666667,5.81666666666667,4.98333333333333,5.96666666666667,2.98333333333333,5.81666666666667,6.8,6.23333333333333,7.15,6.65,45.05,44.28333333333333,95.98333333333335,0.28609625668449157,0.6182212581344905
sonja-kaiser,HYROX PRO WOMEN,40-44,Côte d&#x27;Ivoire,Stuttgart,2021,4.9,4.88333333333333,5.65,4.33333333333333,5.98333333333333,5.5,5.93333333333333,6.0,5.9,5.25,5.98333333333333,2.88333333333333,5.96666666666667,6.11666666666667,7.03333333333333,6.73333333333333,8.01666666666667,47.34999999999999,41.69999999999999,97.06666666666665,0.3033175355450233,0.7878787878787873
carolin-krappinger,HYROX PRO WOMEN,35-39,Austria,Stuttgart,2021,5.55,4.6,6.08333333333333,3.63333333333333,6.61666666666667,5.3,6.43333333333333,6.91666666666667,6.46666666666667,5.03333333333333,6.51666666666667,2.51666666666667,6.71666666666667,5.56666666666667,7.31666666666667,6.28333333333333,6.26666666666667,51.70000000000001,39.85000000000001,97.81666666666668,0.24145785876993203,0.685534591194968
daria-przybyla,HYROX PRO WOMEN,16-24,Germany,Stuttgart,2021,5.66666666666667,5.3,6.28333333333333,9.85,8.96666666666667,7.38333333333333,7.38333333333333,6.41666666666667,7.23333333333333,5.48333333333333,7.23333333333333,3.7,7.36666666666667,6.61666666666667,8.35,9.3,8.58333333333333,58.48333333333333,54.05,121.11666666666666,0.3680297397769516,1.334085778781039
joanna-wietrzyk,HYROX PRO WOMEN,16-24,Australia,Sydney,2026,2.95,4.15,3.15,2.15,3.183333333333333,3.05,3.25,3.333333333333333,3.316666666666667,4.233333333333333,3.216666666666667,1.4,3.2666666666666666,2.683333333333333,4.566666666666666,3.25,5.15,26.9,24.25,56.29999999999999,0.3540145985401459,0.7049180327868853
paris-kontelj,HYROX PRO WOMEN,30-34,Australia,Sydney,2026,3.316666666666667,4.3,3.433333333333333,2.333333333333333,3.533333333333333,3.7,3.55,3.9166666666666665,3.6,4.433333333333334,3.533333333333333,1.8166666666666669,3.55,3.2333333333333334,4.983333333333333,4.4,5.816666666666666,29.500000000000004,28.133333333333333,63.45,0.334448160535117,0.6306306306306305
nicole-bertei,HYROX PRO WOMEN,40-44,Australia,Sydney,2026,3.566666666666667,4.7,3.7666666666666666,2.45,3.816666666666667,3.7,3.9,4.25,3.9,4.65,3.883333333333333,1.75,3.95,3.4833333333333334,5.5,4.4,6.316666666666666,32.28333333333333,29.383333333333333,67.98333333333333,0.3515151515151515,0.6621621621621622
alice-evans,HYROX PRO WOMEN,25-29,Australia,Sydney,2026,3.5,4.466666666666667,3.85,2.4833333333333334,4.016666666666667,3.45,4.15,3.3833333333333333,4.283333333333333,4.65,4.233333333333333,1.9,4.416666666666667,3.733333333333333,6.15,4.066666666666666,6.866666666666666,34.6,28.133333333333333,69.6,0.43089430894308944,0.7198067632850241
natalie-wendt,HYROX PRO WOMEN,25-29,Australia,Sydney,2026,3.5,4.45,3.8666666666666663,3.6,4.083333333333333,4.35,4.25,3.933333333333333,4.1,4.65,4.15,1.9,4.15,4.366666666666666,5.966666666666667,4.433333333333334,6.016666666666667,34.06666666666666,31.683333333333334,71.76666666666667,0.4134078212290503,0.8275862068965518
demi-taylor,HYROX PRO WOMEN,25-29,Australia,Sydney,2026,3.7666666666666666,4.733333333333333,3.8666666666666663,2.7666666666666666,4.133333333333334,4.4,4.116666666666666,3.9,4.266666666666667,4.8,4.133333333333334,1.8333333333333333,4.283333333333333,3.9166666666666665,6.666666666666667,4.616666666666666,6.6,35.23333333333333,30.96666666666667,72.79999999999998,0.43500000000000005,0.6287878787878787
meg-mcskehan,HYROX PRO WOMEN,25-29,Australia,Sydney,2026,4.016666666666667,4.45,4.116666666666666,2.316666666666667,4.266666666666667,4.216666666666667,4.283333333333333,4.083333333333333,4.533333333333333,4.6,4.483333333333333,2.066666666666667,4.45,4.533333333333333,6.283333333333333,4.35,6.833333333333333,36.43333333333333,30.616666666666667,73.88333333333334,0.36074270557029176,0.549407114624506
rebecca-huber,HYROX PRO WOMEN,16-24,Australia,Sydney,2026,4.016666666666667,4.516666666666667,4.183333333333334,2.75,4.5,3.7666666666666666,4.55,4.5,4.55,4.666666666666667,4.5,1.9333333333333331,4.383333333333334,3.883333333333333,6.333333333333333,4.95,7.233333333333333,37.016666666666666,30.966666666666665,75.21666666666665,0.3657894736842105,0.7300884955752213
kylie-budin,HYROX PRO WOMEN,45-49,Australia,Sydney,2026,3.9,4.8,4.183333333333334,2.55,4.483333333333333,5.05,4.416666666666667,4.716666666666667,4.6,4.866666666666666,4.483333333333333,1.8,4.4,4.5,6.116666666666666,3.95,7.55,36.583333333333336,32.233333333333334,76.36666666666666,0.3623978201634877,0.504950495049505
holly-robinson,HYROX PRO WOMEN,25-29,United Kingdom,Sydney,2026,3.966666666666667,4.866666666666666,3.9166666666666665,2.8,4.083333333333333,4.366666666666666,4.166666666666667,4.433333333333334,4.3,4.95,4.4,2.583333333333333,4.3,5.783333333333333,6.233333333333333,5.433333333333334,6.833333333333333,35.36666666666667,35.21666666666667,77.41666666666667,0.37165775401069523,0.6412213740458016
harriet-ashby,HYROX PRO WOMEN,35-39,New Zealand,Sydney,2026,3.983333333333333,4.516666666666667,4.15,3.083333333333333,4.25,5.25,4.166666666666667,5.483333333333333,4.2,4.816666666666666,4.283333333333333,2.183333333333333,4.316666666666666,4.683333333333334,6.15,4.916666666666667,7.65,35.5,34.93333333333333,78.08333333333334,0.35230352303523044,0.5873015873015872
shannon-hunkin,HYROX PRO WOMEN,35-39,Australia,Sydney,2026,4.716666666666667,4.966666666666667,4.733333333333333,3.083333333333333,4.9,4.6,4.716666666666667,4.833333333333333,4.7,4.833333333333333,4.483333333333333,1.9166666666666667,4.483333333333333,4.233333333333333,6.333333333333333,5.25,7.083333333333333,39.06666666666667,33.71666666666667,79.86666666666667,0.2921052631578947,0.6702898550724637
danica-sgouras,HYROX PRO WOMEN,16-24,Australia,Sydney,2026,4.583333333333333,4.866666666666666,4.783333333333333,3.8333333333333335,4.916666666666667,4.433333333333334,4.866666666666666,5.083333333333333,4.766666666666667,4.85,4.633333333333334,1.9,4.7,3.966666666666667,6.416666666666667,5.55,7.033333333333333,39.666666666666664,34.48333333333333,81.18333333333334,0.2857142857142858,0.8646616541353384
jacqui-conder,HYROX PRO WOMEN,50-54,Australia,Sydney,2026,3.883333333333333,4.983333333333333,3.966666666666667,3.066666666666667,3.983333333333333,6.883333333333334,4.033333333333333,4.483333333333333,4.166666666666667,5.2,4.1,2.583333333333333,4.2,4.916666666666667,6.033333333333333,7.233333333333333,8.4,34.36666666666667,39.35,82.11666666666669,0.3563535911602211,0.44552058111380144
rewa-keegan,HYROX PRO WOMEN,40-44,Australia,Sydney,2026,4.0,4.9,4.266666666666667,3.566666666666667,4.633333333333334,6.033333333333333,4.616666666666666,5.7,4.783333333333333,5.233333333333333,4.566666666666666,2.533333333333333,4.516666666666667,4.816666666666666,6.366666666666666,4.283333333333333,8.483333333333333,37.74999999999999,37.06666666666666,83.3,0.3717277486910994,0.5911602209944752
natalie-coutts,HYROX PRO WOMEN,40-44,Australia,Sydney,2026,4.35,4.816666666666666,4.5,3.2,4.75,5.25,4.8,5.3,5.033333333333333,4.833333333333333,4.816666666666666,2.0166666666666666,4.95,5.566666666666666,7.033333333333333,5.25,7.75,40.23333333333333,36.233333333333334,84.21666666666667,0.38151658767772517,0.6095238095238096
amy-migallo,HYROX PRO WOMEN,16-24,Australia,Sydney,2026,3.733333333333333,4.516666666666667,4.566666666666666,3.55,5.5,5.083333333333333,5.083333333333333,5.15,5.733333333333333,4.916666666666667,5.283333333333333,2.6166666666666667,5.35,4.716666666666667,7.883333333333334,4.833333333333333,8.366666666666667,43.13333333333333,35.38333333333333,86.88333333333333,0.5264270613107822,0.6983606557377049
sophie-hampson,HYROX PRO WOMEN,25-29,Australia,Sydney,2026,3.733333333333333,4.75,4.083333333333333,3.4166666666666665,4.65,5.3,4.633333333333334,5.566666666666666,4.85,5.25,4.85,3.3,5.016666666666667,4.8,7.183333333333334,8.666666666666666,8.55,39.0,41.05,88.6,0.480278422273782,0.6446540880503144
ines-gil,HYROX PRO WOMEN,30-34,Spain,Sydney,2026,5.016666666666667,4.933333333333334,5.166666666666667,4.216666666666667,5.283333333333333,5.25,5.383333333333334,5.8,5.166666666666667,5.066666666666666,5.0,2.45,4.966666666666667,5.666666666666667,7.016666666666667,5.466666666666667,8.766666666666667,43.0,38.85,90.61666666666667,0.2921615201900237,0.8031746031746032
tash-lever,HYROX PRO WOMEN,16-24,Australia,Sydney,2026,4.016666666666667,4.616666666666666,4.733333333333333,3.183333333333333,5.15,4.883333333333334,5.35,5.766666666666667,5.566666666666666,4.766666666666667,5.416666666666667,2.216666666666667,5.633333333333334,8.566666666666666,8.65,5.316666666666666,9.266666666666667,44.516666666666666,39.31666666666666,93.1,0.535645472061657,0.651877133105802
kayla-villarreal,HYROX PRO WOMEN,16-24,Australia,Sydney,2026,3.633333333333333,5.2,4.816666666666666,4.1,5.1,6.766666666666667,5.1,5.9,5.216666666666667,5.066666666666666,5.366666666666666,3.95,5.35,7.45,7.833333333333333,8.416666666666666,8.683333333333334,42.41666666666667,46.85,97.95000000000002,0.5361702127659574,0.605911330049261
karen-sia,HYROX PRO WOMEN,25-29,Malaysia,Sydney,2026,5.2,5.45,5.416666666666667,4.95,5.283333333333333,8.266666666666667,5.05,7.35,5.033333333333333,5.283333333333333,5.2,3.25,5.233333333333333,6.35,6.983333333333333,7.566666666666666,10.416666666666666,43.4,48.46666666666667,102.28333333333333,0.27923627684964203,0.5987903225806451
jasmin-akers,HYROX PRO WOMEN,35-39,Australia,Sydney,2026,4.916666666666667,5.5,5.266666666666667,3.716666666666667,5.65,7.25,5.733333333333333,7.766666666666667,5.983333333333333,5.45,5.533333333333333,2.9833333333333334,5.65,8.1,8.233333333333333,10.55,11.033333333333331,46.96666666666667,51.31666666666666,109.31666666666666,0.4028340080971659,0.5126436781609196
lourdes-fredericks,HYROX PRO WOMEN,16-24,Samoa,Sydney,2026,5.016666666666667,5.133333333333334,6.033333333333333,4.483333333333333,6.633333333333334,6.033333333333333,7.083333333333333,8.483333333333333,7.933333333333334,5.483333333333333,7.45,4.783333333333333,7.2,9.733333333333333,11.6,8.383333333333333,11.45,58.95000000000001,52.516666666666666,122.91666666666667,0.5675287356321839,0.7430939226519337
laura-adriano,HYROX PRO WOMEN,30-34,New Zealand,Sydney,2026,5.95,5.433333333333334,6.566666666666666,6.166666666666667,8.283333333333333,8.133333333333333,8.466666666666667,12.6,9.316666666666666,6.083333333333333,9.033333333333331,4.0,9.616666666666667,10.4,14.15,13.516666666666667,14.283333333333331,71.38333333333333,66.33333333333334,152.0,0.5795053003533568,0.7581967213114755
belle-macfarlane,HYROX PRO WOMEN,30-34,United States,Toronto,2025,3.2666666666666666,4.516666666666667,3.9,2.2333333333333334,4.7,4.3,4.183333333333334,2.5,4.35,4.583333333333333,4.15,1.8166666666666669,4.3,2.55,3.716666666666667,4.033333333333333,4.283333333333333,32.56666666666666,26.53333333333333,63.383333333333326,0.30496453900709225,0.5193798449612403
alex-shabo,HYROX PRO WOMEN,35-39,United States,Toronto,2025,3.75,4.783333333333333,4.4,3.066666666666667,4.616666666666666,4.033333333333333,4.65,3.316666666666667,4.8,4.9,4.583333333333333,1.7,4.666666666666667,4.1,3.933333333333333,4.483333333333333,4.4,35.4,30.383333333333333,70.18333333333334,0.21874999999999997,0.7603305785123967
kaitlyn-joyce,HYROX PRO WOMEN,30-34,Canada,Toronto,2025,4.183333333333334,4.833333333333333,4.666666666666667,3.3666666666666667,4.65,4.566666666666666,4.683333333333334,3.9,4.9,4.766666666666667,4.683333333333334,1.8833333333333333,4.75,4.083333333333333,4.333333333333333,4.5,5.116666666666666,36.85,31.899999999999995,73.86666666666666,0.14625850340136057,0.7372262773722629
jiana-alnajjar,HYROX PRO WOMEN,30-34,Canada,Toronto,2025,3.933333333333333,5.233333333333333,4.3,2.816666666666667,4.65,5.566666666666666,4.833333333333333,3.216666666666667,4.633333333333334,5.116666666666666,4.583333333333333,2.033333333333333,4.566666666666666,3.466666666666667,7.15,4.7,5.133333333333334,38.65,32.150000000000006,75.93333333333334,0.4498834498834499,0.5059880239520959
gabriela-olivier,HYROX PRO WOMEN,30-34,United States,Toronto,2025,3.883333333333333,4.733333333333333,4.65,3.533333333333333,4.916666666666667,4.783333333333333,5.016666666666667,4.5,4.983333333333333,4.866666666666666,5.15,2.783333333333333,5.116666666666666,5.066666666666666,4.55,5.183333333333334,5.433333333333334,38.266666666666666,35.449999999999996,79.15,0.24595469255663444,0.7386759581881533
sam-stoelk,HYROX PRO WOMEN,25-29,United States,Toronto,2025,4.033333333333333,4.916666666666667,4.833333333333333,3.8,4.95,7.05,4.966666666666667,4.75,4.966666666666667,5.016666666666667,4.95,2.65,4.933333333333334,4.383333333333334,4.433333333333334,6.8,5.466666666666667,38.06666666666666,39.36666666666666,82.89999999999999,0.18791946308724836,0.5390070921985816
kristin-booker,HYROX PRO WOMEN,50-54,United States,Toronto,2025,4.266666666666667,4.816666666666666,4.933333333333334,3.95,5.166666666666667,4.9,5.25,4.75,5.416666666666667,5.35,5.316666666666666,1.7333333333333334,5.55,4.616666666666666,4.65,9.6,5.35,40.55,39.71666666666667,85.61666666666665,0.2312312312312312,0.8061224489795918
hayley-manlove,HYROX PRO WOMEN,30-34,Canada,Toronto,2025,4.783333333333333,5.116666666666666,5.333333333333333,3.65,5.45,7.083333333333333,5.6,4.683333333333334,5.566666666666666,5.133333333333334,5.333333333333333,2.25,5.566666666666666,5.116666666666666,4.666666666666667,5.65,6.833333333333333,42.29999999999999,38.68333333333333,87.81666666666666,0.16666666666666657,0.5152941176470588
lauren-lesarge,HYROX PRO WOMEN,35-39,Canada,Toronto,2025,4.0,4.85,4.883333333333334,3.566666666666667,7.366666666666666,8.666666666666666,7.2,4.383333333333334,5.416666666666667,4.966666666666667,5.283333333333333,2.4833333333333334,5.55,4.633333333333334,5.2,5.966666666666667,6.25,44.9,39.516666666666666,90.66666666666669,0.45701357466063347,0.4115384615384616
amy-clement,HYROX PRO WOMEN,40-44,United States,Toronto,2025,4.016666666666667,4.866666666666666,4.95,6.266666666666667,5.333333333333333,5.95,5.3,6.433333333333334,5.566666666666666,5.566666666666666,6.183333333333334,2.9833333333333334,5.583333333333333,5.7,5.183333333333334,6.95,6.083333333333333,42.116666666666674,44.71666666666667,92.91666666666667,0.35040431266846367,1.0532212885154062
anne-marie-gabrini,HYROX PRO WOMEN,40-44,Canada,Toronto,2025,4.816666666666666,5.133333333333334,5.616666666666666,3.816666666666667,5.9,7.066666666666666,5.983333333333333,6.116666666666666,6.25,5.166666666666667,6.25,2.55,6.45,5.683333333333334,5.466666666666667,7.6,5.983333333333333,46.73333333333334,43.13333333333333,95.85000000000001,0.25322997416020676,0.5400943396226415
elizabeth-gorth,HYROX PRO WOMEN,35-39,Canada,Toronto,2025,5.416666666666667,5.4,5.933333333333334,4.166666666666667,5.883333333333334,7.65,5.916666666666667,5.033333333333333,6.016666666666667,5.183333333333334,6.033333333333333,2.9166666666666665,6.033333333333333,5.7,5.116666666666666,7.733333333333333,8.333333333333334,46.35,43.78333333333334,98.46666666666667,0.15193370165745862,0.5446623093681917
jess-boulton,HYROX PRO WOMEN,30-34,Canada,Toronto,2025,4.483333333333333,5.4,5.7,5.266666666666667,6.15,8.766666666666667,6.05,7.15,6.416666666666667,5.583333333333333,6.3,3.8666666666666663,6.45,6.133333333333334,5.6,7.683333333333334,7.45,47.150000000000006,49.85000000000001,104.45000000000002,0.3049095607235142,0.6007604562737642
jeannette-gannaway,HYROX PRO WOMEN,55-59,United States,Toronto,2025,5.033333333333333,5.583333333333333,5.55,7.083333333333333,5.766666666666667,9.2,5.766666666666667,5.65,5.866666666666666,5.616666666666666,5.883333333333334,3.5,6.516666666666667,6.983333333333333,5.933333333333334,10.916666666666666,8.066666666666666,46.31666666666666,54.53333333333333,108.91666666666667,0.22762148337595908,0.769927536231884
parneeta-meadows,HYROX PRO WOMEN,40-44,Guyana,Toronto,2025,5.483333333333333,5.866666666666666,6.383333333333334,6.95,6.916666666666667,9.15,7.166666666666667,6.866666666666666,7.516666666666667,6.15,7.383333333333334,2.9833333333333334,7.55,6.816666666666666,7.033333333333333,10.4,8.816666666666666,55.43333333333333,55.18333333333333,119.43333333333334,0.27373068432671077,0.7595628415300546
gabriela-diaz,HYROX PRO WOMEN,30-34,Venezuela,Toronto,2025,4.8,5.6,6.866666666666666,4.7,6.816666666666666,9.35,7.3,8.916666666666666,8.133333333333333,5.783333333333333,8.35,2.683333333333333,8.466666666666667,7.166666666666667,11.4,9.883333333333333,9.266666666666667,62.13333333333334,54.08333333333332,125.48333333333333,0.5789473684210527,0.5026737967914439
jocelyne-francoeur,HYROX PRO WOMEN,35-39,Canada,Toronto,2025,6.6,5.916666666666667,7.616666666666666,4.483333333333333,7.716666666666667,9.216666666666669,9.433333333333334,8.566666666666666,11.683333333333334,6.316666666666666,9.033333333333331,3.3,9.916666666666666,6.283333333333333,9.883333333333333,14.966666666666669,12.95,71.88333333333333,59.05,143.88333333333333,0.43509272467903,0.4864376130198914
michaela-disseldorp,HYROX PRO WOMEN,25-29,Netherlands,Utrecht,2025,3.4166666666666665,4.566666666666666,3.966666666666667,3.1666666666666665,4.85,4.333333333333333,4.433333333333334,3.9166666666666665,4.383333333333334,4.733333333333333,4.166666666666667,2.0166666666666666,4.45,3.75,3.3833333333333333,4.283333333333333,3.8,33.05,30.766666666666666,67.61666666666666,0.3024054982817869,0.7307692307692308
romy-de-bruijne,HYROX PRO WOMEN,25-29,Netherlands,Utrecht,2025,3.933333333333333,4.566666666666666,4.283333333333333,3.1166666666666667,4.683333333333334,5.15,4.5,4.933333333333334,4.516666666666667,4.5,4.5,1.7166666666666666,4.433333333333334,3.95,3.433333333333333,7.15,4.533333333333333,34.28333333333333,35.08333333333333,73.9,0.2669039145907474,0.605177993527508
madeline-kniest,HYROX PRO WOMEN,35-39,Netherlands,Utrecht,2025,3.8666666666666663,4.633333333333334,4.25,3.75,4.45,5.216666666666667,4.65,5.083333333333333,4.8,4.983333333333333,4.666666666666667,2.25,4.666666666666667,4.3,5.266666666666667,4.95,5.066666666666666,36.616666666666674,35.16666666666667,76.85000000000001,0.26582278481012667,0.7188498402555911
julia-looman,HYROX PRO WOMEN,16-24,Netherlands,Utrecht,2025,4.2,4.5,4.566666666666666,4.533333333333333,4.966666666666667,4.716666666666667,4.816666666666666,5.416666666666667,5.1,4.816666666666666,4.866666666666666,2.15,5.066666666666666,4.583333333333333,6.066666666666666,5.933333333333334,4.45,39.64999999999999,36.65,80.75,0.30769230769230765,0.9611307420494699
manouk-de-rover,HYROX PRO WOMEN,16-24,Netherlands,Utrecht,2025,4.783333333333333,4.6,5.2,2.7333333333333334,6.066666666666666,4.9,9.183333333333334,5.3,6.016666666666667,4.433333333333334,5.7,2.0,5.183333333333334,4.116666666666666,4.45,4.316666666666666,5.216666666666667,46.58333333333334,32.400000000000006,84.2,0.515426497277677,0.5578231292517006
zenna-koopman,HYROX PRO WOMEN,16-24,Netherlands,Utrecht,2025,4.883333333333334,4.933333333333334,5.2,5.216666666666667,5.45,5.133333333333334,5.316666666666666,5.616666666666666,5.333333333333333,4.9,5.233333333333333,2.65,5.25,5.166666666666667,4.1,5.566666666666666,5.366666666666666,40.76666666666667,39.18333333333334,85.31666666666668,0.24770642201834872,1.0162337662337662
rianne-rijntjes,HYROX PRO WOMEN,50-54,Netherlands,Utrecht,2025,4.516666666666667,4.85,4.916666666666667,4.216666666666667,4.983333333333333,4.333333333333333,5.083333333333333,7.183333333333334,5.233333333333333,5.216666666666667,5.25,2.6,5.333333333333333,6.75,4.166666666666667,8.583333333333334,4.9,39.483333333333334,43.733333333333334,88.11666666666667,0.2187499999999999,0.9730769230769232
sasha-pearson,HYROX PRO WOMEN,16-24,United Kingdom,Utrecht,2025,4.366666666666666,4.65,5.266666666666667,4.316666666666666,5.9,5.65,5.633333333333334,6.716666666666667,5.616666666666666,4.816666666666666,5.866666666666666,3.083333333333333,5.65,5.616666666666666,4.816666666666666,7.816666666666666,6.066666666666666,43.11666666666666,42.66666666666667,91.84999999999997,0.2598870056497176,0.7640117994100294
nina-blaauwbroek,HYROX PRO WOMEN,25-29,Netherlands,Utrecht,2025,4.633333333333334,4.783333333333333,5.333333333333333,4.883333333333334,5.8,5.533333333333333,5.85,6.133333333333334,5.933333333333334,4.866666666666666,5.916666666666667,3.433333333333333,5.833333333333333,5.066666666666666,4.783333333333333,8.316666666666666,6.166666666666667,44.083333333333336,43.016666666666666,93.26666666666667,0.21910112359550557,0.8825301204819278
larissa-van-meerten,HYROX PRO WOMEN,30-34,Netherlands,Utrecht,2025,3.75,4.183333333333334,4.216666666666667,7.583333333333333,5.033333333333333,7.283333333333333,5.566666666666666,7.283333333333333,5.916666666666667,4.533333333333333,5.55,3.033333333333333,5.633333333333334,5.633333333333334,4.716666666666667,9.916666666666666,5.966666666666667,40.38333333333334,49.44999999999999,95.80000000000003,0.36619718309859156,1.0411899313501143
laury-dibbes,HYROX PRO WOMEN,16-24,Netherlands,Utrecht,2025,4.65,4.833333333333333,5.216666666666667,9.183333333333334,5.616666666666666,5.666666666666667,5.916666666666667,6.7,6.083333333333333,5.45,6.116666666666666,3.05,6.033333333333333,6.833333333333333,4.65,5.95,5.25,44.28333333333333,47.66666666666667,97.19999999999999,0.23978201634877372,1.6205882352941177
jennifer-van-der-meer,HYROX PRO WOMEN,35-39,Netherlands,Utrecht,2025,5.0,4.35,5.6,5.216666666666667,6.066666666666666,4.733333333333333,6.2,7.883333333333334,6.6,4.633333333333334,6.066666666666666,2.6333333333333333,5.966666666666667,6.8,4.966666666666667,9.616666666666667,6.283333333333333,46.46666666666667,45.86666666666667,98.61666666666667,0.2474747474747474,1.102112676056338
christina-hak,HYROX PRO WOMEN,50-54,Netherlands,Utrecht,2025,5.716666666666667,4.7,5.966666666666667,4.15,6.466666666666667,6.35,6.416666666666667,5.983333333333333,6.833333333333333,5.116666666666666,6.816666666666666,2.5166666666666666,6.816666666666666,6.633333333333334,5.633333333333334,10.9,6.55,50.666666666666664,46.35,103.56666666666666,0.17560975609756088,0.6535433070866142
alicia-monsma,HYROX PRO WOMEN,16-24,Netherlands,Utrecht,2025,5.05,5.1,5.3,6.95,5.733333333333333,8.866666666666667,5.9,5.366666666666666,6.083333333333333,5.616666666666666,6.0,4.716666666666667,6.483333333333333,7.633333333333334,5.316666666666666,9.933333333333334,6.266666666666667,45.86666666666666,54.18333333333334,106.31666666666666,0.22107969151670956,0.7838345864661654
loreen-bolhuis,HYROX PRO WOMEN,16-24,Netherlands,Utrecht,2025,5.45,4.966666666666667,5.7,6.25,6.083333333333333,7.966666666666667,5.95,8.633333333333333,6.566666666666666,5.7,6.066666666666666,3.7,6.5,7.333333333333333,5.233333333333333,8.683333333333334,8.183333333333334,47.55,53.233333333333334,108.96666666666668,0.2030456852791878,0.7845188284518828
renee-van-setten,HYROX PRO WOMEN,30-34,Netherlands,Utrecht,2025,5.066666666666666,5.1,5.5,6.0,5.983333333333333,7.883333333333334,6.15,7.816666666666666,6.366666666666666,5.566666666666666,6.5,4.25,6.65,10.383333333333333,5.616666666666666,10.433333333333334,6.65,47.833333333333336,57.43333333333334,111.91666666666669,0.23809523809523817,0.7610993657505285
charissa-jagt,HYROX PRO WOMEN,40-44,Netherlands,Utrecht,2025,6.25,4.8,6.883333333333334,4.95,7.083333333333333,6.533333333333333,7.55,9.066666666666666,8.933333333333334,5.383333333333334,7.633333333333334,3.6,7.566666666666666,8.766666666666667,6.966666666666667,7.2,9.85,58.866666666666674,50.3,119.01666666666667,0.3003731343283582,0.7576530612244898
vivian-bisschops,HYROX PRO WOMEN,25-29,Netherlands,Utrecht,2025,4.65,5.866666666666666,9.266666666666667,7.433333333333334,7.1,6.95,7.216666666666667,9.733333333333333,7.383333333333334,5.6,9.2,1.75,8.2,6.716666666666667,10.316666666666666,10.716666666666669,10.483333333333333,63.33333333333333,54.76666666666667,128.58333333333331,0.5492730210016155,1.0695443645083933
lotte-krijger,HYROX PRO WOMEN,16-24,Netherlands,Utrecht,2025,5.65,5.233333333333333,6.316666666666666,7.716666666666667,8.116666666666667,14.633333333333333,7.283333333333333,7.666666666666667,7.633333333333334,5.433333333333334,8.266666666666667,6.366666666666666,7.7,11.216666666666669,7.2,22.65,8.75,58.16666666666667,80.91666666666667,147.83333333333334,0.3165322580645162,0.5273348519362187
viktorija-jefimova,HYROX PRO WOMEN,35-39,Lithuania,Wien,2018,3.98333333333333,4.78333333333333,4.6,3.35,4.91666666666667,4.33333333333333,4.9,4.75,4.83333333333333,4.96666666666667,4.83333333333333,2.3,4.86666666666667,4.6,4.78333333333333,7.01666666666667,4.78333333333333,37.716666666666654,36.1,78.59999999999998,0.18983050847457747,0.7730769230769237
anna-donauer,HYROX PRO WOMEN,25-29,Austria,Wien,2018,4.33333333333333,4.38333333333333,5.38333333333333,3.28333333333333,5.48333333333333,4.78333333333333,5.46666666666667,3.03333333333333,5.43333333333333,4.78333333333333,5.45,2.48333333333333,5.5,3.38333333333333,5.2,5.35,5.2,42.25,31.483333333333313,78.93333333333331,0.21212121212121265,0.6864111498257838
brittany-power,HYROX PRO WOMEN,25-29,United States,Wien,2018,4.41666666666667,4.28333333333333,4.96666666666667,3.48333333333333,5.41666666666667,4.56666666666667,5.35,3.63333333333333,5.55,4.73333333333333,5.5,2.66666666666667,5.55,3.56666666666667,5.21666666666667,4.33333333333333,5.8,41.966666666666676,31.26666666666666,79.03333333333333,0.20420420420420365,0.7627737226277359
ina-buchwald,HYROX PRO WOMEN,25-29,Germany,Wien,2018,4.31666666666667,4.61666666666667,5.11666666666667,3.06666666666667,5.51666666666667,5.2,5.41666666666667,4.43333333333333,5.58333333333333,4.56666666666667,5.55,2.6,5.31666666666667,4.18333333333333,5.68333333333333,6.08333333333333,4.56666666666667,42.50000000000001,34.75,81.81666666666669,0.24046920821114268,0.5897435897435903
marlene-wiedorn,HYROX PRO WOMEN,30-34,Austria,Wien,2018,4.45,4.61666666666667,5.21666666666667,3.0,5.25,5.4,5.51666666666667,4.03333333333333,7.33333333333333,5.05,5.51666666666667,3.01666666666667,5.51666666666667,4.55,5.38333333333333,6.03333333333333,5.83333333333333,44.18333333333335,35.699999999999996,85.71666666666667,0.3931818181818179,0.5555555555555555
nina-maschler,HYROX PRO WOMEN,16-24,Austria,Wien,2018,4.53333333333333,4.6,5.26666666666667,3.25,5.68333333333333,6.58333333333333,5.66666666666667,3.88333333333333,5.45,5.0,5.5,2.8,5.5,4.13333333333333,5.71666666666667,6.95,7.05,43.31666666666666,37.19999999999999,87.56666666666665,0.20699708454810611,0.4936708860759496
nina-budija,HYROX PRO WOMEN,25-29,Germany,Wien,2018,4.5,4.71666666666667,5.15,3.66666666666667,5.38333333333333,6.98333333333333,5.38333333333333,3.68333333333333,5.53333333333333,5.16666666666667,5.7,3.46666666666667,5.75,5.16666666666667,5.73333333333333,6.71666666666667,5.56666666666667,43.13333333333332,39.56666666666668,88.26666666666665,0.21739130434782608,0.5250596658711225
janine-heinrichs,HYROX PRO WOMEN,25-29,Germany,Wien,2018,4.31666666666667,5.08333333333333,4.93333333333333,2.78333333333333,5.55,7.28333333333333,5.33333333333333,4.86666666666667,5.43333333333333,5.18333333333333,5.5,4.15,5.51666666666667,4.55,5.63333333333333,7.83333333333333,5.66666666666667,42.21666666666667,41.73333333333331,89.61666666666666,0.23372781065088655,0.3821510297482835
franziska-sottner,HYROX PRO WOMEN,16-24,Austria,Wien,2018,4.5,5.45,5.3,3.68333333333333,6.13333333333333,5.88333333333333,5.86666666666667,4.33333333333333,6.03333333333333,4.81666666666667,5.68333333333333,3.91666666666667,5.75,4.86666666666667,5.53333333333333,7.41666666666667,6.03333333333333,44.79999999999999,40.36666666666667,91.20000000000002,0.2663043478260866,0.6260623229461754
isabella-neubauer,HYROX PRO WOMEN,25-29,Austria,Wien,2018,4.51666666666667,4.86666666666667,5.36666666666667,3.85,5.93333333333333,8.8,5.9,5.3,4.05,5.1,6.06666666666667,4.5,7.65,6.61666666666667,5.5,7.06666666666667,5.73333333333333,44.98333333333334,46.10000000000001,96.81666666666668,0.4705882352941177,0.4375
alice-donaubauer,HYROX PRO WOMEN,16-24,Germany,Wien,2018,5.58333333333333,5.11666666666667,5.8,3.43333333333333,6.16666666666667,8.23333333333333,6.41666666666667,3.53333333333333,6.36666666666667,5.3,6.51666666666667,4.91666666666667,6.71666666666667,4.36666666666667,7.1,8.2,5.75,50.66666666666668,43.099999999999994,99.51666666666668,0.2136150234741788,0.41700404858299567
anne-musaeus,HYROX PRO WOMEN,35-39,Denmark,Wien,2018,5.48333333333333,4.91666666666667,6.33333333333333,3.08333333333333,6.5,6.76666666666667,6.2,5.81666666666667,6.36666666666667,5.23333333333333,6.35,4.53333333333333,6.41666666666667,6.06666666666667,6.3,7.61666666666667,8.71666666666667,49.949999999999996,44.03333333333334,102.70000000000002,0.15641025641025694,0.45566502463054115
viktorija-jefimova,HYROX PRO WOMEN,35-39,Lithuania,Wien,2019,3.65,4.76666666666667,4.36666666666667,4.21666666666667,4.66666666666667,5.43333333333333,4.68333333333333,4.11666666666667,4.76666666666667,4.8,4.65,1.7,4.85,3.9,5.4,6.33333333333333,2.98333333333333,37.03333333333334,35.26666666666667,75.28333333333335,0.3240740740740741,0.776073619631903
judit-stroj,HYROX PRO WOMEN,25-29,Austria,Wien,2019,3.65,4.61666666666667,4.45,2.66666666666667,4.88333333333333,7.16666666666667,5.06666666666667,3.95,4.91666666666667,4.41666666666667,4.65,2.01666666666667,5.06666666666667,5.5,6.03333333333333,4.95,3.5,38.71666666666667,35.283333333333346,77.50000000000003,0.3950276243093919,0.3720930232558143
olivia-theresa-skolik,HYROX PRO WOMEN,25-29,Germany,Wien,2019,3.71666666666667,4.71666666666667,5.15,4.4,5.5,7.13333333333333,5.6,4.95,5.48333333333333,5.3,5.33333333333333,2.4,5.4,4.23333333333333,6.58333333333333,6.63333333333333,4.1,42.76666666666666,39.76666666666666,86.63333333333333,0.4354430379746828,0.6168224299065423
marlene-wiedorn,HYROX PRO WOMEN,30-34,Austria,Wien,2019,4.0,4.55,5.03333333333333,3.83333333333333,5.43333333333333,9.46666666666667,5.48333333333333,4.61666666666667,5.5,4.66666666666667,5.58333333333333,2.18333333333333,5.68333333333333,4.18333333333333,6.28333333333333,5.45,5.63333333333333,42.99999999999998,38.95,87.5833333333333,0.3633952254641906,0.4049295774647882
carina-wittmann,HYROX PRO WOMEN,16-24,Austria,Wien,2019,3.68333333333333,4.55,4.95,4.05,5.8,8.56666666666667,5.76666666666667,3.73333333333333,5.91666666666667,4.96666666666667,5.8,3.13333333333333,6.06666666666667,4.11666666666667,6.9,5.88333333333333,4.15,44.88333333333333,39.00000000000001,88.03333333333333,0.46618357487922757,0.4727626459143967
alexandra-hochegger,HYROX PRO WOMEN,25-29,Austria,Wien,2019,4.35,4.6,5.33333333333333,3.9,5.65,7.2,5.81666666666667,4.38333333333333,6.01666666666667,4.68333333333333,5.81666666666667,2.9,5.9,4.46666666666667,6.98333333333333,5.83333333333333,5.13333333333333,45.86666666666666,37.966666666666654,88.96666666666665,0.37708830548925987,0.5416666666666666
ildiko-szakali,HYROX PRO WOMEN,25-29,Germany,Wien,2019,3.95,4.98333333333333,5.1,4.36666666666667,5.78333333333333,7.53333333333333,6.03333333333333,3.75,6.01666666666667,5.21666666666667,5.78333333333333,3.11666666666667,5.93333333333333,4.41666666666667,6.75,5.5,4.76666666666667,45.34999999999999,38.88333333333334,89.0,0.4148148148148148,0.5796460176991157
christiane-marinic,HYROX PRO WOMEN,30-34,Austria,Wien,2019,3.91666666666667,4.38333333333333,5.4,3.9,7.06666666666667,9.11666666666667,6.46666666666667,2.88333333333333,6.35,4.93333333333333,5.65,1.91666666666667,5.76666666666667,3.36666666666667,7.35,5.2,6.11666666666667,47.96666666666668,35.7,89.78333333333336,0.46712018140589523,0.4277879341864715
nadine-wolff,HYROX PRO WOMEN,35-39,Germany,Wien,2019,4.1,4.66666666666667,4.96666666666667,3.21666666666667,5.36666666666667,7.46666666666667,5.26666666666667,5.16666666666667,5.88333333333333,5.1,5.2,2.6,5.35,4.4,6.63333333333333,6.26666666666667,8.16666666666667,42.76666666666667,38.883333333333354,89.81666666666669,0.38190954773869323,0.4308035714285717
miriam-jonas,HYROX PRO WOMEN,30-34,Austria,Wien,2019,4.45,4.81666666666667,5.18333333333333,3.25,5.63333333333333,7.21666666666667,5.71666666666667,5.75,5.73333333333333,4.9,5.75,2.96666666666667,5.75,4.5,6.73333333333333,8.3,5.65,44.94999999999998,41.7,92.3,0.33910891089108874,0.4503464203233254
karin-steininger,HYROX PRO WOMEN,40-44,Austria,Wien,2019,4.41666666666667,4.86666666666667,5.48333333333333,3.81666666666667,5.86666666666667,8.4,5.78333333333333,5.01666666666667,6.33333333333333,5.28333333333333,6.06666666666667,2.58333333333333,5.98333333333333,5.35,6.91666666666667,5.31666666666667,6.66666666666667,46.849999999999994,40.63333333333334,94.14999999999999,0.36144578313252995,0.45436507936507975
sara-kaczmarek,HYROX PRO WOMEN,30-34,Poland,Wien,2019,3.78333333333333,5.11666666666667,4.63333333333333,6.33333333333333,5.08333333333333,10.6,4.91666666666667,4.8,5.08333333333333,5.85,5.05,2.41666666666667,5.3,5.55,6.33333333333333,8.53333333333333,5.38333333333333,40.18333333333332,49.199999999999996,94.76666666666664,0.4026315789473687,0.5974842767295595
stefanie-habeler,HYROX PRO WOMEN,35-39,Austria,Wien,2019,3.9,4.96666666666667,4.75,5.31666666666667,5.55,8.18333333333333,5.33333333333333,4.11666666666667,5.36666666666667,5.15,5.3,1.93333333333333,5.26666666666667,4.05,9.46666666666667,10.95,0.5,44.933333333333344,44.66666666666667,90.10000000000002,0.5880281690140846,0.6496945010183306
anke-stolz,HYROX PRO WOMEN,40-44,Germany,Wien,2019,4.4,5.58333333333333,5.33333333333333,5.58333333333333,5.6,9.65,5.43333333333333,4.55,5.58333333333333,5.36666666666667,5.5,2.66666666666667,5.86666666666667,5.25,7.31666666666667,5.73333333333333,7.98333333333333,45.033333333333324,44.38333333333333,97.39999999999999,0.3986332574031893,0.5785837651122622
julija-joven,HYROX PRO WOMEN,30-34,Austria,Wien,2019,4.01666666666667,5.6,5.06666666666667,4.05,5.75,11.6,5.8,4.63333333333333,5.78333333333333,5.98333333333333,6.01666666666667,3.2,5.73333333333333,5.21666666666667,6.63333333333333,9.18333333333333,6.13333333333333,44.800000000000004,49.46666666666666,100.39999999999998,0.39447236180904444,0.34913793103448276
buesra-ernhofer,HYROX PRO WOMEN,16-24,Austria,Wien,2019,3.98333333333333,5.23333333333333,5.66666666666667,5.05,6.65,8.96666666666667,6.16666666666667,3.91666666666667,5.86666666666667,5.83333333333333,5.88333333333333,2.7,5.83333333333333,4.7,6.71666666666667,10.25,7.21666666666667,46.766666666666666,46.65,100.63333333333334,0.4069478908188594,0.5631970260223046
beatrice-denk,HYROX PRO WOMEN,35-39,Austria,Wien,2019,4.1,5.51666666666667,5.23333333333333,7.51666666666667,5.51666666666667,12.5666666666667,5.6,4.61666666666667,5.8,5.5,5.53333333333333,2.61666666666667,5.71666666666667,5.05,6.71666666666667,8.05,8.36666666666667,44.21666666666666,51.43333333333338,104.01666666666672,0.38957816377171256,0.5981432360742692
mirjam-jessen,HYROX PRO WOMEN,30-34,Germany,Wien,2019,4.55,5.48333333333333,5.53333333333333,6.68333333333333,5.68333333333333,16.1166666666667,5.83333333333333,6.65,5.93333333333333,5.7,6.03333333333333,4.08333333333333,6.16666666666667,7.56666666666667,6.95,8.7,6.55,46.68333333333332,60.98333333333336,114.2166666666667,0.34532374100719426,0.4146845915201644
anita-ampferer,HYROX PRO WOMEN,60-64,Austria,Wien,2019,4.53333333333333,5.53333333333333,5.98333333333333,6.21666666666667,6.66666666666667,1.81666666666667,7.06666666666667,8.03333333333333,7.35,6.15,7.23333333333333,2.7,7.16666666666667,6.6,8.96666666666667,11.2666666666667,7.51666666666667,54.96666666666667,48.3166666666667,110.80000000000003,0.49442379182156193,3.422018348623849
marlen-wurfer,HYROX PRO WOMEN,25-29,Germany,Wien,2019,4.66666666666667,5.61666666666667,7.28333333333333,6.05,7.21666666666667,1.7,6.35,6.73333333333333,6.46666666666667,5.88333333333333,6.56666666666667,4.21666666666667,6.96666666666667,1.76666666666667,9.21666666666667,14.15,7.18333333333333,54.73333333333335,46.11666666666667,108.03333333333336,0.4936708860759492,3.5588235294117645
michelle-breining,HYROX PRO WOMEN,16-24,Germany,Wien,2019,4.73333333333333,5.31666666666667,6.53333333333333,7.18333333333333,7.65,11.6166666666667,7.45,11.0166666666667,7.68333333333333,5.4,7.63333333333333,2.9,8.03333333333333,1.9,9.21666666666667,13.9,5.93333333333333,58.933333333333316,59.23333333333339,124.10000000000005,0.4864376130198921,0.6183644189383051
carolina-silva,HYROX PRO WOMEN,30-34,Portugal,Wien,2022,3.85,4.65,4.36666666666667,4.8,4.75,4.41666666666667,4.68333333333333,3.61666666666667,4.7,4.9,4.7,2.93333333333333,4.75,3.8,5.05,4.88333333333333,3.05,36.849999999999994,34.0,73.89999999999998,0.23762376237623759,1.086792452830188
nicki-johnson,HYROX PRO WOMEN,40-44,United Kingdom,Wien,2022,3.85,4.63333333333333,4.35,3.75,4.61666666666667,4.93333333333333,4.6,3.83333333333333,4.55,4.75,4.53333333333333,1.95,4.58333333333333,4.55,4.95,7.36666666666667,4.03333333333333,36.03333333333333,35.76666666666666,75.83333333333333,0.22222222222222224,0.7601351351351356
michaela-hirzberger,HYROX PRO WOMEN,25-29,Austria,Wien,2022,4.15,4.66666666666667,4.68333333333333,4.21666666666667,5.21666666666667,4.91666666666667,5.26666666666667,2.55,5.43333333333333,4.95,5.18333333333333,2.16666666666667,5.35,3.7,5.75,4.48333333333333,4.31666666666667,41.03333333333333,31.65000000000001,77.00000000000003,0.27826086956521734,0.857627118644068
corinna-choun,HYROX PRO WOMEN,30-34,Austria,Wien,2022,3.9,4.71666666666667,4.51666666666667,5.75,4.71666666666667,5.6,4.68333333333333,5.13333333333333,4.71666666666667,4.9,4.61666666666667,3.06666666666667,4.66666666666667,4.58333333333333,4.95,6.4,3.71666666666667,36.76666666666668,40.15,80.63333333333335,0.21212121212121215,1.0267857142857144
natascha-reiter,HYROX PRO WOMEN,30-34,Austria,Wien,2022,4.05,4.51666666666667,4.68333333333333,4.96666666666667,5.03333333333333,4.66666666666667,5.26666666666667,4.48333333333333,5.18333333333333,4.93333333333333,5.18333333333333,3.23333333333333,5.38333333333333,4.8,5.6,5.35,4.46666666666667,40.383333333333326,36.95,81.79999999999998,0.27678571428571425,1.0642857142857145
viktorija-jefimova,HYROX PRO WOMEN,40-44,Cyprus,Wien,2022,4.03333333333333,4.71666666666667,4.51666666666667,6.15,4.78333333333333,4.91666666666667,4.95,4.91666666666667,4.93333333333333,5.16666666666667,4.98333333333333,2.16666666666667,5.0,5.15,5.8,6.28333333333333,4.58333333333333,38.999999999999986,39.46666666666668,83.05,0.3045977011494259,1.250847457627118
angelique-chetaneau,HYROX PRO WOMEN,35-39,Germany,Wien,2022,4.26666666666667,4.73333333333333,4.81666666666667,5.13333333333333,5.16666666666667,5.9,5.23333333333333,3.88333333333333,5.1,5.08333333333333,4.96666666666667,2.25,5.08333333333333,5.06666666666667,5.6,7.21666666666667,3.93333333333333,40.233333333333334,39.26666666666666,83.43333333333334,0.23809523809523742,0.8700564971751407
anouk-garnier,HYROX PRO WOMEN,30-34,France,Wien,2022,4.43333333333333,4.71666666666667,4.91666666666667,4.78333333333333,5.33333333333333,6.4,5.38333333333333,4.71666666666667,5.41666666666667,4.93333333333333,5.5,2.88333333333333,5.58333333333333,3.68333333333333,6.0,6.0,4.71666666666667,42.566666666666656,38.11666666666666,85.39999999999998,0.2611111111111117,0.7473958333333327
sandra-chetaneau,HYROX PRO WOMEN,40-44,France,Wien,2022,4.26666666666667,5.05,4.65,6.26666666666667,4.83333333333333,5.25,5.03333333333333,4.43333333333333,5.06666666666667,4.98333333333333,4.98333333333333,2.81666666666667,5.01666666666667,5.56666666666667,5.51666666666667,8.46666666666667,4.48333333333333,39.366666666666674,42.83333333333334,86.68333333333335,0.2265861027190331,1.1936507936507943
mimoushka-kion,HYROX PRO WOMEN,50-54,Italy,Wien,2022,4.96666666666667,5.31666666666667,5.3,4.63333333333333,5.5,5.98333333333333,5.56666666666667,4.15,5.55,5.3,5.6,2.76666666666667,5.71666666666667,4.96666666666667,6.0,5.9,4.36666666666667,44.20000000000001,39.016666666666666,87.58333333333336,0.1722222222222216,0.7743732590529248
karin-steininger,HYROX PRO WOMEN,40-44,Austria,Wien,2022,5.2,4.76666666666667,5.76666666666667,5.0,5.96666666666667,6.03333333333333,6.0,4.6,6.08333333333333,5.45,5.98333333333333,3.03333333333333,6.01666666666667,5.41666666666667,6.68333333333333,4.56666666666667,7.33333333333333,47.7,38.86666666666667,93.90000000000002,0.22194513715710681,0.8287292817679563
sara-dias,HYROX PRO WOMEN,35-39,Portugal,Wien,2022,4.9,4.8,5.35,7.96666666666667,5.73333333333333,6.41666666666667,5.7,4.86666666666667,6.03333333333333,5.16666666666667,5.7,3.4,5.9,6.11666666666667,6.6,7.03333333333333,4.75,45.916666666666664,45.76666666666667,96.43333333333335,0.25757575757575746,1.2415584415584415
nathalie-duerbeck,HYROX PRO WOMEN,25-29,Germany,Wien,2022,4.73333333333333,4.76666666666667,5.4,4.93333333333333,5.98333333333333,6.61666666666667,5.98333333333333,5.46666666666667,6.13333333333333,5.16666666666667,5.95,3.25,6.01666666666667,4.78333333333333,7.43333333333333,8.8,7.11666666666667,47.633333333333326,43.783333333333346,98.53333333333335,0.36322869955156967,0.7455919395465986
karolina-boeroeczki,HYROX PRO WOMEN,45-49,Austria,Wien,2022,5.28333333333333,4.85,5.91666666666667,4.83333333333333,6.36666666666667,7.65,6.41666666666667,5.9,6.45,5.41666666666667,6.71666666666667,2.76666666666667,6.86666666666667,4.76666666666667,7.81666666666667,6.6,6.0,51.83333333333335,42.78333333333334,100.61666666666669,0.3240938166311308,0.631808278867102
lena-winkler,HYROX PRO WOMEN,25-29,Austria,Wien,2022,5.15,4.93333333333333,5.68333333333333,9.48333333333333,6.16666666666667,7.71666666666667,6.43333333333333,5.8,6.16666666666667,5.0,6.2,3.31666666666667,6.46666666666667,5.43333333333333,7.13333333333333,6.41666666666667,5.86666666666667,49.400000000000006,48.10000000000001,103.36666666666669,0.2780373831775697,1.228941684665226
morgan-schulz,HYROX PRO WOMEN,16-24,United States,York,2019,3.4,4.38333333333333,3.91666666666667,5.11666666666667,4.35,6.46666666666667,4.58333333333333,5.13333333333333,4.51666666666667,4.68333333333333,4.45,2.28333333333333,4.36666666666667,3.76666666666667,4.56666666666667,5.63333333333333,3.41666666666667,34.150000000000006,37.46666666666666,75.03333333333333,0.25818181818181773,0.7912371134020619
cali-schweikhart,HYROX PRO WOMEN,16-24,United States,York,2019,3.6,4.46666666666667,4.15,7.06666666666667,4.48333333333333,7.1,4.56666666666667,5.68333333333333,4.68333333333333,4.63333333333333,4.43333333333333,2.18333333333333,4.55,4.41666666666667,4.5,4.5,3.35,34.96666666666666,40.05,78.36666666666666,0.23131672597864714,0.9953051643192493
rachel-mariotti,HYROX PRO WOMEN,30-34,United States,York,2019,3.98333333333333,4.38333333333333,4.65,5.0,4.86666666666667,7.61666666666667,4.61666666666667,3.98333333333333,4.7,4.76666666666667,4.76666666666667,2.55,4.81666666666667,3.93333333333333,5.13333333333333,5.13333333333333,6.38333333333333,37.53333333333334,37.36666666666667,81.28333333333333,0.22402597402597424,0.6564551422319472
kelly-sullivan,HYROX PRO WOMEN,30-34,United States,York,2019,3.65,4.76666666666667,4.38333333333333,6.31666666666667,4.75,9.68333333333333,4.53333333333333,3.73333333333333,4.78333333333333,4.76666666666667,4.68333333333333,2.51666666666667,4.75,5.7,5.11666666666667,4.83333333333333,3.31666666666667,36.649999999999984,42.31666666666667,82.28333333333333,0.2866449511400656,0.6523235800344239
stacey-marino,HYROX PRO WOMEN,30-34,United States,York,2019,3.78333333333333,4.46666666666667,4.95,4.11666666666667,5.65,6.58333333333333,5.65,4.68333333333333,5.28333333333333,4.71666666666667,5.18333333333333,3.13333333333333,5.35,4.63333333333333,5.58333333333333,4.33333333333333,4.51666666666667,41.43333333333332,36.66666666666666,82.61666666666663,0.3303834808259593,0.6253164556962033
luiza-faria,HYROX PRO WOMEN,30-34,United States,York,2019,4.16666666666667,4.43333333333333,4.91666666666667,5.03333333333333,5.4,8.35,5.4,2.78333333333333,5.85,4.86666666666667,5.3,2.56666666666667,5.65,3.38333333333333,5.86666666666667,3.63333333333333,5.7,42.55000000000001,35.04999999999999,83.3,0.2897727272727271,0.6027944111776443
nichola-o-ceallaigh,HYROX PRO WOMEN,25-29,Ireland,York,2019,3.88333333333333,4.73333333333333,4.38333333333333,6.26666666666667,4.83333333333333,12.5666666666667,4.76666666666667,3.83333333333333,4.68333333333333,4.85,4.73333333333333,2.6,4.75,3.46666666666667,4.88333333333333,4.33333333333333,4.01666666666667,36.91666666666665,42.65000000000003,83.58333333333333,0.20477815699658716,0.4986737400530493
mia-edgar,HYROX PRO WOMEN,25-29,United States,York,2019,3.9,4.5,4.6,4.36666666666667,5.26666666666667,8.33333333333333,5.56666666666667,3.85,5.36666666666667,4.68333333333333,5.6,3.78333333333333,5.71666666666667,4.15,6.01666666666667,4.61666666666667,4.33333333333333,42.03333333333335,38.28333333333333,84.65000000000002,0.3518005540166209,0.5240000000000006
josephine-kelly,HYROX PRO WOMEN,16-24,United States,York,2019,4.11666666666667,4.46666666666667,4.98333333333333,4.33333333333333,5.5,8.61666666666667,5.45,4.03333333333333,5.58333333333333,5.08333333333333,5.26666666666667,2.53333333333333,5.66666666666667,3.9,5.75,4.81666666666667,5.03333333333333,42.31666666666667,37.78333333333333,85.13333333333333,0.2840579710144922,0.5029013539651832
dori-kershner,HYROX PRO WOMEN,40-44,United States,York,2019,4.75,4.81666666666667,5.25,3.53333333333333,5.28333333333333,7.68333333333333,5.61666666666667,4.08333333333333,5.66666666666667,5.18333333333333,5.65,2.55,5.6,4.45,6.0,5.88333333333333,5.46666666666667,43.81666666666667,38.18333333333332,87.46666666666665,0.20833333333333334,0.459869848156182
irena-michalcik,HYROX PRO WOMEN,35-39,United States,York,2019,3.88333333333333,4.71666666666667,4.71666666666667,5.88333333333333,5.15,7.65,5.21666666666667,4.65,5.33333333333333,5.18333333333333,5.18333333333333,3.06666666666667,5.4,5.73333333333333,5.76666666666667,5.38333333333333,4.91666666666667,40.650000000000006,42.26666666666666,87.83333333333334,0.3265895953757235,0.7690631808278863
casey-sands,HYROX PRO WOMEN,16-24,United States,York,2019,3.68333333333333,4.58333333333333,4.25,8.46666666666667,4.8,13.9833333333333,4.73333333333333,3.81666666666667,4.83333333333333,5.0,5.03333333333333,3.2,5.16666666666667,4.45,5.43333333333333,5.6,3.93333333333333,37.93333333333332,49.09999999999998,90.96666666666664,0.32208588957055234,0.6054827175208598
cady-hart-petterssen,HYROX PRO WOMEN,35-39,United States,York,2019,4.48333333333333,4.45,5.5,5.03333333333333,5.93333333333333,9.86666666666667,6.36666666666667,4.36666666666667,6.46666666666667,4.83333333333333,6.56666666666667,3.06666666666667,6.66666666666667,4.91666666666667,6.93333333333333,5.75,4.96666666666667,48.91666666666667,42.283333333333346,96.1666666666667,0.3533653846153848,0.5101351351351345
rachel-casasanta,HYROX PRO WOMEN,30-34,United States,York,2019,4.48333333333333,5.13333333333333,4.85,8.76666666666667,5.11666666666667,8.9,5.18333333333333,5.83333333333333,5.2,5.65,5.2,2.93333333333333,5.3,7.06666666666667,5.76666666666667,8.11666666666667,3.9,41.1,52.39999999999999,97.4,0.22254335260115715,0.9850187265917606
dixie-bonner,HYROX PRO WOMEN,25-29,United States,York,2019,3.91666666666667,4.85,4.8,9.45,4.83333333333333,12.25,4.98333333333333,4.95,5.2,5.08333333333333,5.2,3.93333333333333,5.38333333333333,5.35,5.65,8.13333333333333,4.31666666666667,39.96666666666666,53.999999999999986,98.2833333333333,0.3067846607669611,0.7714285714285714
yeniz-parton,HYROX PRO WOMEN,35-39,United States,York,2019,3.7,4.63333333333333,4.46666666666667,11.5833333333333,4.85,2.16666666666667,4.48333333333333,3.76666666666667,4.56666666666667,5.43333333333333,4.53333333333333,2.21666666666667,4.71666666666667,4.16666666666667,4.98333333333333,5.43333333333333,4.41666666666667,36.3,39.39999999999997,80.11666666666666,0.2575250836120396,5.346153846153823
ashley-johnson,HYROX PRO WOMEN,30-34,United States,York,2019,4.58333333333333,5.68333333333333,6.03333333333333,5.13333333333333,6.7,11.6,6.16666666666667,5.55,6.08333333333333,5.86666666666667,6.16666666666667,3.36666666666667,6.01666666666667,6.06666666666667,6.41666666666667,7.41666666666667,6.33333333333333,48.16666666666667,50.68333333333334,105.18333333333334,0.3159203980099507,0.44252873563218365
angela-gargano,HYROX PRO WOMEN,25-29,United States,York,2019,5.13333333333333,5.13333333333333,6.11666666666667,6.33333333333333,6.58333333333333,12.75,6.35,4.05,6.33333333333333,5.96666666666667,6.35,3.93333333333333,6.61666666666667,5.5,6.78333333333333,7.9,6.6,50.26666666666666,51.56666666666666,108.43333333333331,0.24324324324324328,0.49673202614379064
alandra-greenlee,HYROX PRO WOMEN,30-34,United States,York,2021,3.58333333333333,4.16666666666667,4.08333333333333,2.6,4.35,4.28333333333333,4.4,3.7,4.45,4.41666666666667,4.36666666666667,1.98333333333333,4.38333333333333,3.73333333333333,4.51666666666667,4.6,4.05,34.13333333333333,29.483333333333334,67.66666666666667,0.20664206642066557,0.6070038910505842
caroline-schweikhart,HYROX PRO WOMEN,25-29,United States,York,2021,3.55,4.3,4.13333333333333,3.98333333333333,4.36666666666667,5.1,4.45,4.6,4.55,4.66666666666667,4.5,1.86666666666667,4.66666666666667,4.45,4.68333333333333,4.75,3.93333333333333,34.9,33.71666666666667,72.55000000000001,0.24199288256227708,0.7810457516339863
lotte-black,HYROX PRO WOMEN,16-24,United States,York,2021,3.58333333333333,4.43333333333333,4.13333333333333,6.53333333333333,4.7,5.7,4.38333333333333,3.11666666666667,4.53333333333333,4.56666666666667,4.31666666666667,2.51666666666667,4.23333333333333,3.51666666666667,4.36666666666667,4.36666666666667,4.2,34.24999999999999,34.75000000000001,73.20000000000002,0.23758865248227026,1.146198830409356
hollie-hughes,HYROX PRO WOMEN,35-39,United States,York,2021,3.55,4.55,4.2,4.76666666666667,4.43333333333333,5.06666666666667,4.5,3.91666666666667,4.56666666666667,4.7,4.45,2.2,4.46666666666667,4.15,4.7,4.55,5.33333333333333,34.866666666666674,33.900000000000006,74.10000000000002,0.24468085106382986,0.9407894736842106
lauren-cullen,HYROX PRO WOMEN,40-44,United States,York,2021,3.71666666666667,4.26666666666667,4.38333333333333,5.31666666666667,4.6,5.38333333333333,4.63333333333333,3.4,4.76666666666667,4.66666666666667,4.6,2.21666666666667,4.76666666666667,3.73333333333333,4.71666666666667,4.61666666666667,4.75,36.18333333333334,33.60000000000001,74.53333333333336,0.22027972027972018,0.9876160990712086
lauren-rantala,HYROX PRO WOMEN,30-34,United States,York,2021,3.71666666666667,4.43333333333333,4.4,4.96666666666667,4.83333333333333,5.16666666666667,4.75,4.21666666666667,4.76666666666667,4.66666666666667,4.81666666666667,1.98333333333333,4.95,4.11666666666667,5.11666666666667,4.05,4.16666666666667,37.35000000000001,33.60000000000001,75.11666666666669,0.2736156351791529,0.9612903225806453
makena-smith,HYROX PRO WOMEN,16-24,United States,York,2021,3.56666666666667,4.53333333333333,4.33333333333333,5.55,5.1,5.0,5.31666666666667,3.7,5.6,5.0,5.2,2.7,5.38333333333333,3.91666666666667,5.51666666666667,4.13333333333333,5.46666666666667,40.01666666666667,34.53333333333333,80.01666666666667,0.36309523809523747,1.1099999999999999
kelly-williams,HYROX PRO WOMEN,40-44,United States,York,2021,3.83333333333333,4.6,4.46666666666667,5.51666666666667,5.06666666666667,5.96666666666667,5.15,2.75,5.13333333333333,5.06666666666667,5.03333333333333,2.61666666666667,5.16666666666667,4.4,5.43333333333333,5.28333333333333,4.65,39.28333333333333,36.20000000000002,80.13333333333335,0.29447852760736215,0.9245810055865922
josephine-kelly,HYROX PRO WOMEN,25-29,United States,York,2021,3.61666666666667,4.38333333333333,4.41666666666667,6.85,4.83333333333333,6.18333333333333,4.76666666666667,4.23333333333333,5.01666666666667,4.85,5.1,2.28333333333333,5.08333333333333,3.91666666666667,5.4,4.65,5.06666666666667,38.233333333333334,37.349999999999994,80.65,0.3302469135802464,1.107816711590297
laura-zimmerman,HYROX PRO WOMEN,30-34,United States,York,2021,3.9,4.76666666666667,4.45,6.7,5.33333333333333,7.3,4.83333333333333,3.3,4.93333333333333,5.18333333333333,4.81666666666667,2.45,4.98333333333333,4.66666666666667,5.15,4.5,4.3,38.399999999999984,38.86666666666667,81.56666666666665,0.2687499999999996,0.9178082191780822
jillian-heller,HYROX PRO WOMEN,35-39,United States,York,2021,3.73333333333333,4.45,4.5,5.63333333333333,4.63333333333333,6.8,4.6,4.01666666666667,4.76666666666667,4.66666666666667,4.78333333333333,2.88333333333333,5.01666666666667,5.16666666666667,6.13333333333333,5.05,4.86666666666667,38.166666666666664,38.666666666666664,81.70000000000002,0.3913043478260872,0.8284313725490192
alexa-trentalange,HYROX PRO WOMEN,25-29,United States,York,2021,3.9,4.26666666666667,4.9,5.3,5.33333333333333,6.73333333333333,5.25,4.01666666666667,5.46666666666667,4.56666666666667,5.51666666666667,2.16666666666667,5.63333333333333,4.43333333333333,5.8,5.0,4.75,41.8,36.48333333333334,83.03333333333333,0.3275862068965517,0.7871287128712875
erica-sturges,HYROX PRO WOMEN,45-49,United States,York,2021,4.46666666666667,4.75,4.85,4.91666666666667,5.23333333333333,6.2,5.46666666666667,4.95,5.58333333333333,4.86666666666667,5.4,1.9,5.43333333333333,4.16666666666667,5.66666666666667,4.71666666666667,4.55,42.1,36.466666666666676,83.11666666666669,0.21176470588235272,0.7930107526881724
kelly-sullivan,HYROX PRO WOMEN,30-34,United States,York,2021,3.73333333333333,4.83333333333333,4.36666666666667,5.95,5.06666666666667,5.91666666666667,5.25,3.66666666666667,5.11666666666667,4.98333333333333,5.08333333333333,2.7,5.26666666666667,5.45,5.78333333333333,5.6,4.95,39.66666666666668,39.10000000000001,83.71666666666668,0.3544668587896255,1.005633802816901
mckenzie-daulton,HYROX PRO WOMEN,25-29,United States,York,2021,3.66666666666667,4.36666666666667,4.51666666666667,5.36666666666667,3.75,6.2,4.9,3.35,5.26666666666667,4.75,5.25,2.61666666666667,5.31666666666667,4.48333333333333,5.5,4.71666666666667,4.96666666666667,38.166666666666686,35.850000000000016,78.98333333333336,0.3333333333333327,0.8655913978494628
lisa-wawrzynowski,HYROX PRO WOMEN,25-29,United States,York,2021,3.93333333333333,4.8,4.61666666666667,6.15,5.28333333333333,6.53333333333333,5.18333333333333,4.95,5.4,5.0,5.15,2.61666666666667,5.25,4.33333333333333,5.4,5.65,5.93333333333333,40.216666666666654,40.033333333333324,86.18333333333331,0.2716049382716056,0.9413265306122455
anna-stylianaki,HYROX PRO WOMEN,40-44,United States,York,2021,4.13333333333333,4.55,4.68333333333333,8.38333333333333,4.98333333333333,7.31666666666667,5.0,5.45,5.25,4.73333333333333,5.08333333333333,2.03333333333333,5.16666666666667,4.45,5.26666666666667,4.68333333333333,5.28333333333333,39.56666666666666,41.599999999999994,86.44999999999999,0.21518987341772264,1.1457858769931653
marisa-tartaglia,HYROX PRO WOMEN,30-34,United States,York,2021,3.98333333333333,4.4,5.33333333333333,6.43333333333333,5.46666666666667,6.0,5.48333333333333,4.35,5.75,4.7,5.83333333333333,2.6,5.8,4.46666666666667,6.13333333333333,5.45,4.83333333333333,43.78333333333332,38.400000000000006,87.01666666666664,0.3505434782608698,1.0722222222222217
erica-welty,HYROX PRO WOMEN,25-29,United States,York,2021,3.95,4.31666666666667,4.96666666666667,6.13333333333333,5.43333333333333,6.95,5.68333333333333,4.23333333333333,6.23333333333333,5.25,6.11666666666667,2.65,6.0,5.05,6.68333333333333,5.23333333333333,5.71666666666667,45.06666666666666,39.816666666666656,90.60000000000001,0.40897755610972536,0.8824940047961626
gwendolyn-morris,HYROX PRO WOMEN,25-29,United States,York,2021,4.0,4.53333333333333,5.15,10.0166666666667,5.45,6.3,5.36666666666667,4.86666666666667,5.73333333333333,5.06666666666667,5.61666666666667,2.08333333333333,5.71666666666667,4.66666666666667,6.16666666666667,5.36666666666667,5.06666666666667,43.20000000000002,42.90000000000004,91.16666666666674,0.35135135135135165,1.589947089947095
rose-o-reilly,HYROX PRO WOMEN,50-54,United States,York,2021,3.93333333333333,4.98333333333333,4.7,10.5833333333333,4.8,7.48333333333333,5.08333333333333,4.53333333333333,5.08333333333333,5.66666666666667,5.23333333333333,3.03333333333333,5.13333333333333,4.51666666666667,5.73333333333333,5.83333333333333,5.73333333333333,39.699999999999974,46.6333333333333,92.06666666666659,0.3139534883720932,1.4142538975501076
heidi-williams,HYROX PRO WOMEN,60-64,United States,York,2021,4.15,4.85,5.03333333333333,5.85,5.43333333333333,6.83333333333333,5.61666666666667,5.65,5.6,5.01666666666667,5.83333333333333,2.85,5.93333333333333,5.2,6.21666666666667,5.85,6.2,43.816666666666656,42.1,92.11666666666665,0.33243967828418264,0.8560975609756101
elise-chretien,HYROX PRO WOMEN,30-34,United States,York,2021,4.53333333333333,4.91666666666667,5.53333333333333,8.93333333333333,5.9,6.73333333333333,6.03333333333333,3.38333333333333,6.2,5.28333333333333,6.13333333333333,3.66666666666667,6.2,4.46666666666667,6.68333333333333,5.9,7.6,47.216666666666654,43.283333333333324,98.09999999999998,0.32169576059850397,1.326732673267327
shannon-schaefer,HYROX PRO WOMEN,25-29,United States,York,2021,4.26666666666667,4.65,5.41666666666667,6.2,6.01666666666667,6.25,6.35,5.28333333333333,6.38333333333333,5.41666666666667,6.48333333333333,2.56666666666667,6.68333333333333,5.38333333333333,7.23333333333333,7.56666666666667,6.26666666666667,48.83333333333333,43.31666666666668,98.41666666666667,0.4101382488479255,0.992
brittany-marriott,HYROX PRO WOMEN,30-34,Canada,York,2021,4.11666666666667,4.53333333333333,5.31666666666667,8.66666666666667,6.51666666666667,7.63333333333333,6.61666666666667,5.36666666666667,8.38333333333333,4.91666666666667,6.25,3.76666666666667,6.48333333333333,4.58333333333333,8.35,7.76666666666667,6.03333333333333,52.03333333333334,47.23333333333334,105.3,0.5089463220675938,1.1353711790393022
kristi-kilhullen,HYROX PRO WOMEN,35-39,United States,York,2021,4.93333333333333,5.03333333333333,6.06666666666667,10.7666666666667,6.81666666666667,10.9333333333333,6.86666666666667,6.95,6.85,5.0,6.73333333333333,4.08333333333333,6.21666666666667,5.78333333333333,7.36666666666667,7.3,7.08333333333333,51.85,55.84999999999999,114.78333333333332,0.3303167420814487,0.9847560975609816
